OG	sample_1B
OG0	371.0
OG1	7.0
OG2	366.0
OG3	13.0
OG4	19.0
OG5	0.0
OG6	0.0
OG7	43.0
OG8	488.0
OG9	3.0
OG10	20.0
OG11	25.0
OG12	9.0
OG13	0.0
OG14	149.0
OG15	87.0
OG16	1.0
OG17	0.0
OG18	16.0
OG19	47.0
OG20	0.0
OG21	147.0
OG22	0.0
OG23	12.0
OG24	8.0
OG25	0.0
OG26	723.0
OG27	35.0
OG28	21.0
OG29	593.0
OG30	155.0
OG31	78.0
OG32	1.0
OG33	4.0
OG34	12.0
OG35	273.0
OG36	949.0
OG37	72.0
OG38	75.0
OG39	550.0
OG40	0.0
OG41	356.0
OG42	3.0
OG43	104.0
OG44	415.0
OG45	0.0
OG46	10.0
OG47	65.0
OG48	216.0
OG49	13.0
OG50	173.0
OG51	5.0
OG52	0.0
OG53	9.0
OG54	0.0
OG55	0.0
OG56	14.0
OG57	19.0
OG58	507.0
OG59	14.0
OG60	14.0
OG61	1.0
OG62	5.0
OG63	0.0
OG64	3.0
OG65	0.0
OG66	0.0
OG67	14.0
OG68	1.0
OG69	8.0
OG70	4.0
OG71	637.0
OG72	0.0
OG73	227.0
OG74	51.0
OG75	341.0
OG76	0.0
OG77	207.0
OG78	4.0
OG79	11.0
OG80	238.0
OG81	82.0
OG82	999.0
OG83	3.0
OG84	21.0
OG85	24.0
OG86	10.0
OG87	6.0
OG88	4.0
OG89	4.0
OG90	225.0
OG91	12.0
OG92	7.0
OG93	13.0
OG94	97.0
OG95	8.0
OG96	3.0
OG97	30.0
OG98	0.0
OG99	112.0
OG100	719.0
OG101	4.0
OG102	236.0
OG103	391.0
OG104	252.0
OG105	3.0
OG106	4.0
OG107	0.0
OG108	0.0
OG109	1.0
OG110	0.0
OG111	8.0
OG112	372.0
OG113	184.0
OG114	4.0
OG115	0.0
OG116	23.0
OG117	0.0
OG118	19.0
OG119	0.0
OG120	74.0
OG121	9.0
OG122	22.0
OG123	30.0
OG124	3807.0
OG125	19.0
OG126	72.0
OG127	19.0
OG128	110.0
OG129	10.0
OG130	182.0
OG131	40.0
OG132	336.0
OG133	473.0
OG134	237.0
OG135	15.0
OG136	9.0
OG137	20.0
OG138	4.0
OG139	6.0
OG140	16.0
OG141	667.0
OG142	241.0
OG143	0.0
OG144	7.0
OG145	76.0
OG146	2.0
OG147	244.0
OG148	1.0
OG149	5.0
OG150	0.0
OG151	2.0
OG152	1.0
OG153	0.0
OG154	4.0
OG155	106.0
OG156	9.0
OG157	6.0
OG158	80.0
OG159	112.0
OG160	1298.0
OG161	12.0
OG162	49.0
OG163	3.0
OG164	0.0
OG165	0.0
OG166	1942.0
OG167	327.0
OG168	13.0
OG169	12.0
OG170	4.0
OG171	195.0
OG172	229.0
OG173	40.0
OG174	4.0
OG175	69.0
OG176	68.0
OG177	0.0
OG178	23.0
OG179	222.0
OG180	0.0
OG181	3781.0
OG182	57.0
OG183	2.0
OG184	957.0
OG185	26634.0
OG186	460.0
OG187	944.0
OG188	0.0
OG189	3405.0
OG190	526.0
OG191	15.0
OG192	1929.0
OG193	0.0
OG194	414.0
OG195	18.0
OG196	20.0
OG197	3.0
OG198	0.0
OG199	1535.0
OG200	372.0
OG201	2.0
OG202	1.0
OG203	83.0
OG204	160.0
OG205	105.0
OG206	213.0
OG207	68.0
OG208	25.0
OG209	278.0
OG210	6.0
OG211	48.0
OG212	23.0
OG213	327.0
OG214	0.0
OG215	28.0
OG216	3.0
OG217	10.0
OG218	1080.0
OG219	4.0
OG220	5.0
OG221	7.0
OG222	152.0
OG223	630.0
OG224	0.0
OG225	227.0
OG226	1927.0
OG227	90.0
OG228	2.0
OG229	2.0
OG230	10.0
OG231	118.0
OG232	22.0
OG233	410.0
OG234	67.0
OG235	540.0
OG236	323.0
OG237	647.0
OG238	199.0
OG239	845.0
OG240	626.0
OG241	71.0
OG242	189.0
OG243	1452.0
OG244	1094.0
OG245	356.0
OG246	606.0
OG247	713.0
OG248	350.0
OG249	31.0
OG250	10.0
OG251	147.0
OG252	174.0
OG253	9.0
OG254	675.0
OG255	2415.0
OG256	913.0
OG257	1314.0
OG258	196.0
OG259	38.0
OG260	68.0
OG261	38.0
OG262	732.0
OG263	112.0
OG264	1113.0
OG265	27.0
OG266	146.0
OG267	95.0
OG268	381.0
OG269	30.0
OG270	76.0
OG271	197.0
OG272	380.0
OG273	262.0
OG274	675.0
OG275	23.0
OG276	1.0
OG277	66.0
OG278	420.0
OG279	48195.0
OG280	887.0
OG281	12.0
OG282	102.0
OG283	96.0
OG284	334.0
OG285	1710.0
OG286	285.0
OG287	2630.0
OG288	178.0
OG289	36.0
OG290	139.0
OG291	41.0
OG292	859.0
OG293	202.0
OG294	12.0
OG295	37.0
OG296	214.0
OG297	8.0
OG298	510.0
OG299	1458.0
OG300	61.0
OG301	144.0
OG302	31.0
OG303	5498.0
OG304	2176.0
OG305	343.0
OG306	5.0
OG307	82.0
OG308	7.0
OG309	25.0
OG310	2.0
OG311	1297.0
OG312	1111.0
OG313	4786.0
OG314	1548.0
OG315	47.0
OG316	80.0
OG317	494.0
OG318	1332.0
OG319	1707.0
OG320	90.0
OG321	40.0
OG322	14.0
OG323	635.0
OG324	182.0
OG325	1173.0
OG326	492.0
OG327	1221.0
OG328	588.0
OG329	2931.0
OG330	427.0
OG331	389.0
OG332	207.0
OG333	1288.0
OG334	663.0
OG335	37.0
OG336	373.0
OG337	222.0
OG338	754.0
OG339	77.0
OG340	3534.0
OG341	1164.0
OG342	594.0
OG343	54.0
OG344	1374.0
OG345	112.0
OG346	30.0
OG347	118.0
OG348	124.0
OG349	7.0
OG350	1735.0
OG351	1589.0
OG352	23.0
OG353	5.0
OG354	144.0
OG355	6761.0
OG356	22.0
OG357	15.0
OG358	173.0
OG359	29.0
OG360	83.0
OG361	731.0
OG362	32.0
OG363	211.0
OG364	923.0
OG365	56.0
OG366	5.0
OG367	498.0
OG368	20.0
OG369	55.0
OG370	310.0
OG371	241.0
OG372	127.0
OG373	2792.0
OG374	704.0
OG375	241.0
OG376	17.0
OG377	585.0
OG378	603.0
OG379	890.0
OG380	459.0
OG381	878.0
OG382	3.0
OG383	108.0
OG384	2041.0
OG385	875.0
OG386	1197.0
OG387	732.0
OG388	217.0
OG389	1387.0
OG390	188.0
OG391	551.0
OG392	1163.0
OG393	743.0
OG394	1143.0
OG395	242.0
OG396	566.0
OG397	878.0
OG398	73.0
OG399	769.0
OG400	356.0
OG401	3674.0
OG402	85.0
OG403	2978.0
OG404	38.0
OG405	250.0
OG406	1629.0
OG407	403.0
OG408	272.0
OG409	1061.0
OG410	706.0
OG411	4415.0
OG412	210.0
OG413	3579.0
OG414	791.0
OG415	991.0
OG416	923.0
OG417	736.0
OG418	670.0
OG419	550.0
OG420	6269.0
OG421	5.0
OG422	519.0
OG423	63.0
OG424	426.0
OG425	907.0
OG426	519.0
OG427	398.0
OG428	3469.0
OG429	12530.0
OG430	1828.0
OG431	493.0
OG432	1137.0
OG433	2555.0
OG434	3041.0
OG435	498.0
OG436	209.0
OG437	338.0
OG438	6407.0
OG439	9.0
OG440	969.0
OG441	1138.0
OG442	122.0
OG443	3625.0
OG444	1619.0
OG445	767.0
OG446	345.0
OG447	2455.0
OG448	2072.0
OG449	517.0
OG450	929.0
OG451	789.0
OG452	741.0
OG453	43.0
OG454	187.0
OG455	178.0
OG456	129.0
OG457	1538.0
OG458	74.0
OG459	1636.0
OG460	113.0
OG461	1955.0
OG462	839.0
OG463	856.0
OG464	75.0
OG465	624.0
OG466	1701.0
OG467	1110.0
OG468	1224.0
OG469	42.0
OG470	15.0
OG471	279.0
OG472	2325.0
OG473	179.0
OG474	111.0
OG475	355.0
OG476	26508.0
OG477	1673.0
OG478	2598.0
OG479	344.0
OG480	1994.0
OG481	3924.0
OG482	2158.0
OG483	1972.0
OG484	48.0
OG485	1320.0
OG486	649.0
OG487	667.0
OG488	153.0
OG489	1791.0
OG490	1584.0
OG491	347.0
OG492	439.0
OG493	23.0
OG494	384.0
OG495	1047.0
OG496	1878.0
OG497	141.0
OG498	1791.0
OG499	3762.0
OG500	185.0
OG501	214.0
OG502	102.0
OG503	1643.0
OG504	823.0
OG505	252.0
OG506	564.0
OG507	28.0
OG508	440.0
OG509	368.0
OG510	383.0
OG511	1420.0
OG512	449.0
OG513	169.0
OG514	104.0
OG515	128.0
OG516	157.0
OG517	9.0
OG518	173.0
OG519	1236.0
OG520	948.0
OG521	1827.0
OG522	919.0
OG523	3152.0
OG524	1512.0
OG525	3091.0
OG526	347.0
OG527	6.0
OG528	1248.0
OG529	45.0
OG530	746.0
OG531	115.0
OG532	1149.0
OG533	693.0
OG534	344.0
OG535	109.0
OG536	1229.0
OG537	1026.0
OG538	898.0
OG539	573.0
OG540	429.0
OG541	1366.0
OG542	586.0
OG543	334.0
OG544	271.0
OG545	1068.0
OG546	919.0
OG547	533.0
OG548	117.0
OG549	118.0
OG550	478.0
OG551	442.0
OG552	45.0
OG553	760.0
OG554	4470.0
OG555	2422.0
OG556	1165.0
OG557	2580.0
OG558	793.0
OG559	17.0
OG560	16.0
OG561	231.0
OG562	378.0
OG563	485.0
OG564	1118.0
OG565	81.0
OG566	795.0
OG567	175.0
OG568	1799.0
OG569	1163.0
OG570	153.0
OG571	810.0
OG572	1149.0
OG573	114.0
OG574	285.0
OG575	510.0
OG576	749.0
OG577	351.0
OG578	197.0
OG579	316.0
OG580	429.0
OG581	755.0
OG582	410.0
OG583	213.0
OG584	759.0
OG585	1348.0
OG586	174.0
OG587	180.0
OG588	124.0
OG589	1140.0
OG590	3296.0
OG591	508.0
OG592	77.0
OG593	2133.0
OG594	277.0
OG595	3005.0
OG596	164.0
OG597	1081.0
OG598	2963.0
OG599	176.0
OG600	14.0
OG601	675.0
OG602	4084.0
OG603	29.0
OG604	3141.0
OG605	1667.0
OG606	133.0
OG607	1592.0
OG608	150.0
OG609	417.0
OG610	5055.0
OG611	1026.0
OG612	537.0
OG613	37.0
OG614	116.0
OG615	99.0
OG616	940.0
OG617	6.0
OG618	205.0
OG619	2374.0
OG620	270.0
OG621	772.0
OG622	861.0
OG623	524.0
OG624	422.0
OG625	652.0
OG626	186.0
OG627	8610.0
OG628	168.0
OG629	596.0
OG630	279.0
OG631	2672.0
OG632	322.0
OG633	462.0
OG634	1328.0
OG635	1637.0
OG636	430.0
OG637	1014.0
OG638	839.0
OG639	525.0
OG640	1914.0
OG641	4334.0
OG642	583.0
OG643	1119.0
OG644	104.0
OG645	844.0
OG646	4278.0
OG647	190.0
OG648	336.0
OG649	40.0
OG650	2289.0
OG651	2375.0
OG652	377.0
OG653	628.0
OG654	423.0
OG655	101.0
OG656	38.0
OG657	1814.0
OG658	382.0
OG659	166.0
OG660	833.0
OG661	665.0
OG662	114.0
OG663	2016.0
OG664	342.0
OG665	213.0
OG666	15.0
OG667	23.0
OG668	7774.0
OG669	944.0
OG670	53.0
OG671	30.0
OG672	109.0
OG673	1592.0
OG674	14.0
OG675	277.0
OG676	1055.0
OG677	101.0
OG678	6716.0
OG679	74.0
OG680	311.0
OG681	1331.0
OG682	2379.0
OG683	883.0
OG684	3300.0
OG685	2566.0
OG686	310.0
OG687	2312.0
OG688	3718.0
OG689	587.0
OG690	1193.0
OG691	134.0
OG692	267.0
OG693	2884.0
OG694	71.0
OG695	42.0
OG696	171.0
OG697	96.0
OG698	235.0
OG699	108.0
OG700	190.0
OG701	271.0
OG702	12727.0
OG703	258.0
OG704	29.0
OG705	9.0
OG706	138.0
OG707	799.0
OG708	121.0
OG709	1583.0
OG710	519.0
OG711	404.0
OG712	733.0
OG713	2064.0
OG714	1713.0
OG715	27.0
OG716	697.0
OG717	3242.0
OG718	983.0
OG719	3880.0
OG720	289.0
OG721	84.0
OG722	933.0
OG723	344.0
OG724	1419.0
OG725	313.0
OG726	1247.0
OG727	233.0
OG728	203.0
OG729	382.0
OG730	636.0
OG731	509.0
OG732	50.0
OG733	143.0
OG734	4032.0
OG735	278.0
OG736	1524.0
OG737	399.0
OG738	1.0
OG739	737.0
OG740	1655.0
OG741	8014.0
OG742	3.0
OG743	185.0
OG744	244.0
OG745	794.0
OG746	2455.0
OG747	874.0
OG748	9.0
OG749	3595.0
OG750	1229.0
OG751	268.0
OG752	129.0
OG753	889.0
OG754	266.0
OG755	1319.0
OG756	885.0
OG757	2918.0
OG758	3424.0
OG759	1328.0
OG760	1103.0
OG761	414.0
OG762	479.0
OG763	159.0
OG764	695.0
OG765	145.0
OG766	28.0
OG767	117.0
OG768	6.0
OG769	762.0
OG770	300.0
OG771	468.0
OG772	678.0
OG773	2171.0
OG774	230.0
OG775	641.0
OG776	396.0
OG777	524.0
OG778	510.0
OG779	39.0
OG780	63.0
OG781	2.0
OG782	244.0
OG783	140.0
OG784	1997.0
OG785	1388.0
OG786	1208.0
OG787	610.0
OG788	969.0
OG789	100.0
OG790	440.0
OG791	11089.0
OG792	72.0
OG793	283.0
OG794	24.0
OG795	0.0
OG796	1274.0
OG797	11.0
OG798	778.0
OG799	6161.0
OG800	637.0
OG801	2459.0
OG802	1408.0
OG803	2.0
OG804	160.0
OG805	47.0
OG806	72.0
OG807	1950.0
OG808	362.0
OG809	594.0
OG810	1220.0
OG811	7783.0
OG812	519.0
OG813	491.0
OG814	72.0
OG815	2119.0
OG816	1446.0
OG817	734.0
OG818	504.0
OG819	1693.0
OG820	608.0
OG821	1595.0
OG822	487.0
OG823	2155.0
OG824	38.0
OG825	5711.0
OG826	258.0
OG827	261.0
OG828	4368.0
OG829	236.0
OG830	43.0
OG831	2266.0
OG832	216.0
OG833	0.0
OG834	349.0
OG835	3890.0
OG836	244.0
OG837	1994.0
OG838	332.0
OG839	0.0
OG840	1076.0
OG841	1168.0
OG842	1210.0
OG843	627.0
OG844	2571.0
OG845	214.0
OG846	37767.0
OG847	236.0
OG848	164.0
OG849	0.0
OG850	16.0
OG851	803.0
OG852	3.0
OG853	0.0
OG854	86.0
OG855	1.0
OG856	58.0
OG857	5.0
OG858	114.0
OG859	410.0
OG860	4.0
OG861	72.0
OG862	867.0
OG863	549.0
OG864	637.0
OG865	2743.0
OG866	4649.0
OG867	650.0
OG868	168.0
OG869	0.0
OG870	205.0
OG871	83.0
OG872	585.0
OG873	305.0
OG874	991.0
OG875	4701.0
OG876	804.0
OG877	2153.0
OG878	1734.0
OG879	11096.0
OG880	37.0
OG881	676.0
OG882	337.0
OG883	10292.0
OG884	537.0
OG885	2085.0
OG886	24.0
OG887	1042.0
OG888	184.0
OG889	455.0
OG890	261.0
OG891	256.0
OG892	686.0
OG893	63.0
OG894	16.0
OG895	2630.0
OG896	86.0
OG897	1131.0
OG898	10120.0
OG899	1067.0
OG900	77.0
OG901	1314.0
OG902	525.0
OG903	142.0
OG904	0.0
OG905	1417.0
OG906	4428.0
OG907	128.0
OG908	1057.0
OG909	429.0
OG910	3625.0
OG911	46.0
OG912	9625.0
OG913	192.0
OG914	3599.0
OG915	8187.0
OG916	646.0
OG917	97969.0
OG918	16.0
OG919	227.0
OG920	60.0
OG921	112.0
OG922	2995.0
OG923	26.0
OG924	5565.0
OG925	117.0
OG926	858.0
OG927	7.0
OG928	0.0
OG929	68.0
OG930	115.0
OG931	484.0
OG932	9.0
OG933	471.0
OG934	13.0
OG935	51.0
OG936	1.0
OG937	3.0
OG938	2.0
OG939	7.0
OG940	0.0
OG941	1.0
OG942	1.0
OG943	112.0
OG944	73.0
OG945	2755.0
OG946	77.0
OG947	159.0
OG948	473.0
OG949	208.0
OG950	31.0
OG951	1699.0
OG952	12.0
OG953	0.0
OG954	101.0
OG955	12.0
OG956	26.0
OG957	98.0
OG958	2.0
OG959	16.0
OG960	2.0
OG961	28.0
OG962	33.0
OG963	13561.0
OG964	1281.0
OG965	5.0
OG966	89.0
OG967	1.0
OG968	7.0
OG969	3.0
OG970	500.0
OG971	1565.0
OG972	25.0
OG973	8481.0
OG974	21.0
OG975	0.0
OG976	0.0
OG977	141.0
OG978	5.0
OG979	0.0
OG980	480.0
OG981	1.0
OG982	0.0
OG983	29.0
OG984	40.0
OG985	0.0
OG986	94.0
OG987	4.0
OG988	0.0
OG989	1639.0
OG990	5.0
OG991	6.0
OG992	478.0
OG993	19.0
OG994	155.0
OG995	304.0
OG996	88.0
OG997	145.0
OG998	819.0
OG999	5.0
OG1000	663.0
OG1001	12809.0
OG1002	195.0
OG1003	18.0
OG1004	1562.0
OG1005	2085.0
OG1006	3816.0
OG1007	936.0
OG1008	946.0
OG1009	1048.0
OG1010	920.0
OG1011	2259.0
OG1012	111.0
OG1013	27903.0
OG1014	115.0
OG1015	596.0
OG1016	1450.0
OG1017	1968.0
OG1018	2334.0
OG1019	122.0
OG1020	3127.0
OG1021	3484.0
OG1022	230.0
OG1023	1906.0
OG1024	6558.0
OG1025	17.0
OG1026	2582.0
OG1027	289.0
OG1028	293.0
OG1029	2.0
OG1030	20.0
OG1031	6.0
OG1032	38.0
OG1033	22.0
OG1034	68.0
OG1035	5970.0
OG1036	118.0
OG1037	1.0
OG1038	45.0
OG1039	305.0
OG1040	986.0
OG1041	13394.0
OG1042	730.0
OG1043	6.0
OG1044	1.0
OG1045	0.0
OG1046	4.0
OG1047	1696.0
OG1048	5.0
OG1049	799.0
OG1050	35.0
OG1051	1.0
OG1052	2.0
OG1053	69.0
OG1054	4808.0
OG1055	264.0
OG1056	692.0
OG1057	33.0
OG1058	0.0
OG1059	678.0
OG1060	2810.0
OG1061	686.0
OG1062	261.0
OG1063	460.0
OG1064	34.0
OG1065	213.0
OG1066	63.0
OG1067	144.0
OG1068	7.0
OG1069	18.0
OG1070	35.0
OG1071	453.0
OG1072	87.0
OG1073	160.0
OG1074	676.0
OG1075	659.0
OG1076	1866.0
OG1077	3173.0
OG1078	173.0
OG1079	116.0
OG1080	1070.0
OG1081	179.0
OG1082	159.0
OG1083	58.0
OG1084	2299.0
OG1085	9.0
OG1086	0.0
OG1087	652.0
OG1088	3044.0
OG1089	102.0
OG1090	23.0
OG1091	3702.0
OG1092	2589.0
OG1093	6870.0
OG1094	566.0
OG1095	120.0
OG1096	1288.0
OG1097	16.0
OG1098	2569.0
OG1099	435.0
OG1100	834.0
OG1101	1037.0
OG1102	576.0
OG1103	6360.0
OG1104	50.0
OG1105	356.0
OG1106	1060.0
OG1107	81.0
OG1108	1089.0
OG1109	1861.0
OG1110	393.0
OG1111	2752.0
OG1112	63.0
OG1113	174.0
OG1114	7627.0
OG1115	273.0
OG1116	46.0
OG1117	577.0
OG1118	467.0
OG1119	18.0
OG1120	477.0
OG1121	349.0
OG1122	27138.0
OG1123	317.0
OG1124	4350.0
OG1125	146.0
OG1126	323.0
OG1127	64.0
OG1128	1641.0
OG1129	44.0
OG1130	4817.0
OG1131	257.0
OG1132	340.0
OG1133	401.0
OG1134	2.0
OG1135	985.0
OG1136	940.0
OG1137	804.0
OG1138	344.0
OG1139	1451.0
OG1140	2306.0
OG1141	3108.0
OG1142	1484.0
OG1143	1727.0
OG1144	780.0
OG1145	752.0
OG1146	104.0
OG1147	19878.0
OG1148	158.0
OG1149	1836.0
OG1150	633.0
OG1151	603.0
OG1152	156.0
OG1153	2371.0
OG1154	250.0
OG1155	106.0
OG1156	851.0
OG1157	376.0
OG1158	286.0
OG1159	322.0
OG1160	2019.0
OG1161	277.0
OG1162	2305.0
OG1163	1598.0
OG1164	47.0
OG1165	4048.0
OG1166	451.0
OG1167	170.0
OG1168	475.0
OG1169	1171.0
OG1170	1549.0
OG1171	918.0
OG1172	479.0
OG1173	1283.0
OG1174	141.0
OG1175	1292.0
OG1176	67.0
OG1177	1229.0
OG1178	5520.0
OG1179	817.0
OG1180	1757.0
OG1181	1482.0
OG1182	1209.0
OG1183	9102.0
OG1184	7767.0
OG1185	3682.0
OG1186	445.0
OG1187	157.0
OG1188	347.0
OG1189	1142.0
OG1190	321.0
OG1191	1287.0
OG1192	8.0
OG1193	2721.0
OG1194	5552.0
OG1195	95.0
OG1196	335.0
OG1197	21.0
OG1198	3199.0
OG1199	1092.0
OG1200	181.0
OG1201	746.0
OG1202	1922.0
OG1203	177.0
OG1204	1787.0
OG1205	869.0
OG1206	15897.0
OG1207	17.0
OG1208	990.0
OG1209	181.0
OG1210	1866.0
OG1211	1246.0
OG1212	460.0
OG1213	21.0
OG1214	665.0
OG1215	3765.0
OG1216	2460.0
OG1217	348.0
OG1218	114.0
OG1219	796.0
OG1220	26.0
OG1221	2086.0
OG1222	2162.0
OG1223	672.0
OG1224	4392.0
OG1225	723.0
OG1226	2092.0
OG1227	1908.0
OG1228	214.0
OG1229	940.0
OG1230	585.0
OG1231	14584.0
OG1232	764.0
OG1233	1224.0
OG1234	137.0
OG1235	2344.0
OG1236	558.0
OG1237	1948.0
OG1238	5198.0
OG1239	2.0
OG1240	4893.0
OG1241	57370.0
OG1242	75.0
OG1243	457.0
OG1244	204.0
OG1245	5849.0
OG1246	34882.0
OG1247	2379.0
OG1248	1281.0
OG1249	154.0
OG1250	808.0
OG1251	352.0
OG1252	5529.0
OG1253	5968.0
OG1254	242.0
OG1255	4543.0
OG1256	12904.0
OG1257	254.0
OG1258	2804.0
OG1259	160.0
OG1260	4665.0
OG1261	8877.0
OG1262	2452.0
OG1263	9703.0
OG1264	2597.0
OG1265	2064.0
OG1266	1793.0
OG1267	4246.0
OG1268	1332.0
OG1269	668.0
OG1270	4493.0
OG1271	2629.0
OG1272	2317.0
OG1273	1011.0
OG1274	23249.0
OG1275	817.0
OG1276	391.0
OG1277	1553.0
OG1278	125.0
OG1279	572.0
OG1280	287.0
OG1281	137.0
OG1282	10998.0
OG1283	7.0
OG1284	942.0
OG1285	13.0
OG1286	27.0
OG1287	1317.0
OG1288	259.0
OG1289	4505.0
OG1290	8171.0
OG1291	1012.0
OG1292	388.0
OG1293	1795.0
OG1294	11.0
OG1295	306.0
OG1296	2040.0
OG1297	931.0
OG1298	44.0
OG1299	1838.0
OG1300	693.0
OG1301	60.0
OG1302	30.0
OG1303	2391.0
OG1304	675.0
OG1305	3363.0
OG1306	5970.0
OG1307	3723.0
OG1308	546.0
OG1309	239.0
OG1310	3039.0
OG1311	3033.0
OG1312	486.0
OG1313	2265.0
OG1314	133.0
OG1315	890.0
OG1316	322.0
OG1317	315.0
OG1318	967.0
OG1319	335.0
OG1320	7634.0
OG1321	1026.0
OG1322	2392.0
OG1323	518.0
OG1324	346.0
OG1325	119.0
OG1326	170.0
OG1327	4454.0
OG1328	57.0
OG1329	849.0
OG1330	841.0
OG1331	2501.0
OG1332	1190.0
OG1333	26622.0
OG1334	1878.0
OG1335	1990.0
OG1336	6194.0
OG1337	6461.0
OG1338	823.0
OG1339	2387.0
OG1340	78.0
OG1341	10349.0
OG1342	9646.0
OG1343	12205.0
OG1344	22156.0
OG1345	2903.0
OG1346	234.0
OG1347	1002.0
OG1348	11604.0
OG1349	15511.0
OG1350	2869.0
OG1351	160.0
OG1352	7533.0
OG1353	365.0
OG1354	973.0
OG1355	142.0
OG1356	3836.0
OG1357	55113.0
OG1358	1703.0
OG1359	1685.0
OG1360	6918.0
OG1361	148.0
OG1362	3935.0
OG1363	1199.0
OG1364	5346.0
OG1365	2955.0
OG1366	473.0
OG1367	203.0
OG1368	27.0
OG1369	1167.0
OG1370	18818.0
OG1371	24887.0
OG1372	11094.0
OG1373	13773.0
OG1374	59886.0
OG1375	55.0
OG1376	170.0
OG1377	17327.0
OG1378	9986.0
OG1379	3949.0
OG1380	1196.0
OG1381	2.0
OG1382	15.0
OG1383	490.0
OG1384	875.0
OG1385	8747.0
OG1386	18588.0
OG1387	2478.0
OG1388	1343.0
OG1389	1180.0
OG1390	7508.0
OG1391	224.0
OG1392	407.0
OG1393	2598.0
OG1394	6650.0
OG1395	4265.0
OG1396	977.0
OG1397	1226.0
OG1398	2144.0
OG1399	1249.0
OG1400	1601.0
OG1401	4169.0
OG1402	626.0
OG1403	4355.0
OG1404	6622.0
OG1405	16302.0
OG1406	4671.0
OG1407	11424.0
OG1408	11470.0
OG1409	15108.0
OG1410	2104.0
OG1411	3677.0
OG1412	2098.0
OG1413	436.0
OG1414	6885.0
OG1415	359.0
OG1416	2380.0
OG1417	3511.0
OG1418	1341.0
OG1419	307.0
OG1420	8158.0
OG1421	2797.0
OG1422	196.0
OG1423	3585.0
OG1424	4085.0
OG1425	10734.0
OG1426	6095.0
OG1427	2539.0
OG1428	4854.0
OG1429	1219.0
OG1430	3034.0
OG1431	3496.0
OG1432	894.0
OG1433	2389.0
OG1434	423.0
OG1435	815.0
OG1436	906.0
OG1437	7944.0
OG1438	46.0
OG1439	299.0
OG1440	1747.0
OG1441	18161.0
OG1442	17665.0
OG1443	45.0
OG1444	2088.0
OG1445	1866.0
OG1446	1526.0
OG1447	5837.0
OG1448	76.0
OG1449	652.0
OG1450	46.0
OG1451	3202.0
OG1452	1012.0
OG1453	1005.0
OG1454	1011.0
OG1455	982.0
OG1456	345.0
OG1457	687.0
OG1458	4528.0
OG1459	894.0
OG1460	2443.0
OG1461	1248.0
OG1462	3552.0
OG1463	3769.0
OG1464	446.0
OG1465	13818.0
OG1466	5252.0
OG1467	715.0
OG1468	820.0
OG1469	1152.0
OG1470	21813.0
OG1471	1463.0
OG1472	117.0
OG1473	403.0
OG1474	708.0
OG1475	1026.0
OG1476	22657.0
OG1477	1034.0
OG1478	875.0
OG1479	7583.0
OG1480	1735.0
OG1481	1360.0
OG1482	1376.0
OG1483	1037.0
OG1484	2248.0
OG1485	1279.0
OG1486	8231.0
OG1487	4406.0
OG1488	8486.0
OG1489	4799.0
OG1490	7579.0
OG1491	560.0
OG1492	19897.0
OG1493	876.0
OG1494	2050.0
OG1495	20.0
OG1496	132.0
OG1497	3056.0
OG1498	2241.0
OG1499	489.0
OG1500	3324.0
OG1501	18.0
OG1502	712.0
OG1503	26839.0
OG1504	1121.0
OG1505	4512.0
OG1506	1482.0
OG1507	60159.0
OG1508	2080.0
OG1509	5292.0
OG1510	127.0
OG1511	625.0
OG1512	139.0
OG1513	431.0
OG1514	491.0
OG1515	902.0
OG1516	1756.0
OG1517	920.0
OG1518	4591.0
OG1519	1762.0
OG1520	2190.0
OG1521	4766.0
OG1522	2948.0
OG1523	6564.0
OG1524	6748.0
OG1525	1832.0
OG1526	237.0
OG1527	414.0
OG1528	5823.0
OG1529	1744.0
OG1530	4616.0
OG1531	1682.0
OG1532	5351.0
OG1533	2081.0
OG1534	2336.0
OG1535	280.0
OG1536	5511.0
OG1537	3142.0
OG1538	1089.0
OG1539	2998.0
OG1540	6139.0
OG1541	976.0
OG1542	860.0
OG1543	714.0
OG1544	676.0
OG1545	2187.0
OG1546	1322.0
OG1547	124.0
OG1548	441.0
OG1549	307.0
OG1550	7428.0
OG1551	3659.0
OG1552	6758.0
OG1553	1.0
OG1554	2263.0
OG1555	15996.0
OG1556	397.0
OG1557	16833.0
OG1558	501.0
OG1559	457.0
OG1560	495.0
OG1561	1973.0
OG1562	1581.0
OG1563	20653.0
OG1564	815.0
OG1565	2252.0
OG1566	734.0
OG1567	1762.0
OG1568	8109.0
OG1569	3609.0
OG1570	45.0
OG1571	28.0
OG1572	1690.0
OG1573	1650.0
OG1574	1844.0
OG1575	114.0
OG1576	1187.0
OG1577	649.0
OG1578	188.0
OG1579	437.0
OG1580	452.0
OG1581	5621.0
OG1582	4314.0
OG1583	7569.0
OG1584	145.0
OG1585	5562.0
OG1586	4150.0
OG1587	502.0
OG1588	840.0
OG1589	66.0
OG1590	589.0
OG1591	2246.0
OG1592	3974.0
OG1593	2355.0
OG1594	321.0
OG1595	772.0
OG1596	248.0
OG1597	2213.0
OG1598	745.0
OG1599	911.0
OG1600	1320.0
OG1601	64.0
OG1602	36209.0
OG1603	887.0
OG1604	3117.0
OG1605	516.0
OG1606	80.0
OG1607	705.0
OG1608	104.0
OG1609	3827.0
OG1610	7126.0
OG1611	718.0
OG1612	1206.0
OG1613	2735.0
OG1614	4969.0
OG1615	2405.0
OG1616	1388.0
OG1617	286.0
OG1618	258.0
OG1619	6198.0
OG1620	82.0
OG1621	530.0
OG1622	2076.0
OG1623	509.0
OG1624	59652.0
OG1625	605.0
OG1626	5514.0
OG1627	2293.0
OG1628	2858.0
OG1629	7126.0
OG1630	1072.0
OG1631	1441.0
OG1632	1298.0
OG1633	4001.0
OG1634	1266.0
OG1635	3812.0
OG1636	17024.0
OG1637	36990.0
OG1638	91328.0
OG1639	12311.0
OG1640	3056.0
OG1641	2893.0
OG1642	2700.0
OG1643	1289.0
OG1644	2444.0
OG1645	768.0
OG1646	521.0
OG1647	4444.0
OG1648	524.0
OG1649	1209.0
OG1650	160.0
OG1651	5417.0
OG1652	1583.0
OG1653	6820.0
OG1654	272.0
OG1655	31.0
OG1656	17427.0
OG1657	9707.0
OG1658	18722.0
OG1659	53.0
OG1660	660.0
OG1661	2392.0
OG1662	38.0
OG1663	2901.0
OG1664	2394.0
OG1665	2846.0
OG1666	5743.0
OG1667	714.0
OG1668	704.0
OG1669	3506.0
OG1670	5935.0
OG1671	99.0
OG1672	1413.0
OG1673	1244.0
OG1674	1054.0
OG1675	2405.0
OG1676	8479.0
OG1677	758.0
OG1678	3250.0
OG1679	1475.0
OG1680	15809.0
OG1681	1552.0
OG1682	151.0
OG1683	32288.0
OG1684	399.0
OG1685	9524.0
OG1686	1617.0
OG1687	3042.0
OG1688	9373.0
OG1689	630.0
OG1690	208.0
OG1691	1862.0
OG1692	21.0
OG1693	5944.0
OG1694	26414.0
OG1695	2070.0
OG1696	88.0
OG1697	2254.0
OG1698	566.0
OG1699	4267.0
OG1700	1273.0
OG1701	24.0
OG1702	214.0
OG1703	12340.0
OG1704	856.0
OG1705	609.0
OG1706	2018.0
OG1707	103.0
OG1708	575.0
OG1709	7915.0
OG1710	946.0
OG1711	48268.0
OG1712	5566.0
OG1713	9310.0
OG1714	1780.0
OG1715	2356.0
OG1716	98.0
OG1717	650.0
OG1718	37.0
OG1719	958.0
OG1720	2029.0
OG1721	1573.0
OG1722	168.0
OG1723	412.0
OG1724	1299.0
OG1725	1208.0
OG1726	179.0
OG1727	37.0
OG1728	15.0
OG1729	13.0
OG1730	16.0
OG1731	73.0
OG1732	765.0
OG1733	176.0
OG1734	314.0
OG1735	60.0
OG1736	8.0
OG1737	492.0
OG1738	1027.0
OG1739	55.0
OG1740	2199.0
OG1741	357.0
OG1742	108.0
OG1743	1154.0
OG1744	5061.0
OG1745	1766.0
OG1746	279.0
OG1747	8.0
OG1748	164.0
OG1749	4741.0
OG1750	597.0
OG1751	53.0
OG1752	5.0
OG1753	141.0
OG1754	11326.0
OG1755	592.0
OG1756	652.0
OG1757	3292.0
OG1758	17.0
OG1759	576.0
OG1760	3847.0
OG1761	2277.0
OG1762	89.0
OG1763	15.0
OG1764	26.0
OG1765	12.0
OG1766	24.0
OG1767	1.0
OG1768	53.0
OG1769	1926.0
OG1770	46.0
OG1771	33.0
OG1772	65.0
OG1773	180.0
OG1774	7.0
OG1775	45.0
OG1776	0.0
OG1777	302.0
OG1778	56.0
OG1779	270.0
OG1780	2.0
OG1781	3186.0
OG1782	0.0
OG1783	0.0
OG1784	1.0
OG1785	1.0
OG1786	1.0
OG1787	6.0
OG1788	1.0
OG1789	6262.0
OG1790	1.0
OG1791	0.0
OG1792	4.0
OG1793	2.0
OG1794	3.0
OG1795	575.0
OG1796	0.0
OG1797	0.0
OG1798	1419.0
OG1799	2003.0
OG1800	222.0
OG1801	16641.0
OG1802	6046.0
OG1803	318.0
OG1804	27.0
OG1805	1030.0
OG1806	0.0
OG1807	1043.0
OG1808	7.0
OG1809	278.0
OG1810	144.0
OG1811	258.0
OG1812	8.0
OG1813	0.0
OG1814	6.0
OG1815	13.0
OG1816	32.0
OG1817	281.0
OG1818	138.0
OG1819	385.0
OG1820	85.0
OG1821	473.0
OG1822	16.0
OG1823	64.0
OG1824	3.0
OG1825	76.0
OG1826	83.0
OG1827	3.0
OG1828	24.0
OG1829	16.0
OG1830	23.0
OG1831	36.0
OG1832	3.0
OG1833	3.0
OG1834	1.0
OG1835	4.0
OG1836	3.0
OG1837	17.0
OG1838	23.0
OG1839	0.0
OG1840	1.0
OG1841	5.0
OG1842	11.0
OG1843	17.0
OG1844	12.0
OG1845	0.0
OG1846	165.0
OG1847	620.0
OG1848	685.0
OG1849	96.0
OG1850	28.0
OG1851	12.0
OG1852	89.0
OG1853	6.0
OG1854	4.0
OG1855	4.0
OG1856	26.0
OG1857	0.0
OG1858	4.0
OG1859	87.0
OG1860	194.0
OG1861	162.0
OG1862	13.0
OG1863	11.0
OG1864	20.0
OG1865	5.0
OG1866	7.0
OG1867	5737.0
OG1868	70.0
OG1869	0.0
OG1870	0.0
OG1871	1.0
OG1872	16.0
OG1873	0.0
OG1874	153.0
OG1875	143.0
OG1876	1.0
OG1877	10027.0
OG1878	1.0
OG1879	8512.0
OG1880	32233.0
OG1881	71.0
OG1882	0.0
OG1883	0.0
OG1884	96.0
OG1885	328.0
OG1886	400.0
OG1887	1.0
OG1888	0.0
OG1889	13.0
OG1890	12.0
OG1891	24.0
OG1892	472.0
OG1893	5.0
OG1894	5.0
OG1895	5.0
OG1896	6.0
OG1897	9.0
OG1898	3.0
OG1899	22.0
OG1900	127.0
OG1901	3017.0
OG1902	93.0
OG1903	64.0
OG1904	1966.0
OG1905	135.0
OG1906	0.0
OG1907	0.0
OG1908	0.0
OG1909	2.0
OG1910	0.0
OG1911	34.0
OG1912	0.0
OG1913	25.0
OG1914	8.0
OG1915	84.0
OG1916	2027.0
OG1917	7.0
OG1918	6.0
OG1919	142.0
OG1920	413.0
OG1921	38.0
OG1922	38.0
OG1923	12.0
OG1924	281.0
OG1925	10.0
OG1926	0.0
OG1927	3.0
OG1928	1.0
OG1929	127.0
OG1930	0.0
OG1931	11.0
OG1932	6.0
OG1933	4.0
OG1934	0.0
OG1935	22.0
OG1936	285.0
OG1937	1.0
OG1938	11.0
OG1939	474.0
OG1940	7.0
OG1941	92.0
OG1942	0.0
OG1943	0.0
OG1944	0.0
OG1945	1.0
OG1946	0.0
OG1947	0.0
OG1948	0.0
OG1949	0.0
OG1950	0.0
OG1951	0.0
OG1952	0.0
OG1953	0.0
OG1954	1.0
OG1955	37.0
OG1956	0.0
OG1957	65.0
OG1958	3.0
OG1959	0.0
OG1960	4.0
OG1961	2.0
OG1962	18.0
OG1963	0.0
OG1964	16.0
OG1965	0.0
OG1966	26.0
OG1967	0.0
OG1968	0.0
OG1969	0.0
OG1970	1010.0
OG1971	1.0
OG1972	2.0
OG1973	3.0
OG1974	12.0
OG1975	274.0
OG1976	364.0
OG1977	0.0
OG1978	2.0
OG1979	1.0
OG1980	1.0
OG1981	253.0
OG1982	226.0
OG1983	8.0
OG1984	66.0
OG1985	532.0
OG1986	460.0
OG1987	0.0
OG1988	242.0
OG1989	3.0
OG1990	0.0
OG1991	3998.0
OG1992	0.0
OG1993	0.0
OG1994	3.0
OG1995	0.0
OG1996	0.0
OG1997	0.0
OG1998	2.0
OG1999	2.0
OG2000	73.0
OG2001	13.0
OG2002	6.0
OG2003	0.0
OG2004	0.0
OG2005	0.0
OG2006	0.0
OG2007	0.0
OG2008	485.0
OG2009	2.0
OG2010	11.0
OG2011	0.0
OG2012	6.0
OG2013	9330.0
OG2014	48.0
OG2015	4.0
OG2016	0.0
OG2017	992.0
OG2018	170.0
OG2019	0.0
OG2020	1735.0
OG2021	12666.0
OG2022	6437.0
OG2023	1974.0
OG2024	1639.0
OG2025	0.0
OG2026	0.0
OG2027	1.0
OG2028	32.0
OG2029	10786.0
OG2030	12787.0
OG2031	16.0
OG2032	2.0
OG2033	152.0
OG2034	11606.0
OG2035	0.0
OG2036	235.0
OG2037	1032.0
OG2038	264.0
OG2039	1989.0
OG2040	15.0
OG2041	5.0
OG2042	224.0
OG2043	2.0
OG2044	0.0
OG2045	0.0
OG2046	4.0
OG2047	3.0
OG2048	2041.0
OG2049	0.0
OG2050	198.0
OG2051	324.0
OG2052	1.0
OG2053	82.0
OG2054	1527.0
OG2055	51.0
OG2056	5.0
OG2057	1.0
OG2058	0.0
OG2059	58.0
OG2060	76.0
OG2061	0.0
OG2062	2413.0
OG2063	6640.0
OG2064	3265.0
OG2065	7361.0
OG2066	7720.0
OG2067	682.0
OG2068	62.0
OG2069	1207.0
OG2070	259.0
OG2071	450.0
OG2072	0.0
OG2073	502.0
OG2074	1.0
OG2075	835.0
OG2076	6.0
OG2077	1.0
OG2078	79.0
OG2079	9.0
OG2080	5.0
OG2081	0.0
OG2082	198.0
OG2083	38.0
OG2084	97.0
OG2085	2601.0
OG2086	6.0
OG2087	361.0
OG2088	15.0
OG2089	5.0
OG2090	56386.0
OG2091	3.0
OG2092	137204.0
OG2093	409.0
OG2094	14.0
OG2095	4055.0
OG2096	4442.0
OG2097	90080.0
OG2098	43251.0
OG2099	563.0
OG2100	883.0
OG2101	405.0
OG2102	10.0
OG2103	25127.0
OG2104	542.0
OG2105	680.0
OG2106	22.0
OG2107	119.0
OG2108	58.0
OG2109	74.0
OG2110	141.0
OG2111	16.0
OG2112	30.0
OG2113	212450.0
OG2114	2.0
OG2115	15.0
OG2116	1.0
OG2117	10.0
OG2118	216.0
OG2119	83.0
OG2120	362.0
OG2121	21.0
OG2122	40.0
OG2123	88.0
OG2124	11.0
OG2125	20.0
OG2126	88.0
OG2127	1.0
OG2128	0.0
OG2129	85.0
OG2130	0.0
OG2131	4.0
OG2132	37.0
OG2133	0.0
OG2134	0.0
OG2135	0.0
OG2136	0.0
OG2137	0.0
OG2138	0.0
OG2139	0.0
OG2140	0.0
OG2141	0.0
OG2142	0.0
OG2143	0.0
OG2144	0.0
OG2145	0.0
OG2146	0.0
OG2147	0.0
OG2148	0.0
OG2149	1.0
OG2150	76.0
OG2151	3.0
OG2152	0.0
OG2153	78.0
OG2154	0.0
OG2155	3.0
OG2156	194.0
OG2157	58.0
OG2158	2.0
OG2159	71.0
OG2160	151.0
OG2161	149.0
OG2162	434.0
OG2163	468.0
OG2164	60.0
OG2165	1.0
OG2166	2.0
OG2167	0.0
OG2168	124.0
OG2169	1.0
OG2170	115.0
OG2171	958.0
OG2172	4.0
OG2173	83.0
OG2174	7827.0
OG2175	136.0
OG2176	763.0
OG2177	3.0
OG2178	29.0
OG2179	0.0
OG2180	0.0
OG2181	0.0
OG2182	0.0
OG2183	2.0
OG2184	1.0
OG2185	0.0
OG2186	3.0
OG2187	2.0
OG2188	5.0
OG2189	48.0
OG2190	1.0
OG2191	9.0
OG2192	60.0
OG2193	0.0
OG2194	32.0
OG2195	32.0
OG2196	37.0
OG2197	16.0
OG2198	16.0
OG2199	0.0
OG2200	0.0
OG2201	0.0
OG2202	0.0
OG2203	20.0
OG2204	0.0
OG2205	2.0
OG2206	1.0
OG2207	14.0
OG2208	1.0
OG2209	3944.0
OG2210	0.0
OG2211	0.0
OG2212	0.0
OG2213	42.0
OG2214	0.0
OG2215	186.0
OG2216	4.0
OG2217	63.0
OG2218	41.0
OG2219	371.0
OG2220	172.0
OG2221	0.0
OG2222	0.0
OG2223	2.0
OG2224	0.0
OG2225	7.0
OG2226	1.0
OG2227	49.0
OG2228	1.0
OG2229	0.0
OG2230	0.0
OG2231	20.0
OG2232	834.0
OG2233	0.0
OG2234	0.0
OG2235	0.0
OG2236	27.0
OG2237	0.0
OG2238	2.0
OG2239	0.0
OG2240	0.0
OG2241	0.0
OG2242	0.0
OG2243	88.0
OG2244	1690.0
OG2245	2831.0
OG2246	1237.0
OG2247	51.0
OG2248	37.0
OG2249	3.0
OG2250	75.0
OG2251	11.0
OG2252	59.0
OG2253	12.0
OG2254	3.0
OG2255	143.0
OG2256	3.0
OG2257	0.0
OG2258	27.0
OG2259	1.0
OG2260	3.0
OG2261	0.0
OG2262	1.0
OG2263	92.0
OG2264	0.0
OG2265	8.0
OG2266	728.0
OG2267	35.0
OG2268	14.0
OG2269	10.0
OG2270	0.0
OG2271	5.0
OG2272	0.0
OG2273	0.0
OG2274	45.0
OG2275	1.0
OG2276	8.0
OG2277	41.0
OG2278	0.0
OG2279	5.0
OG2280	0.0
OG2281	0.0
OG2282	0.0
OG2283	20.0
OG2284	248.0
OG2285	87.0
OG2286	3.0
OG2287	0.0
OG2288	3.0
OG2289	8.0
OG2290	4.0
OG2291	5.0
OG2292	22.0
OG2293	64.0
OG2294	8.0
OG2295	100.0
OG2296	35.0
OG2297	227.0
OG2298	18.0
OG2299	0.0
OG2300	0.0
OG2301	16.0
OG2302	23.0
OG2303	3.0
OG2304	12.0
OG2305	101.0
OG2306	3.0
OG2307	16.0
OG2308	0.0
OG2309	0.0
OG2310	0.0
OG2311	4.0
OG2312	1.0
OG2313	0.0
OG2314	9.0
OG2315	39.0
OG2316	0.0
OG2317	90.0
OG2318	1.0
OG2319	5.0
OG2320	27.0
OG2321	18.0
OG2322	6.0
OG2323	2430.0
OG2324	0.0
OG2325	357.0
OG2326	59.0
OG2327	9.0
OG2328	68.0
OG2329	276.0
OG2330	66.0
OG2331	0.0
OG2332	3.0
OG2333	52.0
OG2334	20.0
OG2335	0.0
OG2336	34.0
OG2337	2.0
OG2338	5263.0
OG2339	6.0
OG2340	8.0
OG2341	2.0
OG2342	34.0
OG2343	39.0
OG2344	28.0
OG2345	122.0
OG2346	41.0
OG2347	107.0
OG2348	546.0
OG2349	2018.0
OG2350	0.0
OG2351	30.0
OG2352	12.0
OG2353	3.0
OG2354	32.0
OG2355	105.0
OG2356	165.0
OG2357	392.0
OG2358	0.0
OG2359	0.0
OG2360	1.0
OG2361	18.0
OG2362	48.0
OG2363	238.0
OG2364	664.0
OG2365	210.0
OG2366	88.0
OG2367	1802.0
OG2368	1396.0
OG2369	136.0
OG2370	213.0
OG2371	32.0
OG2372	17.0
OG2373	71.0
OG2374	8.0
OG2375	354.0
OG2376	0.0
OG2377	6.0
OG2378	29.0
OG2379	22.0
OG2380	0.0
OG2381	52.0
OG2382	6.0
OG2383	101.0
OG2384	16.0
OG2385	62.0
OG2386	3.0
OG2387	11.0
OG2388	5.0
OG2389	17.0
OG2390	25.0
OG2391	6.0
OG2392	9.0
OG2393	7.0
OG2394	2.0
OG2395	2.0
OG2396	15.0
OG2397	0.0
OG2398	0.0
OG2399	2.0
OG2400	13.0
OG2401	2.0
OG2402	1698.0
OG2403	2.0
OG2404	15.0
OG2405	29.0
OG2406	1309.0
OG2407	80.0
OG2408	46.0
OG2409	77.0
OG2410	4.0
OG2411	6.0
OG2412	7.0
OG2413	199.0
OG2414	0.0
OG2415	1.0
OG2416	4.0
OG2417	106.0
OG2418	1.0
OG2419	0.0
OG2420	580.0
OG2421	249.0
OG2422	8.0
OG2423	2.0
OG2424	0.0
OG2425	8.0
OG2426	5.0
OG2427	51.0
OG2428	0.0
OG2429	4.0
OG2430	8.0
OG2431	8.0
OG2432	4.0
OG2433	350.0
OG2434	46.0
OG2435	1.0
OG2436	210.0
OG2437	84.0
OG2438	0.0
OG2439	6.0
OG2440	25.0
OG2441	1.0
OG2442	128.0
OG2443	35.0
OG2444	153.0
OG2445	3.0
OG2446	54.0
OG2447	37.0
OG2448	446.0
OG2449	56.0
OG2450	123.0
OG2451	523.0
OG2452	1676.0
OG2453	66.0
OG2454	2298.0
OG2455	462.0
OG2456	197.0
OG2457	72.0
OG2458	36.0
OG2459	77.0
OG2460	23.0
OG2461	5697.0
OG2462	14.0
OG2463	113.0
OG2464	113.0
OG2465	30.0
OG2466	108.0
OG2467	15.0
OG2468	112.0
OG2469	6.0
OG2470	40.0
OG2471	54.0
OG2472	2.0
OG2473	38.0
OG2474	351.0
OG2475	35.0
OG2476	180.0
OG2477	122.0
OG2478	4.0
OG2479	22.0
OG2480	823.0
OG2481	218.0
OG2482	0.0
OG2483	16.0
OG2484	0.0
OG2485	1.0
OG2486	3.0
OG2487	4.0
OG2488	4.0
OG2489	8.0
OG2490	289.0
OG2491	0.0
OG2492	66.0
OG2493	336.0
OG2494	1.0
OG2495	592.0
OG2496	122.0
OG2497	193.0
OG2498	0.0
OG2499	0.0
OG2500	0.0
OG2501	0.0
OG2502	4.0
OG2503	15151.0
OG2504	24.0
OG2505	5.0
OG2506	16.0
OG2507	0.0
OG2508	327.0
OG2509	3.0
OG2510	0.0
OG2511	0.0
OG2512	16.0
OG2513	0.0
OG2514	0.0
OG2515	143.0
OG2516	7.0
OG2517	223.0
OG2518	51.0
OG2519	0.0
OG2520	182.0
OG2521	241.0
OG2522	10.0
OG2523	10.0
OG2524	110.0
OG2525	1.0
OG2526	21.0
OG2527	5.0
OG2528	70.0
OG2529	0.0
OG2530	2.0
OG2531	0.0
OG2532	0.0
OG2533	0.0
OG2534	0.0
OG2535	1.0
OG2536	0.0
OG2537	0.0
OG2538	0.0
OG2539	1.0
OG2540	20.0
OG2541	0.0
OG2542	9.0
OG2543	0.0
OG2544	27.0
OG2545	0.0
OG2546	0.0
OG2547	897.0
OG2548	518.0
OG2549	0.0
OG2550	10.0
OG2551	34.0
OG2552	140.0
OG2553	0.0
OG2554	360.0
OG2555	15.0
OG2556	1007.0
OG2557	0.0
OG2558	16.0
OG2559	75.0
OG2560	50.0
OG2561	2.0
OG2562	157.0
OG2563	246.0
OG2564	36.0
OG2565	11.0
OG2566	0.0
OG2567	0.0
OG2568	1774.0
OG2569	0.0
OG2570	3.0
OG2571	127.0
OG2572	22.0
OG2573	35.0
OG2574	1.0
OG2575	0.0
OG2576	126.0
OG2577	55.0
OG2578	2019.0
OG2579	87.0
OG2580	12.0
OG2581	9.0
OG2582	21.0
OG2583	10.0
OG2584	7.0
OG2585	7.0
OG2586	0.0
OG2587	0.0
OG2588	0.0
OG2589	0.0
OG2590	1.0
OG2591	0.0
OG2592	0.0
OG2593	0.0
OG2594	0.0
OG2595	0.0
OG2596	0.0
OG2597	0.0
OG2598	0.0
OG2599	0.0
OG2600	0.0
OG2601	3.0
OG2602	137.0
OG2603	172.0
OG2604	29.0
OG2605	0.0
OG2606	17.0
OG2607	1.0
OG2608	64.0
OG2609	783.0
OG2610	370.0
OG2611	0.0
OG2612	11.0
OG2613	15.0
OG2614	1.0
OG2615	0.0
OG2616	0.0
OG2617	4.0
OG2618	3.0
OG2619	0.0
OG2620	0.0
OG2621	0.0
OG2622	0.0
OG2623	5.0
OG2624	0.0
OG2625	14.0
OG2626	1.0
OG2627	0.0
OG2628	1.0
OG2629	0.0
OG2630	2.0
OG2631	0.0
OG2632	0.0
OG2633	0.0
OG2634	0.0
OG2635	0.0
OG2636	0.0
OG2637	0.0
OG2638	0.0
OG2639	0.0
OG2640	0.0
OG2641	2.0
OG2642	0.0
OG2643	21.0
OG2644	0.0
OG2645	0.0
OG2646	0.0
OG2647	0.0
OG2648	0.0
OG2649	15.0
OG2650	10.0
OG2651	12.0
OG2652	0.0
OG2653	0.0
OG2654	0.0
OG2655	25.0
OG2656	7.0
OG2657	12.0
OG2658	5.0
OG2659	0.0
OG2660	0.0
OG2661	0.0
OG2662	0.0
OG2663	0.0
OG2664	23.0
OG2665	1.0
OG2666	0.0
OG2667	0.0
OG2668	38.0
OG2669	76.0
OG2670	1.0
OG2671	1324.0
OG2672	1509.0
OG2673	3.0
OG2674	30.0
OG2675	0.0
OG2676	0.0
OG2677	10841.0
OG2678	1.0
OG2679	9.0
OG2680	1.0
OG2681	0.0
OG2682	2.0
OG2683	60.0
OG2684	0.0
OG2685	0.0
OG2686	1.0
OG2687	0.0
OG2688	0.0
OG2689	0.0
OG2690	0.0
OG2691	19.0
OG2692	33.0
OG2693	0.0
OG2694	0.0
OG2695	0.0
OG2696	2.0
OG2697	376.0
OG2698	2.0
OG2699	675.0
OG2700	8113.0
OG2701	34.0
OG2702	0.0
OG2703	81.0
OG2704	201.0
OG2705	282.0
OG2706	1.0
OG2707	3.0
OG2708	1490.0
OG2709	1.0
OG2710	1147.0
OG2711	1321.0
OG2712	941.0
OG2713	0.0
OG2714	3.0
OG2715	0.0
OG2716	41.0
OG2717	7.0
OG2718	1.0
OG2719	2.0
OG2720	3.0
OG2721	4.0
OG2722	12.0
OG2723	2.0
OG2724	4.0
OG2725	1.0
OG2726	2.0
OG2727	6.0
OG2728	2.0
OG2729	0.0
OG2730	3192.0
OG2731	1983.0
OG2732	4.0
OG2733	198.0
OG2734	1.0
OG2735	176.0
OG2736	1.0
OG2737	0.0
OG2738	0.0
OG2739	21.0
OG2740	0.0
OG2741	0.0
OG2742	0.0
OG2743	662.0
OG2744	860.0
OG2745	82.0
OG2746	4313.0
OG2747	396.0
OG2748	207.0
OG2749	3566.0
OG2750	5873.0
OG2751	2794.0
OG2752	802.0
OG2753	1466.0
OG2754	611.0
OG2755	5679.0
OG2756	263.0
OG2757	41763.0
OG2758	2477.0
OG2759	56.0
OG2760	454.0
OG2761	986.0
OG2762	307.0
OG2763	65.0
OG2764	24.0
OG2765	100.0
OG2766	274.0
OG2767	726.0
OG2768	1453.0
OG2769	18981.0
OG2770	8603.0
OG2771	18697.0
OG2772	19585.0
OG2773	30708.0
OG2774	42351.0
OG2775	71911.0
OG2776	0.0
OG2777	8942.0
OG2778	291.0
OG2779	2.0
OG2780	8.0
OG2781	0.0
OG2782	14043.0
OG2783	90.0
OG2784	691.0
OG2785	1.0
OG2786	265.0
OG2787	1679.0
OG2788	3707.0
OG2789	1666.0
OG2790	2340.0
OG2791	1942.0
OG2792	240.0
OG2793	1144.0
OG2794	119.0
OG2795	121.0
OG2796	0.0
OG2797	394.0
OG2798	17.0
OG2799	109.0
OG2800	5.0
OG2801	218.0
OG2802	2.0
OG2803	0.0
OG2804	673.0
OG2805	0.0
OG2806	1.0
OG2807	4.0
OG2808	23.0
OG2809	128.0
OG2810	331.0
OG2811	1.0
OG2812	137.0
OG2813	9.0
OG2814	3.0
OG2815	11.0
OG2816	7.0
OG2817	0.0
OG2818	672.0
OG2819	0.0
OG2820	0.0
OG2821	6679.0
OG2822	13.0
OG2823	10.0
OG2824	15.0
OG2825	104.0
OG2826	0.0
OG2827	1.0
OG2828	5.0
OG2829	221.0
OG2830	6.0
OG2831	106.0
OG2832	147.0
OG2833	87.0
OG2834	29.0
OG2835	46.0
OG2836	4.0
OG2837	2.0
OG2838	26588.0
OG2839	2617.0
OG2840	4.0
OG2841	0.0
OG2842	25.0
OG2843	38.0
OG2844	0.0
OG2845	6.0
OG2846	17.0
OG2847	1.0
OG2848	4.0
OG2849	651.0
OG2850	223.0
OG2851	446.0
OG2852	670.0
OG2853	109.0
OG2854	130.0
OG2855	268.0
OG2856	1088.0
OG2857	6.0
OG2858	0.0
OG2859	227.0
OG2860	286.0
OG2861	3.0
OG2862	481.0
OG2863	67.0
OG2864	33.0
OG2865	14.0
OG2866	0.0
OG2867	0.0
OG2868	227.0
OG2869	1.0
OG2870	6099.0
OG2871	22.0
OG2872	3.0
OG2873	33.0
OG2874	4.0
OG2875	578.0
OG2876	40.0
OG2877	3.0
OG2878	0.0
OG2879	0.0
OG2880	1.0
OG2881	1.0
OG2882	2.0
OG2883	1.0
OG2884	0.0
OG2885	1.0
OG2886	0.0
OG2887	0.0
OG2888	0.0
OG2889	0.0
OG2890	0.0
OG2891	0.0
OG2892	1.0
OG2893	82.0
OG2894	60.0
OG2895	772.0
OG2896	2246.0
OG2897	0.0
OG2898	1.0
OG2899	0.0
OG2900	0.0
OG2901	4.0
OG2902	211.0
OG2903	221.0
OG2904	21.0
OG2905	73.0
OG2906	18.0
OG2907	27.0
OG2908	10.0
OG2909	315.0
OG2910	228.0
OG2911	1.0
OG2912	420.0
OG2913	76.0
OG2914	0.0
OG2915	14.0
OG2916	9.0
OG2917	1208.0
OG2918	92.0
OG2919	1.0
OG2920	0.0
OG2921	5.0
OG2922	339.0
OG2923	5.0
OG2924	84.0
OG2925	40.0
OG2926	78.0
OG2927	31.0
OG2928	7.0
OG2929	11.0
OG2930	40.0
OG2931	6.0
OG2932	583.0
OG2933	38.0
OG2934	15.0
OG2935	43.0
OG2936	9.0
OG2937	16.0
OG2938	0.0
OG2939	0.0
OG2940	27.0
OG2941	0.0
OG2942	15.0
OG2943	57.0
OG2944	288.0
OG2945	8.0
OG2946	52.0
OG2947	6.0
OG2948	1.0
OG2949	0.0
OG2950	0.0
OG2951	0.0
OG2952	0.0
OG2953	0.0
OG2954	0.0
OG2955	6.0
OG2956	5.0
OG2957	2.0
OG2958	0.0
OG2959	0.0
OG2960	60.0
OG2961	0.0
OG2962	23.0
OG2963	0.0
OG2964	26.0
OG2965	6.0
OG2966	30.0
OG2967	0.0
OG2968	0.0
OG2969	0.0
OG2970	6.0
OG2971	1.0
OG2972	0.0
OG2973	300.0
OG2974	18.0
OG2975	6.0
OG2976	895.0
OG2977	113.0
OG2978	87.0
OG2979	16.0
OG2980	7.0
OG2981	4.0
OG2982	49.0
OG2983	7.0
OG2984	0.0
OG2985	230.0
OG2986	0.0
OG2987	0.0
OG2988	2.0
OG2989	1.0
OG2990	1.0
OG2991	1123.0
OG2992	17.0
OG2993	2.0
OG2994	0.0
OG2995	0.0
OG2996	0.0
OG2997	0.0
OG2998	0.0
OG2999	13.0
OG3000	1.0
OG3001	32.0
OG3002	41.0
OG3003	41.0
OG3004	441.0
OG3005	610.0
OG3006	98.0
OG3007	709.0
OG3008	12.0
OG3009	22.0
OG3010	59.0
OG3011	3.0
OG3012	2.0
OG3013	18.0
OG3014	5.0
OG3015	1.0
OG3016	1.0
OG3017	30.0
OG3018	10.0
OG3019	0.0
OG3020	0.0
OG3021	0.0
OG3022	50.0
OG3023	1.0
OG3024	3.0
OG3025	0.0
OG3026	160.0
OG3027	122.0
OG3028	7.0
OG3029	0.0
OG3030	1.0
OG3031	3.0
OG3032	24.0
OG3033	26.0
OG3034	61.0
OG3035	2.0
OG3036	0.0
OG3037	4.0
OG3038	1.0
OG3039	6.0
OG3040	0.0
OG3041	1.0
OG3042	3258.0
OG3043	4.0
OG3044	0.0
OG3045	1167.0
OG3046	9455.0
OG3047	2.0
OG3048	1.0
OG3049	19.0
OG3050	0.0
OG3051	4.0
OG3052	1.0
OG3053	7.0
OG3054	0.0
OG3055	132.0
OG3056	0.0
OG3057	1.0
OG3058	0.0
OG3059	1.0
OG3060	0.0
OG3061	0.0
OG3062	4.0
OG3063	0.0
OG3064	2.0
OG3065	2.0
OG3066	0.0
OG3067	3.0
OG3068	16.0
OG3069	0.0
OG3070	10.0
OG3071	26.0
OG3072	1.0
OG3073	11.0
OG3074	0.0
OG3075	2.0
OG3076	0.0
OG3077	0.0
OG3078	0.0
OG3079	0.0
OG3080	1.0
OG3081	0.0
OG3082	1.0
OG3083	0.0
OG3084	24.0
OG3085	0.0
OG3086	1.0
OG3087	5.0
OG3088	1.0
OG3089	2.0
OG3090	25.0
OG3091	24.0
OG3092	26.0
OG3093	80.0
OG3094	0.0
OG3095	63.0
OG3096	6.0
OG3097	26.0
OG3098	0.0
OG3099	2.0
OG3100	1.0
OG3101	0.0
OG3102	11.0
OG3103	0.0
OG3104	125.0
OG3105	0.0
OG3106	0.0
OG3107	2.0
OG3108	0.0
OG3109	0.0
OG3110	0.0
OG3111	49.0
OG3112	262.0
OG3113	2.0
OG3114	1.0
OG3115	3.0
OG3116	0.0
OG3117	0.0
OG3118	0.0
OG3119	72.0
OG3120	2.0
OG3121	8.0
OG3122	5.0
OG3123	310.0
OG3124	0.0
OG3125	0.0
OG3126	0.0
OG3127	0.0
OG3128	0.0
OG3129	7.0
OG3130	9.0
OG3131	52.0
OG3132	76.0
OG3133	90.0
OG3134	0.0
OG3135	0.0
OG3136	0.0
OG3137	1.0
OG3138	4.0
OG3139	0.0
OG3140	178.0
OG3141	20.0
OG3142	0.0
OG3143	0.0
OG3144	0.0
OG3145	0.0
OG3146	0.0
OG3147	0.0
OG3148	0.0
OG3149	0.0
OG3150	0.0
OG3151	0.0
OG3152	0.0
OG3153	27.0
OG3154	0.0
OG3155	1.0
OG3156	17.0
OG3157	9.0
OG3158	15.0
OG3159	14.0
OG3160	0.0
OG3161	0.0
OG3162	1.0
OG3163	266.0
OG3164	586.0
OG3165	408.0
OG3166	4.0
OG3167	71.0
OG3168	264.0
OG3169	6.0
OG3170	34.0
OG3171	5.0
OG3172	0.0
OG3173	0.0
OG3174	0.0
OG3175	9.0
OG3176	0.0
OG3177	4.0
OG3178	0.0
OG3179	0.0
OG3180	2.0
OG3181	0.0
OG3182	2.0
OG3183	0.0
OG3184	3.0
OG3185	0.0
OG3186	0.0
OG3187	0.0
OG3188	0.0
OG3189	30.0
OG3190	2.0
OG3191	4.0
OG3192	600.0
OG3193	20.0
OG3194	75.0
OG3195	0.0
OG3196	2.0
OG3197	566.0
OG3198	4.0
OG3199	189.0
OG3200	60.0
OG3201	56.0
OG3202	4.0
OG3203	0.0
OG3204	267.0
OG3205	0.0
OG3206	0.0
OG3207	1533.0
OG3208	0.0
OG3209	5.0
OG3210	65.0
OG3211	2.0
OG3212	25.0
OG3213	30.0
OG3214	23.0
OG3215	3.0
OG3216	7.0
OG3217	1.0
OG3218	6.0
OG3219	6.0
OG3220	10.0
OG3221	4.0
OG3222	4.0
OG3223	185.0
OG3224	210.0
OG3225	59.0
OG3226	5.0
OG3227	169.0
OG3228	38.0
OG3229	45.0
OG3230	0.0
OG3231	13.0
OG3232	9.0
OG3233	3.0
OG3234	4.0
OG3235	3.0
OG3236	2.0
OG3237	14.0
OG3238	9.0
OG3239	24.0
OG3240	50.0
OG3241	0.0
OG3242	2.0
OG3243	0.0
OG3244	8.0
OG3245	2.0
OG3246	38.0
OG3247	2.0
OG3248	0.0
OG3249	6.0
OG3250	2.0
OG3251	2.0
OG3252	12.0
OG3253	25.0
OG3254	27.0
OG3255	21.0
OG3256	31.0
OG3257	12.0
OG3258	4.0
OG3259	70.0
OG3260	237.0
OG3261	0.0
OG3262	23.0
OG3263	20.0
OG3264	593.0
OG3265	82.0
OG3266	73.0
OG3267	1.0
OG3268	5.0
OG3269	2.0
OG3270	8.0
OG3271	3.0
OG3272	0.0
OG3273	0.0
OG3274	5.0
OG3275	14.0
OG3276	6.0
OG3277	2.0
OG3278	7.0
OG3279	4.0
OG3280	0.0
OG3281	7.0
OG3282	26.0
OG3283	24.0
OG3284	62.0
OG3285	4.0
OG3286	3.0
OG3287	14.0
OG3288	5.0
OG3289	31.0
OG3290	2.0
OG3291	0.0
OG3292	5.0
OG3293	0.0
OG3294	0.0
OG3295	0.0
OG3296	1.0
OG3297	2.0
OG3298	0.0
OG3299	12.0
OG3300	3.0
OG3301	18.0
OG3302	257.0
OG3303	2.0
OG3304	39.0
OG3305	2.0
OG3306	12.0
OG3307	5.0
OG3308	0.0
OG3309	0.0
OG3310	12.0
OG3311	6.0
OG3312	4.0
OG3313	2.0
OG3314	8.0
OG3315	31.0
OG3316	47.0
OG3317	15.0
OG3318	0.0
OG3319	1.0
OG3320	1.0
OG3321	2.0
OG3322	3.0
OG3323	132.0
OG3324	0.0
OG3325	0.0
OG3326	0.0
OG3327	0.0
OG3328	1.0
OG3329	0.0
OG3330	7.0
OG3331	3.0
OG3332	0.0
OG3333	10.0
OG3334	4.0
OG3335	4.0
OG3336	4.0
OG3337	0.0
OG3338	9.0
OG3339	117.0
OG3340	0.0
OG3341	4.0
OG3342	0.0
OG3343	1.0
OG3344	1.0
OG3345	1.0
OG3346	0.0
OG3347	0.0
OG3348	0.0
OG3349	0.0
OG3350	0.0
OG3351	0.0
OG3352	0.0
OG3353	0.0
OG3354	0.0
OG3355	0.0
OG3356	0.0
OG3357	0.0
OG3358	0.0
OG3359	0.0
OG3360	0.0
OG3361	0.0
OG3362	0.0
OG3363	0.0
OG3364	0.0
OG3365	0.0
OG3366	0.0
OG3367	0.0
OG3368	0.0
OG3369	0.0
OG3370	0.0
OG3371	0.0
OG3372	0.0
OG3373	4.0
OG3374	0.0
OG3375	0.0
OG3376	466.0
OG3377	0.0
OG3378	0.0
OG3379	0.0
OG3380	1.0
OG3381	6.0
OG3382	7.0
OG3383	0.0
OG3384	2.0
OG3385	0.0
OG3386	2.0
OG3387	79.0
OG3388	0.0
OG3389	10.0
OG3390	0.0
OG3391	1.0
OG3392	1.0
OG3393	104.0
OG3394	3.0
OG3395	0.0
OG3396	4.0
OG3397	3.0
OG3398	1.0
OG3399	9.0
OG3400	2.0
OG3401	2.0
OG3402	2.0
OG3403	0.0
OG3404	1.0
OG3405	7.0
OG3406	1.0
OG3407	19.0
OG3408	0.0
OG3409	0.0
OG3410	19.0
OG3411	17.0
OG3412	0.0
OG3413	0.0
OG3414	0.0
OG3415	5.0
OG3416	0.0
OG3417	2.0
OG3418	0.0
OG3419	0.0
OG3420	4.0
OG3421	424.0
OG3422	108.0
OG3423	212.0
OG3424	1.0
OG3425	1.0
OG3426	7.0
OG3427	2.0
OG3428	0.0
OG3429	2.0
OG3430	2.0
OG3431	1.0
OG3432	0.0
OG3433	94.0
OG3434	0.0
OG3435	0.0
OG3436	0.0
OG3437	5.0
OG3438	0.0
OG3439	0.0
OG3440	0.0
OG3441	0.0
OG3442	2.0
OG3443	0.0
OG3444	0.0
OG3445	0.0
OG3446	0.0
OG3447	0.0
OG3448	3.0
OG3449	4.0
OG3450	0.0
OG3451	0.0
OG3452	1.0
OG3453	3.0
OG3454	0.0
OG3455	0.0
OG3456	0.0
OG3457	0.0
OG3458	0.0
OG3459	0.0
OG3460	0.0
OG3461	0.0
OG3462	0.0
OG3463	0.0
OG3464	0.0
OG3465	0.0
OG3466	2.0
OG3467	0.0
OG3468	0.0
OG3469	0.0
OG3470	1.0
OG3471	0.0
OG3472	0.0
OG3473	5.0
OG3474	0.0
OG3475	7.0
OG3476	0.0
OG3477	0.0
OG3478	0.0
OG3479	10.0
OG3480	3.0
OG3481	1.0
OG3482	1.0
OG3483	0.0
OG3484	2.0
OG3485	0.0
OG3486	3.0
OG3487	2.0
OG3488	0.0
OG3489	0.0
OG3490	3.0
OG3491	0.0
OG3492	0.0
OG3493	4.0
OG3494	0.0
OG3495	1.0
OG3496	5.0
OG3497	0.0
OG3498	22.0
OG3499	0.0
OG3500	4.0
OG3501	1.0
OG3502	1.0
OG3503	1.0
OG3504	0.0
OG3505	0.0
OG3506	0.0
OG3507	0.0
OG3508	0.0
OG3509	0.0
OG3510	1.0
OG3511	2.0
OG3512	0.0
OG3513	0.0
OG3514	1.0
OG3515	0.0
OG3516	0.0
OG3517	2.0
OG3518	0.0
OG3519	1.0
OG3520	0.0
OG3521	2799.0
OG3522	4.0
OG3523	1.0
OG3524	8.0
OG3525	0.0
OG3526	0.0
OG3527	2.0
OG3528	0.0
OG3529	0.0
OG3530	1.0
OG3531	2.0
OG3532	0.0
OG3533	0.0
OG3534	27.0
OG3535	26.0
OG3536	0.0
OG3537	0.0
OG3538	0.0
OG3539	0.0
OG3540	1.0
OG3541	0.0
OG3542	0.0
OG3543	0.0
OG3544	0.0
OG3545	5.0
OG3546	0.0
OG3547	99.0
OG3548	5.0
OG3549	0.0
OG3550	0.0
OG3551	0.0
OG3552	6.0
OG3553	5.0
OG3554	0.0
OG3555	7.0
OG3556	0.0
OG3557	1.0
OG3558	0.0
OG3559	2.0
OG3560	2.0
OG3561	1.0
OG3562	0.0
OG3563	0.0
OG3564	0.0
OG3565	0.0
OG3566	0.0
OG3567	0.0
OG3568	1.0
OG3569	1.0
OG3570	2.0
OG3571	0.0
OG3572	0.0
OG3573	0.0
OG3574	0.0
OG3575	12.0
OG3576	2.0
OG3577	0.0
OG3578	0.0
OG3579	1.0
OG3580	1.0
OG3581	1.0
OG3582	1.0
OG3583	0.0
OG3584	0.0
OG3585	0.0
OG3586	0.0
OG3587	0.0
OG3588	123.0
OG3589	0.0
OG3590	0.0
OG3591	39.0
OG3592	3.0
OG3593	1.0
OG3594	0.0
OG3595	5.0
OG3596	5.0
OG3597	0.0
OG3598	5.0
OG3599	20.0
OG3600	13.0
OG3601	9.0
OG3602	21.0
OG3603	4.0
OG3604	0.0
OG3605	0.0
OG3606	2.0
OG3607	205.0
OG3608	0.0
OG3609	1.0
OG3610	0.0
OG3611	0.0
OG3612	1072.0
OG3613	0.0
OG3614	0.0
OG3615	3452.0
OG3616	0.0
OG3617	13.0
OG3618	0.0
OG3619	0.0
OG3620	0.0
OG3621	0.0
OG3622	2.0
OG3623	0.0
OG3624	0.0
OG3625	1.0
OG3626	15.0
OG3627	132.0
OG3628	14.0
OG3629	652.0
OG3630	1792.0
OG3631	709.0
OG3632	464.0
OG3633	443.0
OG3634	85.0
OG3635	393.0
OG3636	2.0
OG3637	391.0
OG3638	0.0
OG3639	0.0
OG3640	0.0
OG3641	0.0
OG3642	0.0
OG3643	0.0
OG3644	0.0
OG3645	0.0
OG3646	0.0
OG3647	0.0
OG3648	0.0
OG3649	0.0
OG3650	0.0
OG3651	49.0
OG3652	0.0
OG3653	0.0
OG3654	5.0
OG3655	0.0
OG3656	4.0
OG3657	0.0
OG3658	0.0
OG3659	220.0
OG3660	2.0
OG3661	1.0
OG3662	1.0
OG3663	0.0
OG3664	0.0
OG3665	0.0
OG3666	2.0
OG3667	0.0
OG3668	0.0
OG3669	0.0
OG3670	0.0
OG3671	0.0
OG3672	1.0
OG3673	1.0
OG3674	7.0
OG3675	4.0
OG3676	3.0
OG3677	0.0
OG3678	0.0
OG3679	0.0
OG3680	19.0
OG3681	0.0
OG3682	1.0
OG3683	0.0
OG3684	16.0
OG3685	0.0
OG3686	3.0
OG3687	1.0
OG3688	1.0
OG3689	0.0
OG3690	5.0
OG3691	0.0
OG3692	0.0
OG3693	25.0
OG3694	3.0
OG3695	2.0
OG3696	0.0
OG3697	211.0
OG3698	3.0
OG3699	269.0
OG3700	95.0
OG3701	279.0
OG3702	0.0
OG3703	0.0
OG3704	1.0
OG3705	3.0
OG3706	1.0
OG3707	0.0
OG3708	0.0
OG3709	0.0
OG3710	0.0
OG3711	0.0
OG3712	114.0
OG3713	2.0
OG3714	0.0
OG3715	0.0
OG3716	2.0
OG3717	0.0
OG3718	29.0
OG3719	1.0
OG3720	8.0
OG3721	0.0
OG3722	0.0
OG3723	1.0
OG3724	0.0
OG3725	8.0
OG3726	1.0
OG3727	0.0
OG3728	12.0
OG3729	0.0
OG3730	4.0
OG3731	5.0
OG3732	12.0
OG3733	21.0
OG3734	54.0
OG3735	6.0
OG3736	2.0
OG3737	688.0
OG3738	2060.0
OG3739	108.0
OG3740	0.0
OG3741	0.0
OG3742	0.0
OG3743	0.0
OG3744	4.0
OG3745	0.0
OG3746	0.0
OG3747	0.0
OG3748	0.0
OG3749	1.0
OG3750	0.0
OG3751	0.0
OG3752	5.0
OG3753	1.0
OG3754	14.0
OG3755	4.0
OG3756	0.0
OG3757	1.0
OG3758	0.0
OG3759	0.0
OG3760	0.0
OG3761	1.0
OG3762	0.0
OG3763	3.0
OG3764	3.0
OG3765	0.0
OG3766	0.0
OG3767	0.0
OG3768	2.0
OG3769	2.0
OG3770	0.0
OG3771	0.0
OG3772	0.0
OG3773	0.0
OG3774	0.0
OG3775	2.0
OG3776	0.0
OG3777	1.0
OG3778	0.0
OG3779	0.0
OG3780	3.0
OG3781	0.0
OG3782	0.0
OG3783	0.0
OG3784	0.0
OG3785	0.0
OG3786	0.0
OG3787	0.0
OG3788	0.0
OG3789	0.0
OG3790	0.0
OG3791	0.0
OG3792	5127.0
OG3793	13.0
OG3794	0.0
OG3795	0.0
OG3796	0.0
OG3797	0.0
OG3798	0.0
OG3799	0.0
OG3800	0.0
OG3801	0.0
OG3802	0.0
OG3803	1.0
OG3804	9.0
OG3805	0.0
OG3806	0.0
OG3807	15.0
OG3808	0.0
OG3809	0.0
OG3810	3.0
OG3811	0.0
OG3812	0.0
OG3813	0.0
OG3814	3.0
OG3815	8.0
OG3816	12.0
OG3817	0.0
OG3818	0.0
OG3819	0.0
OG3820	0.0
OG3821	0.0
OG3822	0.0
OG3823	0.0
OG3824	0.0
OG3825	0.0
OG3826	0.0
OG3827	0.0
OG3828	0.0
OG3829	0.0
OG3830	29.0
OG3831	2.0
OG3832	0.0
OG3833	6.0
OG3834	0.0
OG3835	0.0
OG3836	0.0
OG3837	0.0
OG3838	0.0
OG3839	0.0
OG3840	0.0
OG3841	0.0
OG3842	0.0
OG3843	0.0
OG3844	0.0
OG3845	0.0
OG3846	11.0
OG3847	32.0
OG3848	0.0
OG3849	1.0
OG3850	1.0
OG3851	56.0
OG3852	224.0
OG3853	528.0
OG3854	4.0
OG3855	7.0
OG3856	0.0
OG3857	1.0
OG3858	5.0
OG3859	1.0
OG3860	0.0
OG3861	0.0
OG3862	0.0
OG3863	0.0
OG3864	1.0
OG3865	0.0
OG3866	41.0
OG3867	2.0
OG3868	6.0
OG3869	5.0
OG3870	0.0
OG3871	0.0
OG3872	2.0
OG3873	537.0
OG3874	915.0
OG3875	1876.0
OG3876	20.0
OG3877	5.0
OG3878	3.0
OG3879	0.0
OG3880	33.0
OG3881	1.0
OG3882	1.0
OG3883	80.0
OG3884	9.0
OG3885	140.0
OG3886	53.0
OG3887	16.0
OG3888	4.0
OG3889	0.0
OG3890	8.0
OG3891	268.0
OG3892	40.0
OG3893	197.0
OG3894	6.0
OG3895	2.0
OG3896	0.0
OG3897	0.0
OG3898	3.0
OG3899	80.0
OG3900	7.0
OG3901	0.0
OG3902	0.0
OG3903	0.0
OG3904	0.0
OG3905	1.0
OG3906	8263.0
OG3907	132.0
OG3908	19.0
OG3909	0.0
OG3910	0.0
OG3911	1.0
OG3912	230.0
OG3913	0.0
OG3914	158.0
OG3915	47.0
OG3916	62.0
OG3917	13.0
OG3918	16.0
OG3919	6.0
OG3920	4.0
OG3921	0.0
OG3922	3.0
OG3923	4.0
OG3924	0.0
OG3925	0.0
OG3926	0.0
OG3927	1.0
OG3928	0.0
OG3929	0.0
OG3930	0.0
OG3931	0.0
OG3932	0.0
OG3933	0.0
OG3934	1.0
OG3935	0.0
OG3936	1.0
OG3937	1.0
OG3938	0.0
OG3939	0.0
OG3940	0.0
OG3941	0.0
OG3942	0.0
OG3943	0.0
OG3944	0.0
OG3945	0.0
OG3946	7.0
OG3947	0.0
OG3948	1.0
OG3949	0.0
OG3950	0.0
OG3951	0.0
OG3952	0.0
OG3953	0.0
OG3954	1.0
OG3955	0.0
OG3956	2.0
OG3957	1.0
OG3958	0.0
OG3959	0.0
OG3960	0.0
OG3961	0.0
OG3962	0.0
OG3963	0.0
OG3964	0.0
OG3965	1.0
OG3966	0.0
OG3967	15.0
OG3968	2.0
OG3969	0.0
OG3970	0.0
OG3971	0.0
OG3972	0.0
OG3973	0.0
OG3974	0.0
OG3975	0.0
OG3976	1.0
OG3977	0.0
OG3978	0.0
OG3979	0.0
OG3980	0.0
OG3981	0.0
OG3982	0.0
OG3983	0.0
OG3984	0.0
OG3985	0.0
OG3986	0.0
OG3987	0.0
OG3988	413.0
OG3989	357.0
OG3990	9.0
OG3991	1.0
OG3992	0.0
OG3993	157.0
OG3994	994.0
OG3995	0.0
OG3996	27.0
OG3997	12.0
OG3998	273.0
OG3999	0.0
OG4000	1.0
OG4001	0.0
OG4002	0.0
OG4003	8.0
OG4004	23.0
OG4005	0.0
OG4006	14.0
OG4007	0.0
OG4008	0.0
OG4009	2385.0
OG4010	20.0
OG4011	85.0
OG4012	0.0
OG4013	0.0
OG4014	0.0
OG4015	0.0
OG4016	3.0
OG4017	0.0
OG4018	0.0
OG4019	0.0
OG4020	0.0
OG4021	2.0
OG4022	0.0
OG4023	0.0
OG4024	0.0
OG4025	0.0
OG4026	0.0
OG4027	1.0
OG4028	0.0
OG4029	0.0
OG4030	0.0
OG4031	1.0
OG4032	1.0
OG4033	15.0
OG4034	0.0
OG4035	88.0
OG4036	6.0
OG4037	0.0
OG4038	0.0
OG4039	5.0
OG4040	0.0
OG4041	0.0
OG4042	0.0
OG4043	0.0
OG4044	0.0
OG4045	0.0
OG4046	0.0
OG4047	0.0
OG4048	0.0
OG4049	0.0
OG4050	0.0
OG4051	0.0
OG4052	0.0
OG4053	0.0
OG4054	1.0
OG4055	0.0
OG4056	2.0
OG4057	1.0
OG4058	0.0
OG4059	1.0
OG4060	0.0
OG4061	1.0
OG4062	0.0
OG4063	0.0
OG4064	14.0
OG4065	2.0
OG4066	0.0
OG4067	0.0
OG4068	0.0
OG4069	0.0
OG4070	0.0
OG4071	0.0
OG4072	0.0
OG4073	1.0
OG4074	4.0
OG4075	1.0
OG4076	0.0
OG4077	0.0
OG4078	0.0
OG4079	2.0
OG4080	0.0
OG4081	0.0
OG4082	0.0
OG4083	1.0
OG4084	0.0
OG4085	0.0
OG4086	2.0
OG4087	0.0
OG4088	0.0
OG4089	1.0
OG4090	1.0
OG4091	0.0
OG4092	1.0
OG4093	0.0
OG4094	23.0
OG4095	0.0
OG4096	0.0
OG4097	0.0
OG4098	0.0
OG4099	20.0
OG4100	99.0
OG4101	3.0
OG4102	0.0
OG4103	1.0
OG4104	0.0
OG4105	0.0
OG4106	0.0
OG4107	0.0
OG4108	0.0
OG4109	0.0
OG4110	0.0
OG4111	0.0
OG4112	4.0
OG4113	0.0
OG4114	3.0
OG4115	0.0
OG4116	0.0
OG4117	1.0
OG4118	1.0
OG4119	0.0
OG4120	4.0
OG4121	1.0
OG4122	0.0
OG4123	4.0
OG4124	1.0
OG4125	0.0
OG4126	10.0
OG4127	0.0
OG4128	0.0
OG4129	0.0
OG4130	1.0
OG4131	0.0
OG4132	0.0
OG4133	1.0
OG4134	0.0
OG4135	0.0
OG4136	0.0
OG4137	0.0
OG4138	0.0
OG4139	3.0
OG4140	2.0
OG4141	2.0
OG4142	0.0
OG4143	0.0
OG4144	0.0
OG4145	2.0
OG4146	13.0
OG4147	1.0
OG4148	4.0
OG4149	4.0
OG4150	583.0
OG4151	346.0
OG4152	0.0
OG4153	0.0
OG4154	1.0
OG4155	0.0
OG4156	12.0
OG4157	0.0
OG4158	0.0
OG4159	0.0
OG4160	4.0
OG4161	493.0
OG4162	0.0
OG4163	33.0
OG4164	10.0
OG4165	16.0
OG4166	8.0
OG4167	236.0
OG4168	0.0
OG4169	22.0
OG4170	13.0
OG4171	1.0
OG4172	9.0
OG4173	4.0
OG4174	0.0
OG4175	3.0
OG4176	0.0
OG4177	1.0
OG4178	0.0
OG4179	0.0
OG4180	1.0
OG4181	0.0
OG4182	1.0
OG4183	0.0
OG4184	1.0
OG4185	0.0
OG4186	0.0
OG4187	1.0
OG4188	1.0
OG4189	0.0
OG4190	0.0
OG4191	1.0
OG4192	1.0
OG4193	0.0
OG4194	1.0
OG4195	0.0
OG4196	0.0
OG4197	1.0
OG4198	338.0
OG4199	3.0
OG4200	0.0
OG4201	0.0
OG4202	14.0
OG4203	1.0
OG4204	8.0
OG4205	5.0
OG4206	0.0
OG4207	1.0
OG4208	0.0
OG4209	0.0
OG4210	0.0
OG4211	0.0
OG4212	0.0
OG4213	0.0
OG4214	0.0
OG4215	1.0
OG4216	0.0
OG4217	0.0
OG4218	0.0
OG4219	0.0
OG4220	4.0
OG4221	0.0
OG4222	0.0
OG4223	0.0
OG4224	0.0
OG4225	2.0
OG4226	0.0
OG4227	0.0
OG4228	0.0
OG4229	1.0
OG4230	0.0
OG4231	0.0
OG4232	0.0
OG4233	18.0
OG4234	0.0
OG4235	0.0
OG4236	6.0
OG4237	109.0
OG4238	128.0
OG4239	0.0
OG4240	0.0
OG4241	0.0
OG4242	0.0
OG4243	15.0
OG4244	3.0
OG4245	0.0
OG4246	9.0
OG4247	15.0
OG4248	12.0
OG4249	27.0
OG4250	12.0
OG4251	2.0
OG4252	0.0
OG4253	0.0
OG4254	0.0
OG4255	0.0
OG4256	0.0
OG4257	0.0
OG4258	0.0
OG4259	0.0
OG4260	0.0
OG4261	322.0
OG4262	302.0
OG4263	876.0
OG4264	521.0
OG4265	536.0
OG4266	4298.0
OG4267	8.0
OG4268	9.0
OG4269	0.0
OG4270	1.0
OG4271	0.0
OG4272	0.0
OG4273	0.0
OG4274	0.0
OG4275	0.0
OG4276	0.0
OG4277	4.0
OG4278	1.0
OG4279	0.0
OG4280	1.0
OG4281	8.0
OG4282	0.0
OG4283	7.0
OG4284	0.0
OG4285	2.0
OG4286	3.0
OG4287	569.0
OG4288	87.0
OG4289	47.0
OG4290	77.0
OG4291	336.0
OG4292	0.0
OG4293	143.0
OG4294	23.0
OG4295	1.0
OG4296	26.0
OG4297	1.0
OG4298	0.0
OG4299	3.0
OG4300	744.0
OG4301	119.0
OG4302	733.0
OG4303	0.0
OG4304	1.0
OG4305	3.0
OG4306	4.0
OG4307	9276.0
OG4308	5.0
OG4309	2.0
OG4310	7235.0
OG4311	0.0
OG4312	6.0
OG4313	4067.0
OG4314	0.0
OG4315	10.0
OG4316	1.0
OG4317	2285.0
OG4318	21.0
OG4319	162.0
OG4320	154.0
OG4321	17.0
OG4322	49.0
OG4323	35.0
OG4324	131.0
OG4325	2.0
OG4326	68.0
OG4327	80.0
OG4328	0.0
OG4329	8.0
OG4330	232.0
OG4331	114.0
OG4332	52.0
OG4333	21.0
OG4334	2.0
OG4335	535.0
OG4336	8.0
OG4337	7.0
OG4338	0.0
OG4339	33.0
OG4340	377.0
OG4341	14.0
OG4342	73.0
OG4343	152.0
OG4344	154.0
OG4345	332.0
OG4346	260.0
OG4347	10.0
OG4348	36.0
OG4349	3068.0
OG4350	99.0
OG4351	648.0
OG4352	1140.0
OG4353	1873.0
OG4354	8.0
OG4355	14839.0
OG4356	739.0
OG4357	1009.0
OG4358	1452.0
OG4359	28.0
OG4360	89.0
OG4361	28.0
OG4362	1.0
OG4363	264.0
OG4364	1.0
OG4365	39.0
OG4366	551.0
OG4367	3.0
OG4368	4.0
OG4369	535.0
OG4370	91.0
OG4371	15.0
OG4372	5.0
OG4373	966.0
OG4374	286.0
OG4375	1149.0
OG4376	13.0
OG4377	305.0
OG4378	76.0
OG4379	563.0
OG4380	138.0
OG4381	235.0
OG4382	12.0
OG4383	1860.0
OG4384	6497.0
OG4385	6062.0
OG4386	999.0
OG4387	477.0
OG4388	3.0
OG4389	64.0
OG4390	202.0
OG4391	65.0
OG4392	1122.0
OG4393	15.0
OG4394	693.0
OG4395	327.0
OG4396	241.0
OG4397	173.0
OG4398	39.0
OG4399	19.0
OG4400	1456.0
OG4401	5.0
OG4402	1093.0
OG4403	255.0
OG4404	1116.0
OG4405	53.0
OG4406	1391.0
OG4407	308.0
OG4408	152.0
OG4409	13.0
OG4410	26.0
OG4411	1287.0
OG4412	0.0
OG4413	375.0
OG4414	1.0
OG4415	583.0
OG4416	12580.0
OG4417	0.0
OG4418	0.0
OG4419	478.0
OG4420	133.0
OG4421	1.0
OG4422	0.0
OG4423	6.0
OG4424	51.0
OG4425	0.0
OG4426	77.0
OG4427	19.0
OG4428	17.0
OG4429	2.0
OG4430	7.0
OG4431	83.0
OG4432	29.0
OG4433	29.0
OG4434	1101.0
OG4435	12.0
OG4436	16.0
OG4437	1.0
OG4438	93.0
OG4439	15.0
OG4440	60.0
OG4441	6.0
OG4442	1259.0
OG4443	218.0
OG4444	44.0
OG4445	13.0
OG4446	1.0
OG4447	5.0
OG4448	18.0
OG4449	0.0
OG4450	196.0
OG4451	4.0
OG4452	32.0
OG4453	741.0
OG4454	101.0
OG4455	212.0
OG4456	512.0
OG4457	340.0
OG4458	0.0
OG4459	105.0
OG4460	7.0
OG4461	86.0
OG4462	15.0
OG4463	11.0
OG4464	312.0
OG4465	33.0
OG4466	4.0
OG4467	5.0
OG4468	141.0
OG4469	2.0
OG4470	10.0
OG4471	25.0
OG4472	66.0
OG4473	1.0
OG4474	1.0
OG4475	49.0
OG4476	4.0
OG4477	1255.0
OG4478	0.0
OG4479	99.0
OG4480	0.0
OG4481	51.0
OG4482	0.0
OG4483	0.0
OG4484	117.0
OG4485	10.0
OG4486	21.0
OG4487	0.0
OG4488	3.0
OG4489	12.0
OG4490	0.0
OG4491	3927.0
OG4492	0.0
OG4493	5.0
OG4494	0.0
OG4495	0.0
OG4496	0.0
OG4497	0.0
OG4498	2.0
OG4499	1.0
OG4500	38.0
OG4501	6.0
OG4502	82.0
OG4503	8.0
OG4504	206.0
OG4505	0.0
OG4506	0.0
OG4507	144.0
OG4508	25.0
OG4509	1.0
OG4510	16.0
OG4511	1.0
OG4512	56.0
OG4513	11.0
OG4514	6.0
OG4515	4.0
OG4516	6391.0
OG4517	23.0
OG4518	3.0
OG4519	9.0
OG4520	74.0
OG4521	1.0
OG4522	9.0
OG4523	35.0
OG4524	1.0
OG4525	0.0
OG4526	46.0
OG4527	21.0
OG4528	0.0
OG4529	2.0
OG4530	900.0
OG4531	0.0
OG4532	0.0
OG4533	5.0
OG4534	0.0
OG4535	11.0
OG4536	3.0
OG4537	0.0
OG4538	0.0
OG4539	92.0
OG4540	29.0
OG4541	254.0
OG4542	58.0
OG4543	13.0
OG4544	0.0
OG4545	5.0
OG4546	293.0
OG4547	1004.0
OG4548	1654.0
OG4549	97.0
OG4550	28.0
OG4551	506.0
OG4552	62.0
OG4553	157.0
OG4554	0.0
OG4555	17.0
OG4556	190.0
OG4557	237.0
OG4558	285.0
OG4559	51.0
OG4560	136.0
OG4561	61.0
OG4562	531.0
OG4563	117.0
OG4564	44.0
OG4565	172.0
OG4566	3.0
OG4567	22482.0
OG4568	1556.0
OG4569	2296.0
OG4570	27005.0
OG4571	427.0
OG4572	16.0
OG4573	1.0
OG4574	392.0
OG4575	88.0
OG4576	487.0
OG4577	23.0
OG4578	0.0
OG4579	1.0
OG4580	21.0
OG4581	0.0
OG4582	4.0
OG4583	5494.0
OG4584	1.0
OG4585	18.0
OG4586	34.0
OG4587	576.0
OG4588	6.0
OG4589	0.0
OG4590	0.0
OG4591	25.0
OG4592	12.0
OG4593	10.0
OG4594	11.0
OG4595	0.0
OG4596	73.0
OG4597	0.0
OG4598	189.0
OG4599	394.0
OG4600	121.0
OG4601	89.0
OG4602	71.0
OG4603	148.0
OG4604	362.0
OG4605	1911.0
OG4606	78.0
OG4607	3.0
OG4608	4.0
OG4609	38.0
OG4610	29.0
OG4611	5.0
OG4612	1.0
OG4613	1.0
OG4614	126.0
OG4615	44.0
OG4616	3.0
OG4617	138.0
OG4618	23.0
OG4619	7.0
OG4620	645.0
OG4621	35.0
OG4622	73.0
OG4623	0.0
OG4624	24.0
OG4625	23.0
OG4626	720.0
OG4627	330.0
OG4628	11.0
OG4629	137.0
OG4630	14.0
OG4631	0.0
OG4632	0.0
OG4633	16.0
OG4634	169.0
OG4635	788.0
OG4636	5.0
OG4637	99.0
OG4638	8.0
OG4639	292.0
OG4640	41.0
OG4641	207.0
OG4642	179.0
OG4643	375.0
OG4644	322.0
OG4645	0.0
OG4646	0.0
OG4647	0.0
OG4648	0.0
OG4649	2.0
OG4650	0.0
OG4651	0.0
OG4652	0.0
OG4653	0.0
OG4654	0.0
OG4655	0.0
OG4656	0.0
OG4657	0.0
OG4658	2.0
OG4659	31.0
OG4660	39.0
OG4661	4.0
OG4662	4.0
OG4663	6.0
OG4664	1.0
OG4665	1.0
OG4666	63.0
OG4667	34.0
OG4668	16.0
OG4669	4716.0
OG4670	0.0
OG4671	0.0
OG4672	0.0
OG4673	0.0
OG4674	0.0
OG4675	0.0
OG4676	0.0
OG4677	10.0
OG4678	1.0
OG4679	2.0
OG4680	110.0
OG4681	9.0
OG4682	6.0
OG4683	0.0
OG4684	0.0
OG4685	0.0
OG4686	3.0
OG4687	0.0
OG4688	0.0
OG4689	0.0
OG4690	0.0
OG4691	0.0
OG4692	0.0
OG4693	0.0
OG4694	0.0
OG4695	0.0
OG4696	0.0
OG4697	0.0
OG4698	1.0
OG4699	0.0
OG4700	0.0
OG4701	0.0
OG4702	0.0
OG4703	0.0
OG4704	0.0
OG4705	0.0
OG4706	0.0
OG4707	0.0
OG4708	0.0
OG4709	0.0
OG4710	4.0
OG4711	0.0
OG4712	0.0
OG4713	0.0
OG4714	0.0
OG4715	0.0
OG4716	4.0
OG4717	0.0
OG4718	0.0
OG4719	47.0
OG4720	0.0
OG4721	0.0
OG4722	0.0
OG4723	0.0
OG4724	0.0
OG4725	0.0
OG4726	0.0
OG4727	0.0
OG4728	1.0
OG4729	0.0
OG4730	0.0
OG4731	0.0
OG4732	4.0
OG4733	0.0
OG4734	0.0
OG4735	0.0
OG4736	0.0
OG4737	0.0
OG4738	0.0
OG4739	0.0
OG4740	0.0
OG4741	0.0
OG4742	0.0
OG4743	12.0
OG4744	2.0
OG4745	5.0
OG4746	0.0
OG4747	6.0
OG4748	26.0
OG4749	0.0
OG4750	0.0
OG4751	0.0
OG4752	0.0
OG4753	0.0
OG4754	0.0
OG4755	0.0
OG4756	0.0
OG4757	0.0
OG4758	0.0
OG4759	0.0
OG4760	0.0
OG4761	0.0
OG4762	0.0
OG4763	0.0
OG4764	0.0
OG4765	0.0
OG4766	0.0
OG4767	4.0
OG4768	2.0
OG4769	0.0
OG4770	7.0
OG4771	0.0
OG4772	0.0
OG4773	1.0
OG4774	0.0
OG4775	0.0
OG4776	0.0
OG4777	0.0
OG4778	0.0
OG4779	0.0
OG4780	0.0
OG4781	0.0
OG4782	0.0
OG4783	0.0
OG4784	0.0
OG4785	0.0
OG4786	0.0
OG4787	0.0
OG4788	0.0
OG4789	0.0
OG4790	0.0
OG4791	0.0
OG4792	0.0
OG4793	0.0
OG4794	19.0
OG4795	0.0
OG4796	0.0
OG4797	0.0
OG4798	0.0
OG4799	0.0
OG4800	0.0
OG4801	0.0
OG4802	15.0
OG4803	0.0
OG4804	0.0
OG4805	0.0
OG4806	0.0
OG4807	0.0
OG4808	0.0
OG4809	0.0
OG4810	0.0
OG4811	2.0
OG4812	0.0
OG4813	1.0
OG4814	0.0
OG4815	0.0
OG4816	0.0
OG4817	0.0
OG4818	0.0
OG4819	0.0
OG4820	0.0
OG4821	0.0
OG4822	0.0
OG4823	0.0
OG4824	0.0
OG4825	0.0
OG4826	0.0
OG4827	0.0
OG4828	0.0
OG4829	0.0
OG4830	0.0
OG4831	2.0
OG4832	1.0
OG4833	3.0
OG4834	0.0
OG4835	3.0
OG4836	0.0
OG4837	0.0
OG4838	0.0
OG4839	0.0
OG4840	0.0
OG4841	0.0
OG4842	140.0
OG4843	83.0
OG4844	0.0
OG4845	0.0
OG4846	0.0
OG4847	0.0
OG4848	0.0
OG4849	0.0
OG4850	0.0
OG4851	0.0
OG4852	0.0
OG4853	0.0
OG4854	0.0
OG4855	0.0
OG4856	0.0
OG4857	0.0
OG4858	0.0
OG4859	0.0
OG4860	0.0
OG4861	0.0
OG4862	0.0
OG4863	48.0
OG4864	0.0
OG4865	0.0
OG4866	0.0
OG4867	0.0
OG4868	0.0
OG4869	0.0
OG4870	0.0
OG4871	0.0
OG4872	0.0
OG4873	0.0
OG4874	0.0
OG4875	0.0
OG4876	0.0
OG4877	0.0
OG4878	0.0
OG4879	0.0
OG4880	0.0
OG4881	0.0
OG4882	0.0
OG4883	1.0
OG4884	1.0
OG4885	1.0
OG4886	1.0
OG4887	18.0
OG4888	1.0
OG4889	62.0
OG4890	0.0
OG4891	12.0
OG4892	0.0
OG4893	0.0
OG4894	0.0
OG4895	0.0
OG4896	159.0
OG4897	51.0
OG4898	7.0
OG4899	0.0
OG4900	0.0
OG4901	0.0
OG4902	0.0
OG4903	0.0
OG4904	0.0
OG4905	24.0
OG4906	0.0
OG4907	0.0
OG4908	0.0
OG4909	0.0
OG4910	25.0
OG4911	45.0
OG4912	11.0
OG4913	1.0
OG4914	12.0
OG4915	4.0
OG4916	30.0
OG4917	1.0
OG4918	10.0
OG4919	0.0
OG4920	0.0
OG4921	0.0
OG4922	261.0
OG4923	3069.0
OG4924	36.0
OG4925	3.0
OG4926	0.0
OG4927	0.0
OG4928	22.0
OG4929	0.0
OG4930	424.0
OG4931	0.0
OG4932	1.0
OG4933	5.0
OG4934	401.0
OG4935	177.0
OG4936	1.0
OG4937	7.0
OG4938	0.0
OG4939	0.0
OG4940	3.0
OG4941	99.0
OG4942	0.0
OG4943	0.0
OG4944	27.0
OG4945	1.0
OG4946	1.0
OG4947	9.0
OG4948	0.0
OG4949	119.0
OG4950	46.0
OG4951	77.0
OG4952	2.0
OG4953	19.0
OG4954	0.0
OG4955	5.0
OG4956	126.0
OG4957	2.0
OG4958	127.0
OG4959	119.0
OG4960	242.0
OG4961	380.0
OG4962	166.0
OG4963	542.0
OG4964	560.0
OG4965	125.0
OG4966	482.0
OG4967	444.0
OG4968	349.0
OG4969	254.0
OG4970	193.0
OG4971	279.0
OG4972	228.0
OG4973	179.0
OG4974	124.0
OG4975	196.0
OG4976	106.0
OG4977	690.0
OG4978	398.0
OG4979	394.0
OG4980	108.0
OG4981	5.0
OG4982	6.0
OG4983	0.0
OG4984	0.0
OG4985	0.0
OG4986	4.0
OG4987	41.0
OG4988	73.0
OG4989	16.0
OG4990	16.0
OG4991	113.0
OG4992	8.0
OG4993	55.0
OG4994	41.0
OG4995	246.0
OG4996	404.0
OG4997	44.0
OG4998	6581.0
OG4999	1457.0
OG5000	4736.0
OG5001	4393.0
OG5002	625.0
OG5003	1964.0
OG5004	1020.0
OG5005	803.0
OG5006	2166.0
OG5007	172.0
OG5008	6.0
OG5009	1.0
OG5010	1.0
OG5011	0.0
OG5012	52.0
OG5013	47.0
OG5014	0.0
OG5015	27.0
OG5016	21.0
OG5017	117.0
OG5018	0.0
OG5019	3.0
OG5020	152.0
OG5021	38.0
OG5022	34.0
OG5023	13.0
OG5024	73.0
OG5025	121.0
OG5026	33.0
OG5027	49.0
OG5028	4.0
OG5029	9.0
OG5030	120.0
OG5031	6.0
OG5032	198.0
OG5033	755.0
OG5034	44.0
OG5035	24.0
OG5036	1.0
OG5037	5.0
OG5038	91.0
OG5039	62.0
OG5040	1.0
OG5041	48.0
OG5042	9.0
OG5043	0.0
OG5044	1.0
OG5045	4.0
OG5046	72.0
OG5047	4.0
OG5048	41.0
OG5049	15.0
OG5050	3.0
OG5051	12.0
OG5052	0.0
OG5053	200.0
OG5054	333.0
OG5055	4.0
OG5056	3.0
OG5057	213.0
OG5058	386.0
OG5059	128.0
OG5060	418.0
OG5061	1.0
OG5062	24.0
OG5063	0.0
OG5064	5.0
OG5065	1.0
OG5066	74.0
OG5067	11.0
OG5068	9.0
OG5069	1.0
OG5070	0.0
OG5071	0.0
OG5072	7.0
OG5073	1.0
OG5074	1.0
OG5075	1.0
OG5076	0.0
OG5077	800.0
OG5078	412.0
OG5079	28.0
OG5080	239.0
OG5081	258.0
OG5082	15.0
OG5083	21.0
OG5084	16.0
OG5085	45.0
OG5086	0.0
OG5087	118.0
OG5088	4.0
OG5089	215.0
OG5090	178.0
OG5091	190.0
OG5092	46.0
OG5093	63.0
OG5094	53.0
OG5095	0.0
OG5096	114.0
OG5097	61.0
OG5098	33.0
OG5099	16.0
OG5100	39.0
OG5101	569.0
OG5102	325.0
OG5103	629.0
OG5104	36.0
OG5105	110.0
OG5106	11.0
OG5107	150.0
OG5108	4.0
OG5109	0.0
OG5110	170.0
OG5111	502.0
OG5112	95.0
OG5113	1.0
OG5114	175.0
OG5115	1.0
OG5116	3.0
OG5117	4.0
OG5118	14.0
OG5119	1.0
OG5120	4.0
OG5121	0.0
OG5122	3.0
OG5123	37.0
OG5124	2.0
OG5125	2.0
OG5126	16.0
OG5127	11.0
OG5128	0.0
OG5129	4.0
OG5130	0.0
OG5131	0.0
OG5132	2.0
OG5133	1.0
OG5134	6.0
OG5135	1.0
OG5136	86.0
OG5137	22.0
OG5138	0.0
OG5139	0.0
OG5140	0.0
OG5141	2.0
OG5142	70.0
OG5143	6.0
OG5144	9.0
OG5145	9.0
OG5146	18.0
OG5147	153.0
OG5148	11.0
OG5149	1078.0
OG5150	0.0
OG5151	3.0
OG5152	1.0
OG5153	2.0
OG5154	0.0
OG5155	184.0
OG5156	0.0
OG5157	67.0
OG5158	85.0
OG5159	393.0
OG5160	26.0
OG5161	156.0
OG5162	36.0
OG5163	136.0
OG5164	80.0
OG5165	251.0
OG5166	4.0
OG5167	30.0
OG5168	91.0
OG5169	116.0
OG5170	26.0
OG5171	153.0
OG5172	35.0
OG5173	183.0
OG5174	4.0
OG5175	160.0
OG5176	139.0
OG5177	84.0
OG5178	2.0
OG5179	2.0
OG5180	0.0
OG5181	47.0
OG5182	12.0
OG5183	0.0
OG5184	4.0
OG5185	15.0
OG5186	1.0
OG5187	12.0
OG5188	16.0
OG5189	6.0
OG5190	37.0
OG5191	1.0
OG5192	4.0
OG5193	6.0
OG5194	3.0
OG5195	1.0
OG5196	6.0
OG5197	4.0
OG5198	59.0
OG5199	12.0
OG5200	45.0
OG5201	13.0
OG5202	1.0
OG5203	3.0
OG5204	2.0
OG5205	33.0
OG5206	24.0
OG5207	1.0
OG5208	0.0
OG5209	0.0
OG5210	0.0
OG5211	1.0
OG5212	0.0
OG5213	7.0
OG5214	0.0
OG5215	1.0
OG5216	2.0
OG5217	570.0
OG5218	366.0
OG5219	719.0
OG5220	589.0
OG5221	620.0
OG5222	429.0
OG5223	542.0
OG5224	301.0
OG5225	1848.0
OG5226	826.0
OG5227	373.0
OG5228	13.0
OG5229	12.0
OG5230	96.0
OG5231	5.0
OG5232	0.0
OG5233	296.0
OG5234	15.0
OG5235	8.0
OG5236	3.0
OG5237	0.0
OG5238	2.0
OG5239	34.0
OG5240	45.0
OG5241	0.0
OG5242	0.0
OG5243	0.0
OG5244	0.0
OG5245	0.0
OG5246	0.0
OG5247	0.0
OG5248	12.0
OG5249	0.0
OG5250	0.0
OG5251	1.0
OG5252	0.0
OG5253	0.0
OG5254	0.0
OG5255	0.0
OG5256	0.0
OG5257	0.0
OG5258	0.0
OG5259	0.0
OG5260	0.0
OG5261	0.0
OG5262	0.0
OG5263	0.0
OG5264	0.0
OG5265	8.0
OG5266	0.0
OG5267	0.0
OG5268	4.0
OG5269	0.0
OG5270	0.0
OG5271	0.0
OG5272	3.0
OG5273	4.0
OG5274	2.0
OG5275	3.0
OG5276	0.0
OG5277	0.0
OG5278	3.0
OG5279	1.0
OG5280	0.0
OG5281	0.0
OG5282	1.0
OG5283	1.0
OG5284	0.0
OG5285	1.0
OG5286	21.0
OG5287	4.0
OG5288	0.0
OG5289	2.0
OG5290	0.0
OG5291	0.0
OG5292	4.0
OG5293	1.0
OG5294	0.0
OG5295	0.0
OG5296	1.0
OG5297	0.0
OG5298	0.0
OG5299	0.0
OG5300	0.0
OG5301	1.0
OG5302	0.0
OG5303	1.0
OG5304	0.0
OG5305	0.0
OG5306	166.0
OG5307	513.0
OG5308	36.0
OG5309	70.0
OG5310	8.0
OG5311	23.0
OG5312	33.0
OG5313	22.0
OG5314	112.0
OG5315	45.0
OG5316	103.0
OG5317	87.0
OG5318	40.0
OG5319	8.0
OG5320	0.0
OG5321	16.0
OG5322	0.0
OG5323	0.0
OG5324	0.0
OG5325	1.0
OG5326	0.0
OG5327	0.0
OG5328	1.0
OG5329	0.0
OG5330	1.0
OG5331	0.0
OG5332	0.0
OG5333	0.0
OG5334	2.0
OG5335	0.0
OG5336	0.0
OG5337	1.0
OG5338	2.0
OG5339	0.0
OG5340	0.0
OG5341	0.0
OG5342	24.0
OG5343	9.0
OG5344	12.0
OG5345	0.0
OG5346	0.0
OG5347	0.0
OG5348	0.0
OG5349	0.0
OG5350	0.0
OG5351	2.0
OG5352	0.0
OG5353	0.0
OG5354	0.0
OG5355	0.0
OG5356	0.0
OG5357	0.0
OG5358	0.0
OG5359	0.0
OG5360	0.0
OG5361	2.0
OG5362	0.0
OG5363	0.0
OG5364	0.0
OG5365	0.0
OG5366	0.0
OG5367	1.0
OG5368	2.0
OG5369	1.0
OG5370	0.0
OG5371	2.0
OG5372	1.0
OG5373	0.0
OG5374	1.0
OG5375	0.0
OG5376	1.0
OG5377	1.0
OG5378	0.0
OG5379	0.0
OG5380	0.0
OG5381	1.0
OG5382	0.0
OG5383	0.0
OG5384	0.0
OG5385	2.0
OG5386	271.0
OG5387	0.0
OG5388	1.0
OG5389	0.0
OG5390	0.0
OG5391	0.0
OG5392	13.0
OG5393	0.0
OG5394	0.0
OG5395	0.0
OG5396	1.0
OG5397	0.0
OG5398	0.0
OG5399	0.0
OG5400	0.0
OG5401	1.0
OG5402	34.0
OG5403	183.0
OG5404	0.0
OG5405	2.0
OG5406	4.0
OG5407	0.0
OG5408	16.0
OG5409	0.0
OG5410	2.0
OG5411	59.0
OG5412	134.0
OG5413	0.0
OG5414	5.0
OG5415	1.0
OG5416	1.0
OG5417	12.0
OG5418	25.0
OG5419	1.0
OG5420	2.0
OG5421	7.0
OG5422	42.0
OG5423	14.0
OG5424	40.0
OG5425	66.0
OG5426	1.0
OG5427	0.0
OG5428	28.0
OG5429	147.0
OG5430	8.0
OG5431	10.0
OG5432	1.0
OG5433	0.0
OG5434	0.0
OG5435	1.0
OG5436	0.0
OG5437	7.0
OG5438	0.0
OG5439	1.0
OG5440	0.0
OG5441	10.0
OG5442	4.0
OG5443	0.0
OG5444	0.0
OG5445	5.0
OG5446	0.0
OG5447	12.0
OG5448	1.0
OG5449	3.0
OG5450	0.0
OG5451	2.0
OG5452	1.0
OG5453	0.0
OG5454	4.0
OG5455	104.0
OG5456	0.0
OG5457	0.0
OG5458	0.0
OG5459	0.0
OG5460	0.0
OG5461	0.0
OG5462	0.0
OG5463	0.0
OG5464	0.0
OG5465	0.0
OG5466	0.0
OG5467	0.0
OG5468	2.0
OG5469	0.0
OG5470	0.0
OG5471	2.0
OG5472	4.0
OG5473	3.0
OG5474	0.0
OG5475	2.0
OG5476	0.0
OG5477	1.0
OG5478	0.0
OG5479	0.0
OG5480	1.0
OG5481	9.0
OG5482	2.0
OG5483	0.0
OG5484	2.0
OG5485	0.0
OG5486	1.0
OG5487	1.0
OG5488	0.0
OG5489	1.0
OG5490	0.0
OG5491	0.0
OG5492	222.0
OG5493	29.0
OG5494	1.0
OG5495	4.0
OG5496	0.0
OG5497	10.0
OG5498	0.0
OG5499	1.0
OG5500	6.0
OG5501	0.0
OG5502	0.0
OG5503	1.0
OG5504	2.0
OG5505	2.0
OG5506	74.0
OG5507	5.0
OG5508	5.0
OG5509	0.0
OG5510	0.0
OG5511	0.0
OG5512	0.0
OG5513	1.0
OG5514	0.0
OG5515	0.0
OG5516	0.0
OG5517	0.0
OG5518	0.0
OG5519	0.0
OG5520	0.0
OG5521	0.0
OG5522	0.0
OG5523	0.0
OG5524	0.0
OG5525	0.0
OG5526	0.0
OG5527	0.0
OG5528	0.0
OG5529	0.0
OG5530	0.0
OG5531	0.0
OG5532	0.0
OG5533	0.0
OG5534	0.0
OG5535	0.0
OG5536	0.0
OG5537	0.0
OG5538	0.0
OG5539	0.0
OG5540	0.0
OG5541	0.0
OG5542	0.0
OG5543	0.0
OG5544	0.0
OG5545	0.0
OG5546	0.0
OG5547	0.0
OG5548	0.0
OG5549	0.0
OG5550	0.0
OG5551	0.0
OG5552	0.0
OG5553	0.0
OG5554	0.0
OG5555	0.0
OG5556	0.0
OG5557	0.0
OG5558	0.0
OG5559	0.0
OG5560	0.0
OG5561	0.0
OG5562	0.0
OG5563	0.0
OG5564	0.0
OG5565	0.0
OG5566	0.0
OG5567	0.0
OG5568	0.0
OG5569	0.0
OG5570	0.0
OG5571	0.0
OG5572	0.0
OG5573	0.0
OG5574	0.0
OG5575	0.0
OG5576	0.0
OG5577	0.0
OG5578	0.0
OG5579	0.0
OG5580	0.0
OG5581	0.0
OG5582	0.0
OG5583	0.0
OG5584	0.0
OG5585	0.0
OG5586	0.0
OG5587	0.0
OG5588	0.0
OG5589	0.0
OG5590	0.0
OG5591	0.0
OG5592	0.0
OG5593	0.0
OG5594	0.0
OG5595	0.0
OG5596	0.0
OG5597	0.0
OG5598	0.0
OG5599	0.0
OG5600	0.0
OG5601	0.0
OG5602	0.0
OG5603	0.0
OG5604	0.0
OG5605	0.0
OG5606	0.0
OG5607	0.0
OG5608	0.0
OG5609	0.0
OG5610	0.0
OG5611	0.0
OG5612	0.0
OG5613	0.0
OG5614	0.0
OG5615	0.0
OG5616	0.0
OG5617	0.0
OG5618	0.0
OG5619	0.0
OG5620	0.0
OG5621	0.0
OG5622	0.0
OG5623	0.0
OG5624	0.0
OG5625	0.0
OG5626	0.0
OG5627	0.0
OG5628	0.0
OG5629	0.0
OG5630	0.0
OG5631	0.0
OG5632	0.0
OG5633	0.0
OG5634	0.0
OG5635	0.0
OG5636	0.0
OG5637	0.0
OG5638	0.0
OG5639	0.0
OG5640	0.0
OG5641	0.0
OG5642	0.0
OG5643	0.0
OG5644	0.0
OG5645	0.0
OG5646	0.0
OG5647	0.0
OG5648	0.0
OG5649	0.0
OG5650	0.0
OG5651	0.0
OG5652	2.0
OG5653	0.0
OG5654	0.0
OG5655	0.0
OG5656	16.0
OG5657	0.0
OG5658	0.0
OG5659	521.0
OG5660	275.0
OG5661	1277.0
OG5662	358.0
OG5663	1355.0
OG5664	63.0
OG5665	675.0
OG5666	0.0
OG5667	0.0
OG5668	0.0
OG5669	0.0
OG5670	0.0
OG5671	0.0
OG5672	0.0
OG5673	306.0
OG5674	0.0
OG5675	0.0
OG5676	0.0
OG5677	0.0
OG5678	0.0
OG5679	0.0
OG5680	0.0
OG5681	0.0
OG5682	0.0
OG5683	0.0
OG5684	0.0
OG5685	0.0
OG5686	0.0
OG5687	0.0
OG5688	0.0
OG5689	0.0
OG5690	20.0
OG5691	6.0
OG5692	0.0
OG5693	0.0
OG5694	1.0
OG5695	0.0
OG5696	0.0
OG5697	0.0
OG5698	0.0
OG5699	0.0
OG5700	0.0
OG5701	0.0
OG5702	0.0
OG5703	0.0
OG5704	0.0
OG5705	0.0
OG5706	0.0
OG5707	0.0
OG5708	1.0
OG5709	26.0
OG5710	0.0
OG5711	0.0
OG5712	0.0
OG5713	0.0
OG5714	0.0
OG5715	0.0
OG5716	0.0
OG5717	0.0
OG5718	0.0
OG5719	0.0
OG5720	0.0
OG5721	0.0
OG5722	0.0
OG5723	0.0
OG5724	0.0
OG5725	0.0
OG5726	0.0
OG5727	0.0
OG5728	0.0
OG5729	0.0
OG5730	0.0
OG5731	0.0
OG5732	0.0
OG5733	0.0
OG5734	0.0
OG5735	1.0
OG5736	0.0
OG5737	6.0
OG5738	0.0
OG5739	0.0
OG5740	3.0
OG5741	0.0
OG5742	0.0
OG5743	0.0
OG5744	0.0
OG5745	0.0
OG5746	0.0
OG5747	0.0
OG5748	0.0
OG5749	0.0
OG5750	0.0
OG5751	0.0
OG5752	0.0
OG5753	0.0
OG5754	0.0
OG5755	2.0
OG5756	0.0
OG5757	0.0
OG5758	0.0
OG5759	0.0
OG5760	0.0
OG5761	0.0
OG5762	0.0
OG5763	2.0
OG5764	0.0
OG5765	4.0
OG5766	0.0
OG5767	0.0
OG5768	0.0
OG5769	0.0
OG5770	0.0
OG5771	4.0
OG5772	2.0
OG5773	0.0
OG5774	0.0
OG5775	0.0
OG5776	0.0
OG5777	0.0
OG5778	0.0
OG5779	5.0
OG5780	11.0
OG5781	2.0
OG5782	0.0
OG5783	0.0
OG5784	0.0
OG5785	0.0
OG5786	0.0
OG5787	0.0
OG5788	0.0
OG5789	0.0
OG5790	129.0
OG5791	0.0
OG5792	0.0
OG5793	1.0
OG5794	0.0
OG5795	0.0
OG5796	0.0
OG5797	1.0
OG5798	6.0
OG5799	0.0
OG5800	0.0
OG5801	1.0
OG5802	2.0
OG5803	8.0
OG5804	2.0
OG5805	1.0
OG5806	0.0
OG5807	0.0
OG5808	0.0
OG5809	0.0
OG5810	3.0
OG5811	42.0
OG5812	161.0
OG5813	0.0
OG5814	1.0
OG5815	1.0
OG5816	4.0
OG5817	0.0
OG5818	1.0
OG5819	0.0
OG5820	10.0
OG5821	2.0
OG5822	20.0
OG5823	19.0
OG5824	54.0
OG5825	37.0
OG5826	23.0
OG5827	126.0
OG5828	0.0
OG5829	21.0
OG5830	18.0
OG5831	0.0
OG5832	1.0
OG5833	0.0
OG5834	0.0
OG5835	0.0
OG5836	9.0
OG5837	12.0
OG5838	14.0
OG5839	98.0
OG5840	21.0
OG5841	28.0
OG5842	13.0
OG5843	2.0
OG5844	0.0
OG5845	0.0
OG5846	0.0
OG5847	0.0
OG5848	15.0
OG5849	23.0
OG5850	14.0
OG5851	0.0
OG5852	0.0
OG5853	0.0
OG5854	0.0
OG5855	0.0
OG5856	1.0
OG5857	15.0
OG5858	0.0
OG5859	0.0
OG5860	0.0
OG5861	0.0
OG5862	39.0
OG5863	3.0
OG5864	7.0
OG5865	0.0
OG5866	0.0
OG5867	0.0
OG5868	2.0
OG5869	0.0
OG5870	0.0
OG5871	0.0
OG5872	0.0
OG5873	0.0
OG5874	37.0
OG5875	1.0
OG5876	0.0
OG5877	199.0
OG5878	0.0
OG5879	0.0
OG5880	2.0
OG5881	0.0
OG5882	11.0
OG5883	0.0
OG5884	32.0
OG5885	8.0
OG5886	0.0
OG5887	0.0
OG5888	0.0
OG5889	0.0
OG5890	0.0
OG5891	0.0
OG5892	0.0
OG5893	0.0
OG5894	0.0
OG5895	0.0
OG5896	0.0
OG5897	1.0
OG5898	39.0
OG5899	0.0
OG5900	0.0
OG5901	0.0
OG5902	0.0
OG5903	2.0
OG5904	0.0
OG5905	0.0
OG5906	0.0
OG5907	0.0
OG5908	0.0
OG5909	0.0
OG5910	0.0
OG5911	0.0
OG5912	8.0
OG5913	0.0
OG5914	0.0
OG5915	0.0
OG5916	0.0
OG5917	0.0
OG5918	0.0
OG5919	0.0
OG5920	0.0
OG5921	0.0
OG5922	0.0
OG5923	0.0
OG5924	0.0
OG5925	0.0
OG5926	0.0
OG5927	0.0
OG5928	0.0
OG5929	0.0
OG5930	0.0
OG5931	0.0
OG5932	0.0
OG5933	0.0
OG5934	0.0
OG5935	0.0
OG5936	0.0
OG5937	0.0
OG5938	136.0
OG5939	0.0
OG5940	0.0
OG5941	0.0
OG5942	0.0
OG5943	0.0
OG5944	0.0
OG5945	0.0
OG5946	0.0
OG5947	0.0
OG5948	0.0
OG5949	0.0
OG5950	2.0
OG5951	0.0
OG5952	0.0
OG5953	0.0
OG5954	6.0
OG5955	7.0
OG5956	2.0
OG5957	0.0
OG5958	0.0
OG5959	0.0
OG5960	0.0
OG5961	0.0
OG5962	0.0
OG5963	0.0
OG5964	0.0
OG5965	0.0
OG5966	0.0
OG5967	1.0
OG5968	1.0
OG5969	0.0
OG5970	1.0
OG5971	0.0
OG5972	3.0
OG5973	0.0
OG5974	0.0
OG5975	0.0
OG5976	0.0
OG5977	0.0
OG5978	0.0
OG5979	0.0
OG5980	0.0
OG5981	0.0
OG5982	0.0
OG5983	0.0
OG5984	0.0
OG5985	0.0
OG5986	0.0
OG5987	0.0
OG5988	0.0
OG5989	0.0
OG5990	0.0
OG5991	1.0
OG5992	47.0
OG5993	1.0
OG5994	6.0
OG5995	0.0
OG5996	0.0
OG5997	0.0
OG5998	0.0
OG5999	0.0
OG6000	0.0
OG6001	0.0
OG6002	0.0
OG6003	1.0
OG6004	0.0
OG6005	0.0
OG6006	1.0
OG6007	0.0
OG6008	0.0
OG6009	0.0
OG6010	0.0
OG6011	0.0
OG6012	0.0
OG6013	0.0
OG6014	0.0
OG6015	0.0
OG6016	0.0
OG6017	3.0
OG6018	0.0
OG6019	2.0
OG6020	0.0
OG6021	8.0
OG6022	0.0
OG6023	0.0
OG6024	0.0
OG6025	0.0
OG6026	0.0
OG6027	1.0
OG6028	0.0
OG6029	0.0
OG6030	0.0
OG6031	0.0
OG6032	0.0
OG6033	0.0
OG6034	4.0
OG6035	0.0
OG6036	2.0
OG6037	0.0
OG6038	0.0
OG6039	0.0
OG6040	0.0
OG6041	0.0
OG6042	0.0
OG6043	0.0
OG6044	0.0
OG6045	0.0
OG6046	0.0
OG6047	0.0
OG6048	0.0
OG6049	0.0
OG6050	0.0
OG6051	0.0
OG6052	0.0
OG6053	0.0
OG6054	0.0
OG6055	0.0
OG6056	0.0
OG6057	0.0
OG6058	1.0
OG6059	0.0
OG6060	0.0
OG6061	0.0
OG6062	0.0
OG6063	0.0
OG6064	0.0
OG6065	0.0
OG6066	0.0
OG6067	0.0
OG6068	0.0
OG6069	0.0
OG6070	0.0
OG6071	2.0
OG6072	0.0
OG6073	0.0
OG6074	0.0
OG6075	2.0
OG6076	2.0
OG6077	1.0
OG6078	1.0
OG6079	0.0
OG6080	0.0
OG6081	9.0
OG6082	23.0
OG6083	8.0
OG6084	0.0
OG6085	0.0
OG6086	0.0
OG6087	0.0
OG6088	0.0
OG6089	0.0
OG6090	0.0
OG6091	0.0
OG6092	26.0
OG6093	20.0
OG6094	0.0
OG6095	0.0
OG6096	0.0
OG6097	1.0
OG6098	3.0
OG6099	0.0
OG6100	0.0
OG6101	2.0
OG6102	0.0
OG6103	0.0
OG6104	0.0
OG6105	1.0
OG6106	0.0
OG6107	0.0
OG6108	0.0
OG6109	1.0
OG6110	0.0
OG6111	0.0
OG6112	0.0
OG6113	1.0
OG6114	0.0
OG6115	0.0
OG6116	0.0
OG6117	0.0
OG6118	0.0
OG6119	0.0
OG6120	0.0
OG6121	0.0
OG6122	0.0
OG6123	0.0
OG6124	0.0
OG6125	0.0
OG6126	0.0
OG6127	0.0
OG6128	5.0
OG6129	0.0
OG6130	0.0
OG6131	1.0
OG6132	0.0
OG6133	2.0
OG6134	1.0
OG6135	0.0
OG6136	1.0
OG6137	0.0
OG6138	0.0
OG6139	0.0
OG6140	2.0
OG6141	0.0
OG6142	0.0
OG6143	0.0
OG6144	1.0
OG6145	1.0
OG6146	1.0
OG6147	0.0
OG6148	0.0
OG6149	0.0
OG6150	0.0
OG6151	0.0
OG6152	0.0
OG6153	0.0
OG6154	0.0
OG6155	3.0
OG6156	0.0
OG6157	2.0
OG6158	38.0
OG6159	2.0
OG6160	0.0
OG6161	0.0
OG6162	0.0
OG6163	0.0
OG6164	5.0
OG6165	0.0
OG6166	2.0
OG6167	0.0
OG6168	0.0
OG6169	0.0
OG6170	0.0
OG6171	0.0
OG6172	0.0
OG6173	0.0
OG6174	0.0
OG6175	0.0
OG6176	0.0
OG6177	0.0
OG6178	0.0
OG6179	1.0
OG6180	0.0
OG6181	0.0
OG6182	0.0
OG6183	0.0
OG6184	0.0
OG6185	0.0
OG6186	0.0
OG6187	0.0
OG6188	0.0
OG6189	0.0
OG6190	0.0
OG6191	0.0
OG6192	0.0
OG6193	0.0
OG6194	2.0
OG6195	0.0
OG6196	9.0
OG6197	0.0
OG6198	3.0
OG6199	0.0
OG6200	0.0
OG6201	0.0
OG6202	22.0
OG6203	0.0
OG6204	0.0
OG6205	0.0
OG6206	0.0
OG6207	0.0
OG6208	0.0
OG6209	0.0
OG6210	0.0
OG6211	0.0
OG6212	0.0
OG6213	0.0
OG6214	0.0
OG6215	2.0
OG6216	3.0
OG6217	3.0
OG6218	3.0
OG6219	2.0
OG6220	49.0
OG6221	8.0
OG6222	13.0
OG6223	3.0
OG6224	1407.0
OG6225	1.0
OG6226	0.0
OG6227	1.0
OG6228	2.0
OG6229	0.0
OG6230	0.0
OG6231	0.0
OG6232	9.0
OG6233	889.0
OG6234	1045.0
OG6235	346.0
OG6236	1462.0
OG6237	0.0
OG6238	1.0
OG6239	0.0
OG6240	5.0
OG6241	1.0
OG6242	2.0
OG6243	1.0
OG6244	0.0
OG6245	0.0
OG6246	10.0
OG6247	0.0
OG6248	0.0
OG6249	8.0
OG6250	1.0
OG6251	1.0
OG6252	2.0
OG6253	3.0
OG6254	4.0
OG6255	7.0
OG6256	4.0
OG6257	0.0
OG6258	1.0
OG6259	0.0
OG6260	3.0
OG6261	201.0
OG6262	1.0
OG6263	6.0
OG6264	3.0
OG6265	0.0
OG6266	3.0
OG6267	1.0
OG6268	0.0
OG6269	0.0
OG6270	2.0
OG6271	126.0
OG6272	17.0
OG6273	1.0
OG6274	21.0
OG6275	0.0
OG6276	2.0
OG6277	2.0
OG6278	6.0
OG6279	0.0
OG6280	2.0
OG6281	0.0
OG6282	0.0
OG6283	0.0
OG6284	667.0
OG6285	5.0
OG6286	1.0
OG6287	3.0
OG6288	0.0
OG6289	18.0
OG6290	5.0
OG6291	2.0
OG6292	194.0
OG6293	153.0
OG6294	747.0
OG6295	911.0
OG6296	2839.0
OG6297	1619.0
OG6298	1449.0
OG6299	0.0
OG6300	19.0
OG6301	1.0
OG6302	62.0
OG6303	12.0
OG6304	39.0
OG6305	4.0
OG6306	2.0
OG6307	5.0
OG6308	3.0
OG6309	35.0
OG6310	1057.0
OG6311	465.0
OG6312	778.0
OG6313	0.0
OG6314	0.0
OG6315	24.0
OG6316	58.0
OG6317	4.0
OG6318	2.0
OG6319	9.0
OG6320	2.0
OG6321	2.0
OG6322	106.0
OG6323	7.0
OG6324	360.0
OG6325	76.0
OG6326	286.0
OG6327	39.0
OG6328	2.0
OG6329	1.0
OG6330	915.0
OG6331	5.0
OG6332	103.0
OG6333	0.0
OG6334	0.0
OG6335	3822.0
OG6336	27.0
OG6337	13.0
OG6338	1.0
OG6339	15.0
OG6340	174.0
OG6341	177.0
OG6342	114.0
OG6343	1.0
OG6344	6.0
OG6345	9.0
OG6346	46.0
OG6347	2.0
OG6348	0.0
OG6349	0.0
OG6350	0.0
OG6351	0.0
OG6352	0.0
OG6353	0.0
OG6354	0.0
OG6355	0.0
OG6356	0.0
OG6357	0.0
OG6358	146.0
OG6359	106.0
OG6360	36.0
OG6361	7.0
OG6362	27.0
OG6363	177.0
OG6364	249.0
OG6365	13.0
OG6366	27.0
OG6367	79.0
OG6368	18.0
OG6369	8.0
OG6370	144.0
OG6371	115.0
OG6372	10.0
OG6373	145.0
OG6374	0.0
OG6375	0.0
OG6376	0.0
OG6377	0.0
OG6378	0.0
OG6379	1.0
OG6380	1.0
OG6381	0.0
OG6382	0.0
OG6383	0.0
OG6384	0.0
OG6385	0.0
OG6386	0.0
OG6387	0.0
OG6388	0.0
OG6389	0.0
OG6390	0.0
OG6391	0.0
OG6392	0.0
OG6393	0.0
OG6394	0.0
OG6395	0.0
OG6396	0.0
OG6397	0.0
OG6398	0.0
OG6399	0.0
OG6400	13.0
OG6401	0.0
OG6402	0.0
OG6403	0.0
OG6404	49.0
OG6405	0.0
OG6406	0.0
OG6407	0.0
OG6408	1.0
OG6409	0.0
OG6410	0.0
OG6411	0.0
OG6412	0.0
OG6413	5.0
OG6414	3.0
OG6415	0.0
OG6416	0.0
OG6417	0.0
OG6418	0.0
OG6419	0.0
OG6420	0.0
OG6421	0.0
OG6422	0.0
OG6423	0.0
OG6424	0.0
OG6425	0.0
OG6426	0.0
OG6427	0.0
OG6428	0.0
OG6429	0.0
OG6430	0.0
OG6431	0.0
OG6432	23.0
OG6433	18.0
OG6434	3.0
OG6435	1.0
OG6436	0.0
OG6437	6.0
OG6438	0.0
OG6439	0.0
OG6440	21.0
OG6441	7.0
OG6442	0.0
OG6443	7.0
OG6444	0.0
OG6445	0.0
OG6446	21.0
OG6447	16.0
OG6448	35.0
OG6449	0.0
OG6450	0.0
OG6451	0.0
OG6452	0.0
OG6453	0.0
OG6454	9.0
OG6455	36.0
OG6456	1357.0
OG6457	10.0
OG6458	33.0
OG6459	0.0
OG6460	1.0
OG6461	587.0
OG6462	2634.0
OG6463	1414.0
OG6464	11.0
OG6465	4.0
OG6466	5.0
OG6467	0.0
OG6468	0.0
OG6469	0.0
OG6470	0.0
OG6471	2.0
OG6472	4.0
OG6473	94.0
OG6474	73.0
OG6475	1.0
OG6476	0.0
OG6477	56.0
OG6478	82.0
OG6479	72.0
OG6480	3.0
OG6481	5.0
OG6482	368.0
OG6483	11.0
OG6484	1.0
OG6485	11.0
OG6486	13.0
OG6487	0.0
OG6488	0.0
OG6489	1.0
OG6490	11.0
OG6491	76.0
OG6492	9.0
OG6493	29.0
OG6494	0.0
OG6495	0.0
OG6496	0.0
OG6497	0.0
OG6498	0.0
OG6499	9.0
OG6500	986.0
OG6501	8.0
OG6502	544.0
OG6503	17.0
OG6504	2.0
OG6505	223.0
OG6506	3.0
OG6507	1.0
OG6508	3.0
OG6509	20.0
OG6510	39.0
OG6511	0.0
OG6512	1593.0
OG6513	0.0
OG6514	22.0
OG6515	0.0
OG6516	2275.0
OG6517	152.0
OG6518	647.0
OG6519	118.0
OG6520	0.0
OG6521	0.0
OG6522	85.0
OG6523	1.0
OG6524	430.0
OG6525	11.0
OG6526	10.0
OG6527	21.0
OG6528	52.0
OG6529	90.0
OG6530	243.0
OG6531	0.0
OG6532	1.0
OG6533	6.0
OG6534	1080.0
OG6535	73.0
OG6536	81.0
OG6537	0.0
OG6538	0.0
OG6539	0.0
OG6540	0.0
OG6541	0.0
OG6542	0.0
OG6543	0.0
OG6544	0.0
OG6545	18.0
OG6546	22.0
OG6547	0.0
OG6548	0.0
OG6549	0.0
OG6550	0.0
OG6551	0.0
OG6552	0.0
OG6553	0.0
OG6554	0.0
OG6555	0.0
OG6556	0.0
OG6557	0.0
OG6558	0.0
OG6559	0.0
OG6560	1.0
OG6561	0.0
OG6562	0.0
OG6563	0.0
OG6564	1.0
OG6565	0.0
OG6566	0.0
OG6567	3.0
OG6568	0.0
OG6569	0.0
OG6570	0.0
OG6571	178.0
OG6572	0.0
OG6573	0.0
OG6574	0.0
OG6575	0.0
OG6576	0.0
OG6577	0.0
OG6578	0.0
OG6579	39.0
OG6580	0.0
OG6581	0.0
OG6582	0.0
OG6583	0.0
OG6584	0.0
OG6585	0.0
OG6586	0.0
OG6587	0.0
OG6588	0.0
OG6589	0.0
OG6590	0.0
OG6591	0.0
OG6592	0.0
OG6593	0.0
OG6594	0.0
OG6595	2.0
OG6596	0.0
OG6597	0.0
OG6598	0.0
OG6599	0.0
OG6600	1.0
OG6601	0.0
OG6602	0.0
OG6603	1.0
OG6604	0.0
OG6605	3.0
OG6606	0.0
OG6607	0.0
OG6608	96.0
OG6609	0.0
OG6610	0.0
OG6611	0.0
OG6612	0.0
OG6613	0.0
OG6614	1.0
OG6615	0.0
OG6616	0.0
OG6617	4.0
OG6618	0.0
OG6619	0.0
OG6620	1.0
OG6621	0.0
OG6622	0.0
OG6623	0.0
OG6624	1.0
OG6625	0.0
OG6626	0.0
OG6627	4.0
OG6628	2.0
OG6629	9.0
OG6630	10.0
OG6631	3.0
OG6632	2.0
OG6633	3.0
OG6634	0.0
OG6635	0.0
OG6636	0.0
OG6637	1.0
OG6638	88.0
OG6639	0.0
OG6640	0.0
OG6641	0.0
OG6642	0.0
OG6643	0.0
OG6644	0.0
OG6645	0.0
OG6646	0.0
OG6647	0.0
OG6648	0.0
OG6649	0.0
OG6650	0.0
OG6651	0.0
OG6652	0.0
OG6653	0.0
OG6654	0.0
OG6655	0.0
OG6656	0.0
OG6657	0.0
OG6658	0.0
OG6659	0.0
OG6660	0.0
OG6661	0.0
OG6662	0.0
OG6663	0.0
OG6664	0.0
OG6665	0.0
OG6666	0.0
OG6667	0.0
OG6668	0.0
OG6669	0.0
OG6670	0.0
OG6671	0.0
OG6672	0.0
OG6673	0.0
OG6674	0.0
OG6675	0.0
OG6676	0.0
OG6677	0.0
OG6678	0.0
OG6679	0.0
OG6680	0.0
OG6681	0.0
OG6682	0.0
OG6683	0.0
OG6684	0.0
OG6685	0.0
OG6686	0.0
OG6687	0.0
OG6688	0.0
OG6689	0.0
OG6690	0.0
OG6691	0.0
OG6692	0.0
OG6693	0.0
OG6694	0.0
OG6695	0.0
OG6696	0.0
OG6697	0.0
OG6698	0.0
OG6699	0.0
OG6700	0.0
OG6701	0.0
OG6702	0.0
OG6703	0.0
OG6704	0.0
OG6705	0.0
OG6706	0.0
OG6707	0.0
OG6708	0.0
OG6709	0.0
OG6710	0.0
OG6711	0.0
OG6712	0.0
OG6713	0.0
OG6714	0.0
OG6715	0.0
OG6716	0.0
OG6717	0.0
OG6718	0.0
OG6719	0.0
OG6720	0.0
OG6721	0.0
OG6722	0.0
OG6723	0.0
OG6724	0.0
OG6725	0.0
OG6726	0.0
OG6727	0.0
OG6728	0.0
OG6729	0.0
OG6730	0.0
OG6731	0.0
OG6732	0.0
OG6733	0.0
OG6734	0.0
OG6735	0.0
OG6736	0.0
OG6737	0.0
OG6738	0.0
OG6739	0.0
OG6740	0.0
OG6741	0.0
OG6742	0.0
OG6743	0.0
OG6744	0.0
OG6745	0.0
OG6746	0.0
OG6747	0.0
OG6748	0.0
OG6749	0.0
OG6750	0.0
OG6751	0.0
OG6752	0.0
OG6753	0.0
OG6754	0.0
OG6755	0.0
OG6756	0.0
OG6757	0.0
OG6758	0.0
OG6759	0.0
OG6760	0.0
OG6761	0.0
OG6762	0.0
OG6763	0.0
OG6764	0.0
OG6765	0.0
OG6766	0.0
OG6767	0.0
OG6768	0.0
OG6769	0.0
OG6770	0.0
OG6771	0.0
OG6772	0.0
OG6773	0.0
OG6774	0.0
OG6775	0.0
OG6776	0.0
OG6777	0.0
OG6778	0.0
OG6779	0.0
OG6780	13.0
OG6781	0.0
OG6782	0.0
OG6783	0.0
OG6784	0.0
OG6785	0.0
OG6786	0.0
OG6787	18.0
OG6788	8.0
OG6789	2.0
OG6790	0.0
OG6791	0.0
OG6792	4.0
OG6793	6.0
OG6794	0.0
OG6795	0.0
OG6796	16.0
OG6797	14.0
OG6798	0.0
OG6799	1.0
OG6800	0.0
OG6801	0.0
OG6802	0.0
OG6803	0.0
OG6804	0.0
OG6805	0.0
OG6806	0.0
OG6807	0.0
OG6808	0.0
OG6809	0.0
OG6810	0.0
OG6811	0.0
OG6812	0.0
OG6813	0.0
OG6814	0.0
OG6815	0.0
OG6816	9.0
OG6817	0.0
OG6818	0.0
OG6819	0.0
OG6820	0.0
OG6821	0.0
OG6822	0.0
OG6823	0.0
OG6824	0.0
OG6825	0.0
OG6826	0.0
OG6827	0.0
OG6828	0.0
OG6829	4.0
OG6830	0.0
OG6831	0.0
OG6832	0.0
OG6833	0.0
OG6834	0.0
OG6835	2.0
OG6836	0.0
OG6837	0.0
OG6838	0.0
OG6839	0.0
OG6840	0.0
OG6841	0.0
OG6842	0.0
OG6843	1.0
OG6844	0.0
OG6845	3.0
OG6846	0.0
OG6847	0.0
OG6848	1.0
OG6849	0.0
OG6850	0.0
OG6851	0.0
OG6852	0.0
OG6853	0.0
OG6854	0.0
OG6855	1.0
OG6856	1.0
OG6857	1.0
OG6858	2.0
OG6859	0.0
OG6860	6.0
OG6861	0.0
OG6862	0.0
OG6863	0.0
OG6864	0.0
OG6865	0.0
OG6866	1.0
OG6867	1.0
OG6868	0.0
OG6869	0.0
OG6870	0.0
OG6871	1.0
OG6872	0.0
OG6873	1.0
OG6874	0.0
OG6875	1.0
OG6876	0.0
OG6877	1.0
OG6878	0.0
OG6879	0.0
OG6880	0.0
OG6881	0.0
OG6882	0.0
OG6883	0.0
OG6884	0.0
OG6885	0.0
OG6886	0.0
OG6887	0.0
OG6888	0.0
OG6889	0.0
OG6890	0.0
OG6891	4.0
OG6892	0.0
OG6893	1.0
OG6894	0.0
OG6895	0.0
OG6896	0.0
OG6897	0.0
OG6898	0.0
OG6899	0.0
OG6900	0.0
OG6901	0.0
OG6902	0.0
OG6903	0.0
OG6904	0.0
OG6905	0.0
OG6906	0.0
OG6907	2.0
OG6908	6.0
OG6909	0.0
OG6910	0.0
OG6911	0.0
OG6912	0.0
OG6913	0.0
OG6914	0.0
OG6915	2.0
OG6916	176.0
OG6917	0.0
OG6918	0.0
OG6919	0.0
OG6920	0.0
OG6921	0.0
OG6922	0.0
OG6923	0.0
OG6924	0.0
OG6925	1.0
OG6926	0.0
OG6927	1.0
OG6928	0.0
OG6929	0.0
OG6930	0.0
OG6931	0.0
OG6932	0.0
OG6933	0.0
OG6934	1.0
OG6935	11.0
OG6936	7.0
OG6937	0.0
OG6938	6.0
OG6939	0.0
OG6940	0.0
OG6941	0.0
OG6942	1.0
OG6943	0.0
OG6944	0.0
OG6945	0.0
OG6946	1.0
OG6947	2.0
OG6948	0.0
OG6949	0.0
OG6950	0.0
OG6951	0.0
OG6952	0.0
OG6953	0.0
OG6954	3.0
OG6955	0.0
OG6956	0.0
OG6957	1.0
OG6958	0.0
OG6959	0.0
OG6960	0.0
OG6961	0.0
OG6962	0.0
OG6963	1.0
OG6964	0.0
OG6965	0.0
OG6966	0.0
OG6967	0.0
