OG	sample_1A
OG0	270.0
OG1	9.0
OG2	268.0
OG3	12.0
OG4	13.0
OG5	0.0
OG6	1.0
OG7	40.0
OG8	319.0
OG9	3.0
OG10	20.0
OG11	14.0
OG12	4.0
OG13	0.0
OG14	160.0
OG15	59.0
OG16	1.0
OG17	0.0
OG18	22.0
OG19	32.0
OG20	0.0
OG21	110.0
OG22	0.0
OG23	22.0
OG24	13.0
OG25	1.0
OG26	514.0
OG27	39.0
OG28	13.0
OG29	481.0
OG30	124.0
OG31	75.0
OG32	0.0
OG33	6.0
OG34	10.0
OG35	146.0
OG36	655.0
OG37	41.0
OG38	78.0
OG39	345.0
OG40	0.0
OG41	270.0
OG42	1.0
OG43	79.0
OG44	384.0
OG45	0.0
OG46	11.0
OG47	42.0
OG48	148.0
OG49	15.0
OG50	112.0
OG51	5.0
OG52	0.0
OG53	5.0
OG54	0.0
OG55	0.0
OG56	31.0
OG57	20.0
OG58	433.0
OG59	13.0
OG60	23.0
OG61	1.0
OG62	2.0
OG63	0.0
OG64	6.0
OG65	0.0
OG66	2.0
OG67	13.0
OG68	5.0
OG69	0.0
OG70	6.0
OG71	464.0
OG72	0.0
OG73	159.0
OG74	33.0
OG75	263.0
OG76	2.0
OG77	131.0
OG78	2.0
OG79	7.0
OG80	221.0
OG81	72.0
OG82	630.0
OG83	4.0
OG84	23.0
OG85	10.0
OG86	21.0
OG87	4.0
OG88	4.0
OG89	18.0
OG90	177.0
OG91	12.0
OG92	22.0
OG93	10.0
OG94	75.0
OG95	3.0
OG96	4.0
OG97	31.0
OG98	1.0
OG99	90.0
OG100	521.0
OG101	5.0
OG102	185.0
OG103	343.0
OG104	237.0
OG105	0.0
OG106	14.0
OG107	1.0
OG108	0.0
OG109	0.0
OG110	2.0
OG111	7.0
OG112	236.0
OG113	119.0
OG114	2.0
OG115	2.0
OG116	18.0
OG117	0.0
OG118	14.0
OG119	1.0
OG120	44.0
OG121	9.0
OG122	27.0
OG123	37.0
OG124	2410.0
OG125	17.0
OG126	70.0
OG127	10.0
OG128	103.0
OG129	7.0
OG130	91.0
OG131	60.0
OG132	263.0
OG133	367.0
OG134	149.0
OG135	6.0
OG136	23.0
OG137	16.0
OG138	2.0
OG139	3.0
OG140	20.0
OG141	406.0
OG142	297.0
OG143	0.0
OG144	7.0
OG145	74.0
OG146	2.0
OG147	166.0
OG148	0.0
OG149	8.0
OG150	0.0
OG151	4.0
OG152	2.0
OG153	1.0
OG154	7.0
OG155	102.0
OG156	16.0
OG157	7.0
OG158	85.0
OG159	96.0
OG160	876.0
OG161	27.0
OG162	53.0
OG163	4.0
OG164	0.0
OG165	2.0
OG166	1447.0
OG167	274.0
OG168	11.0
OG169	11.0
OG170	1.0
OG171	127.0
OG172	166.0
OG173	56.0
OG174	3.0
OG175	55.0
OG176	100.0
OG177	7.0
OG178	22.0
OG179	200.0
OG180	0.0
OG181	2457.0
OG182	45.0
OG183	12.0
OG184	706.0
OG185	23273.0
OG186	375.0
OG187	734.0
OG188	1.0
OG189	2992.0
OG190	361.0
OG191	10.0
OG192	1222.0
OG193	0.0
OG194	302.0
OG195	24.0
OG196	10.0
OG197	15.0
OG198	0.0
OG199	1053.0
OG200	250.0
OG201	0.0
OG202	5.0
OG203	54.0
OG204	137.0
OG205	64.0
OG206	184.0
OG207	68.0
OG208	22.0
OG209	215.0
OG210	10.0
OG211	36.0
OG212	34.0
OG213	270.0
OG214	0.0
OG215	18.0
OG216	8.0
OG217	18.0
OG218	779.0
OG219	3.0
OG220	4.0
OG221	8.0
OG222	87.0
OG223	502.0
OG224	0.0
OG225	181.0
OG226	1692.0
OG227	74.0
OG228	1.0
OG229	1.0
OG230	14.0
OG231	134.0
OG232	26.0
OG233	304.0
OG234	55.0
OG235	445.0
OG236	222.0
OG237	465.0
OG238	176.0
OG239	462.0
OG240	433.0
OG241	82.0
OG242	131.0
OG243	1103.0
OG244	819.0
OG245	263.0
OG246	416.0
OG247	709.0
OG248	364.0
OG249	41.0
OG250	16.0
OG251	157.0
OG252	142.0
OG253	10.0
OG254	505.0
OG255	1543.0
OG256	759.0
OG257	1061.0
OG258	157.0
OG259	50.0
OG260	58.0
OG261	26.0
OG262	506.0
OG263	87.0
OG264	946.0
OG265	45.0
OG266	101.0
OG267	75.0
OG268	280.0
OG269	39.0
OG270	47.0
OG271	195.0
OG272	342.0
OG273	235.0
OG274	445.0
OG275	23.0
OG276	2.0
OG277	64.0
OG278	303.0
OG279	39479.0
OG280	608.0
OG281	17.0
OG282	82.0
OG283	85.0
OG284	208.0
OG285	1191.0
OG286	224.0
OG287	2395.0
OG288	130.0
OG289	44.0
OG290	115.0
OG291	35.0
OG292	721.0
OG293	151.0
OG294	23.0
OG295	15.0
OG296	218.0
OG297	10.0
OG298	423.0
OG299	1095.0
OG300	50.0
OG301	131.0
OG302	39.0
OG303	5174.0
OG304	1860.0
OG305	310.0
OG306	24.0
OG307	87.0
OG308	15.0
OG309	45.0
OG310	17.0
OG311	989.0
OG312	937.0
OG313	3107.0
OG314	1060.0
OG315	39.0
OG316	98.0
OG317	329.0
OG318	1031.0
OG319	1394.0
OG320	65.0
OG321	46.0
OG322	22.0
OG323	477.0
OG324	148.0
OG325	846.0
OG326	284.0
OG327	891.0
OG328	532.0
OG329	2648.0
OG330	365.0
OG331	293.0
OG332	153.0
OG333	869.0
OG334	564.0
OG335	40.0
OG336	317.0
OG337	174.0
OG338	554.0
OG339	71.0
OG340	2435.0
OG341	823.0
OG342	398.0
OG343	60.0
OG344	872.0
OG345	108.0
OG346	22.0
OG347	74.0
OG348	74.0
OG349	24.0
OG350	1271.0
OG351	1182.0
OG352	21.0
OG353	21.0
OG354	99.0
OG355	5093.0
OG356	22.0
OG357	9.0
OG358	148.0
OG359	26.0
OG360	71.0
OG361	457.0
OG362	38.0
OG363	202.0
OG364	771.0
OG365	48.0
OG366	9.0
OG367	406.0
OG368	12.0
OG369	23.0
OG370	310.0
OG371	228.0
OG372	101.0
OG373	1768.0
OG374	506.0
OG375	179.0
OG376	28.0
OG377	414.0
OG378	448.0
OG379	707.0
OG380	407.0
OG381	596.0
OG382	3.0
OG383	129.0
OG384	1469.0
OG385	587.0
OG386	902.0
OG387	493.0
OG388	162.0
OG389	1014.0
OG390	141.0
OG391	362.0
OG392	962.0
OG393	560.0
OG394	897.0
OG395	208.0
OG396	615.0
OG397	594.0
OG398	48.0
OG399	500.0
OG400	282.0
OG401	2618.0
OG402	66.0
OG403	2568.0
OG404	40.0
OG405	214.0
OG406	1156.0
OG407	260.0
OG408	234.0
OG409	815.0
OG410	575.0
OG411	3063.0
OG412	160.0
OG413	2953.0
OG414	572.0
OG415	776.0
OG416	697.0
OG417	555.0
OG418	493.0
OG419	441.0
OG420	4633.0
OG421	16.0
OG422	449.0
OG423	69.0
OG424	402.0
OG425	755.0
OG426	376.0
OG427	256.0
OG428	3654.0
OG429	8377.0
OG430	1428.0
OG431	328.0
OG432	950.0
OG433	2012.0
OG434	2547.0
OG435	445.0
OG436	247.0
OG437	260.0
OG438	4222.0
OG439	18.0
OG440	884.0
OG441	938.0
OG442	111.0
OG443	2204.0
OG444	1298.0
OG445	561.0
OG446	237.0
OG447	2035.0
OG448	1486.0
OG449	336.0
OG450	725.0
OG451	524.0
OG452	629.0
OG453	24.0
OG454	153.0
OG455	118.0
OG456	77.0
OG457	1029.0
OG458	74.0
OG459	1100.0
OG460	104.0
OG461	1224.0
OG462	630.0
OG463	617.0
OG464	34.0
OG465	518.0
OG466	1297.0
OG467	775.0
OG468	852.0
OG469	43.0
OG470	20.0
OG471	264.0
OG472	1950.0
OG473	131.0
OG474	82.0
OG475	235.0
OG476	21157.0
OG477	1000.0
OG478	1937.0
OG479	240.0
OG480	1824.0
OG481	2807.0
OG482	1681.0
OG483	1411.0
OG484	42.0
OG485	919.0
OG486	550.0
OG487	513.0
OG488	115.0
OG489	1328.0
OG490	1135.0
OG491	296.0
OG492	325.0
OG493	25.0
OG494	316.0
OG495	787.0
OG496	1244.0
OG497	96.0
OG498	1403.0
OG499	2840.0
OG500	115.0
OG501	189.0
OG502	78.0
OG503	1137.0
OG504	754.0
OG505	182.0
OG506	390.0
OG507	30.0
OG508	302.0
OG509	387.0
OG510	298.0
OG511	873.0
OG512	358.0
OG513	146.0
OG514	77.0
OG515	75.0
OG516	112.0
OG517	3.0
OG518	135.0
OG519	907.0
OG520	851.0
OG521	1346.0
OG522	756.0
OG523	2291.0
OG524	1190.0
OG525	2254.0
OG526	276.0
OG527	18.0
OG528	976.0
OG529	51.0
OG530	550.0
OG531	95.0
OG532	1026.0
OG533	564.0
OG534	264.0
OG535	114.0
OG536	905.0
OG537	683.0
OG538	739.0
OG539	392.0
OG540	350.0
OG541	887.0
OG542	444.0
OG543	238.0
OG544	196.0
OG545	898.0
OG546	591.0
OG547	347.0
OG548	120.0
OG549	82.0
OG550	419.0
OG551	362.0
OG552	57.0
OG553	661.0
OG554	3351.0
OG555	1493.0
OG556	960.0
OG557	1863.0
OG558	615.0
OG559	12.0
OG560	12.0
OG561	196.0
OG562	270.0
OG563	292.0
OG564	706.0
OG565	84.0
OG566	544.0
OG567	149.0
OG568	1406.0
OG569	1012.0
OG570	135.0
OG571	553.0
OG572	774.0
OG573	89.0
OG574	220.0
OG575	325.0
OG576	447.0
OG577	257.0
OG578	154.0
OG579	293.0
OG580	311.0
OG581	535.0
OG582	297.0
OG583	138.0
OG584	585.0
OG585	825.0
OG586	97.0
OG587	129.0
OG588	99.0
OG589	832.0
OG590	2903.0
OG591	453.0
OG592	98.0
OG593	1935.0
OG594	305.0
OG595	2352.0
OG596	85.0
OG597	847.0
OG598	2120.0
OG599	182.0
OG600	34.0
OG601	456.0
OG602	3298.0
OG603	27.0
OG604	2443.0
OG605	1437.0
OG606	102.0
OG607	1149.0
OG608	74.0
OG609	243.0
OG610	3784.0
OG611	820.0
OG612	389.0
OG613	27.0
OG614	80.0
OG615	83.0
OG616	796.0
OG617	10.0
OG618	184.0
OG619	1324.0
OG620	200.0
OG621	596.0
OG622	554.0
OG623	450.0
OG624	293.0
OG625	467.0
OG626	147.0
OG627	6536.0
OG628	133.0
OG629	489.0
OG630	236.0
OG631	2005.0
OG632	268.0
OG633	406.0
OG634	950.0
OG635	1208.0
OG636	330.0
OG637	816.0
OG638	597.0
OG639	397.0
OG640	1437.0
OG641	2799.0
OG642	472.0
OG643	836.0
OG644	74.0
OG645	658.0
OG646	3108.0
OG647	170.0
OG648	273.0
OG649	25.0
OG650	1766.0
OG651	1835.0
OG652	311.0
OG653	463.0
OG654	313.0
OG655	77.0
OG656	44.0
OG657	1357.0
OG658	348.0
OG659	130.0
OG660	572.0
OG661	510.0
OG662	81.0
OG663	1584.0
OG664	236.0
OG665	195.0
OG666	14.0
OG667	25.0
OG668	4552.0
OG669	702.0
OG670	52.0
OG671	30.0
OG672	93.0
OG673	1276.0
OG674	33.0
OG675	229.0
OG676	710.0
OG677	65.0
OG678	4772.0
OG679	86.0
OG680	223.0
OG681	820.0
OG682	1869.0
OG683	530.0
OG684	2562.0
OG685	2064.0
OG686	240.0
OG687	2122.0
OG688	2794.0
OG689	492.0
OG690	885.0
OG691	72.0
OG692	208.0
OG693	2589.0
OG694	63.0
OG695	32.0
OG696	150.0
OG697	100.0
OG698	212.0
OG699	65.0
OG700	101.0
OG701	199.0
OG702	10020.0
OG703	174.0
OG704	10.0
OG705	18.0
OG706	109.0
OG707	571.0
OG708	91.0
OG709	1111.0
OG710	304.0
OG711	342.0
OG712	556.0
OG713	1593.0
OG714	1239.0
OG715	31.0
OG716	632.0
OG717	2477.0
OG718	713.0
OG719	2598.0
OG720	202.0
OG721	72.0
OG722	668.0
OG723	263.0
OG724	1057.0
OG725	223.0
OG726	1006.0
OG727	175.0
OG728	151.0
OG729	294.0
OG730	498.0
OG731	420.0
OG732	55.0
OG733	103.0
OG734	3619.0
OG735	297.0
OG736	1147.0
OG737	314.0
OG738	5.0
OG739	569.0
OG740	1205.0
OG741	5865.0
OG742	4.0
OG743	142.0
OG744	161.0
OG745	431.0
OG746	1854.0
OG747	1052.0
OG748	20.0
OG749	2478.0
OG750	822.0
OG751	213.0
OG752	142.0
OG753	709.0
OG754	310.0
OG755	920.0
OG756	600.0
OG757	2548.0
OG758	2488.0
OG759	1004.0
OG760	810.0
OG761	297.0
OG762	287.0
OG763	118.0
OG764	566.0
OG765	130.0
OG766	27.0
OG767	99.0
OG768	25.0
OG769	556.0
OG770	205.0
OG771	373.0
OG772	446.0
OG773	1625.0
OG774	229.0
OG775	516.0
OG776	320.0
OG777	356.0
OG778	322.0
OG779	36.0
OG780	52.0
OG781	3.0
OG782	165.0
OG783	146.0
OG784	1462.0
OG785	1055.0
OG786	921.0
OG787	425.0
OG788	662.0
OG789	80.0
OG790	335.0
OG791	7967.0
OG792	77.0
OG793	228.0
OG794	14.0
OG795	1.0
OG796	894.0
OG797	12.0
OG798	693.0
OG799	4201.0
OG800	469.0
OG801	1851.0
OG802	1125.0
OG803	8.0
OG804	166.0
OG805	45.0
OG806	42.0
OG807	1467.0
OG808	282.0
OG809	516.0
OG810	871.0
OG811	5282.0
OG812	290.0
OG813	355.0
OG814	73.0
OG815	1822.0
OG816	1174.0
OG817	523.0
OG818	407.0
OG819	1117.0
OG820	431.0
OG821	1027.0
OG822	464.0
OG823	1520.0
OG824	25.0
OG825	4795.0
OG826	260.0
OG827	202.0
OG828	3327.0
OG829	210.0
OG830	42.0
OG831	1534.0
OG832	194.0
OG833	2.0
OG834	330.0
OG835	1816.0
OG836	221.0
OG837	1605.0
OG838	190.0
OG839	0.0
OG840	721.0
OG841	1076.0
OG842	881.0
OG843	530.0
OG844	1935.0
OG845	169.0
OG846	22972.0
OG847	132.0
OG848	98.0
OG849	0.0
OG850	4.0
OG851	508.0
OG852	7.0
OG853	0.0
OG854	57.0
OG855	0.0
OG856	48.0
OG857	5.0
OG858	100.0
OG859	255.0
OG860	4.0
OG861	80.0
OG862	674.0
OG863	502.0
OG864	531.0
OG865	1972.0
OG866	4017.0
OG867	505.0
OG868	115.0
OG869	1.0
OG870	130.0
OG871	66.0
OG872	475.0
OG873	204.0
OG874	796.0
OG875	3716.0
OG876	627.0
OG877	1456.0
OG878	1306.0
OG879	8824.0
OG880	41.0
OG881	561.0
OG882	247.0
OG883	7744.0
OG884	425.0
OG885	1455.0
OG886	17.0
OG887	660.0
OG888	192.0
OG889	303.0
OG890	132.0
OG891	232.0
OG892	499.0
OG893	66.0
OG894	23.0
OG895	2193.0
OG896	61.0
OG897	781.0
OG898	7554.0
OG899	795.0
OG900	64.0
OG901	1057.0
OG902	405.0
OG903	123.0
OG904	1.0
OG905	1036.0
OG906	3817.0
OG907	140.0
OG908	882.0
OG909	270.0
OG910	2972.0
OG911	47.0
OG912	7888.0
OG913	164.0
OG914	2432.0
OG915	6120.0
OG916	662.0
OG917	66255.0
OG918	15.0
OG919	157.0
OG920	57.0
OG921	105.0
OG922	2610.0
OG923	30.0
OG924	5841.0
OG925	72.0
OG926	705.0
OG927	12.0
OG928	2.0
OG929	49.0
OG930	85.0
OG931	401.0
OG932	22.0
OG933	177.0
OG934	21.0
OG935	44.0
OG936	2.0
OG937	10.0
OG938	0.0
OG939	11.0
OG940	0.0
OG941	0.0
OG942	6.0
OG943	87.0
OG944	62.0
OG945	2175.0
OG946	81.0
OG947	104.0
OG948	442.0
OG949	187.0
OG950	24.0
OG951	1350.0
OG952	9.0
OG953	0.0
OG954	97.0
OG955	14.0
OG956	9.0
OG957	67.0
OG958	11.0
OG959	8.0
OG960	0.0
OG961	45.0
OG962	46.0
OG963	9657.0
OG964	931.0
OG965	6.0
OG966	87.0
OG967	0.0
OG968	6.0
OG969	3.0
OG970	380.0
OG971	1069.0
OG972	26.0
OG973	5770.0
OG974	19.0
OG975	1.0
OG976	0.0
OG977	131.0
OG978	5.0
OG979	0.0
OG980	327.0
OG981	5.0
OG982	8.0
OG983	31.0
OG984	42.0
OG985	0.0
OG986	76.0
OG987	3.0
OG988	4.0
OG989	1259.0
OG990	5.0
OG991	2.0
OG992	398.0
OG993	31.0
OG994	114.0
OG995	216.0
OG996	77.0
OG997	139.0
OG998	625.0
OG999	10.0
OG1000	424.0
OG1001	9493.0
OG1002	191.0
OG1003	21.0
OG1004	1084.0
OG1005	1665.0
OG1006	3424.0
OG1007	974.0
OG1008	703.0
OG1009	642.0
OG1010	609.0
OG1011	1773.0
OG1012	103.0
OG1013	20198.0
OG1014	69.0
OG1015	522.0
OG1016	934.0
OG1017	1402.0
OG1018	1472.0
OG1019	98.0
OG1020	2463.0
OG1021	2474.0
OG1022	167.0
OG1023	1357.0
OG1024	5362.0
OG1025	6.0
OG1026	1667.0
OG1027	196.0
OG1028	191.0
OG1029	1.0
OG1030	16.0
OG1031	4.0
OG1032	21.0
OG1033	18.0
OG1034	46.0
OG1035	4695.0
OG1036	90.0
OG1037	5.0
OG1038	36.0
OG1039	223.0
OG1040	839.0
OG1041	10287.0
OG1042	582.0
OG1043	4.0
OG1044	1.0
OG1045	0.0
OG1046	4.0
OG1047	1390.0
OG1048	4.0
OG1049	667.0
OG1050	24.0
OG1051	1.0
OG1052	10.0
OG1053	54.0
OG1054	3700.0
OG1055	175.0
OG1056	626.0
OG1057	41.0
OG1058	0.0
OG1059	601.0
OG1060	2315.0
OG1061	515.0
OG1062	201.0
OG1063	316.0
OG1064	23.0
OG1065	126.0
OG1066	43.0
OG1067	69.0
OG1068	4.0
OG1069	6.0
OG1070	40.0
OG1071	379.0
OG1072	86.0
OG1073	77.0
OG1074	586.0
OG1075	457.0
OG1076	1324.0
OG1077	2550.0
OG1078	204.0
OG1079	75.0
OG1080	550.0
OG1081	159.0
OG1082	117.0
OG1083	80.0
OG1084	1574.0
OG1085	11.0
OG1086	0.0
OG1087	565.0
OG1088	2555.0
OG1089	89.0
OG1090	27.0
OG1091	2819.0
OG1092	1755.0
OG1093	5250.0
OG1094	404.0
OG1095	97.0
OG1096	1155.0
OG1097	19.0
OG1098	1696.0
OG1099	335.0
OG1100	715.0
OG1101	833.0
OG1102	393.0
OG1103	5155.0
OG1104	38.0
OG1105	266.0
OG1106	760.0
OG1107	55.0
OG1108	876.0
OG1109	1354.0
OG1110	506.0
OG1111	1765.0
OG1112	48.0
OG1113	126.0
OG1114	6327.0
OG1115	186.0
OG1116	28.0
OG1117	416.0
OG1118	394.0
OG1119	28.0
OG1120	382.0
OG1121	294.0
OG1122	20720.0
OG1123	321.0
OG1124	3288.0
OG1125	135.0
OG1126	271.0
OG1127	45.0
OG1128	1226.0
OG1129	37.0
OG1130	3447.0
OG1131	185.0
OG1132	287.0
OG1133	283.0
OG1134	4.0
OG1135	695.0
OG1136	728.0
OG1137	599.0
OG1138	233.0
OG1139	1185.0
OG1140	1779.0
OG1141	2189.0
OG1142	1017.0
OG1143	1381.0
OG1144	576.0
OG1145	470.0
OG1146	107.0
OG1147	14161.0
OG1148	143.0
OG1149	1439.0
OG1150	445.0
OG1151	514.0
OG1152	118.0
OG1153	1293.0
OG1154	166.0
OG1155	110.0
OG1156	756.0
OG1157	232.0
OG1158	254.0
OG1159	245.0
OG1160	1507.0
OG1161	223.0
OG1162	1712.0
OG1163	1368.0
OG1164	51.0
OG1165	3519.0
OG1166	420.0
OG1167	182.0
OG1168	360.0
OG1169	774.0
OG1170	1321.0
OG1171	601.0
OG1172	361.0
OG1173	928.0
OG1174	120.0
OG1175	1048.0
OG1176	96.0
OG1177	951.0
OG1178	4396.0
OG1179	643.0
OG1180	1335.0
OG1181	1217.0
OG1182	790.0
OG1183	6911.0
OG1184	5890.0
OG1185	2818.0
OG1186	290.0
OG1187	120.0
OG1188	244.0
OG1189	743.0
OG1190	288.0
OG1191	945.0
OG1192	20.0
OG1193	2521.0
OG1194	4631.0
OG1195	89.0
OG1196	335.0
OG1197	21.0
OG1198	2312.0
OG1199	802.0
OG1200	123.0
OG1201	491.0
OG1202	1443.0
OG1203	144.0
OG1204	1306.0
OG1205	730.0
OG1206	13429.0
OG1207	35.0
OG1208	669.0
OG1209	162.0
OG1210	1334.0
OG1211	1011.0
OG1212	349.0
OG1213	43.0
OG1214	565.0
OG1215	3022.0
OG1216	1907.0
OG1217	306.0
OG1218	100.0
OG1219	665.0
OG1220	21.0
OG1221	1551.0
OG1222	1948.0
OG1223	592.0
OG1224	3246.0
OG1225	543.0
OG1226	1514.0
OG1227	1466.0
OG1228	173.0
OG1229	659.0
OG1230	438.0
OG1231	10895.0
OG1232	690.0
OG1233	995.0
OG1234	138.0
OG1235	2000.0
OG1236	457.0
OG1237	2161.0
OG1238	4033.0
OG1239	3.0
OG1240	4126.0
OG1241	45582.0
OG1242	71.0
OG1243	392.0
OG1244	138.0
OG1245	4096.0
OG1246	27534.0
OG1247	1919.0
OG1248	905.0
OG1249	127.0
OG1250	657.0
OG1251	269.0
OG1252	4886.0
OG1253	4621.0
OG1254	167.0
OG1255	3043.0
OG1256	9912.0
OG1257	221.0
OG1258	2194.0
OG1259	123.0
OG1260	3699.0
OG1261	8463.0
OG1262	1619.0
OG1263	7245.0
OG1264	1948.0
OG1265	1632.0
OG1266	1603.0
OG1267	3530.0
OG1268	1077.0
OG1269	441.0
OG1270	3235.0
OG1271	2062.0
OG1272	1727.0
OG1273	907.0
OG1274	17491.0
OG1275	612.0
OG1276	291.0
OG1277	1218.0
OG1278	125.0
OG1279	425.0
OG1280	190.0
OG1281	101.0
OG1282	7853.0
OG1283	14.0
OG1284	699.0
OG1285	16.0
OG1286	42.0
OG1287	1078.0
OG1288	151.0
OG1289	3032.0
OG1290	9091.0
OG1291	819.0
OG1292	308.0
OG1293	1400.0
OG1294	12.0
OG1295	285.0
OG1296	1238.0
OG1297	640.0
OG1298	40.0
OG1299	1280.0
OG1300	672.0
OG1301	64.0
OG1302	24.0
OG1303	1796.0
OG1304	569.0
OG1305	2970.0
OG1306	4443.0
OG1307	2479.0
OG1308	404.0
OG1309	159.0
OG1310	2296.0
OG1311	2557.0
OG1312	342.0
OG1313	1691.0
OG1314	110.0
OG1315	666.0
OG1316	252.0
OG1317	272.0
OG1318	773.0
OG1319	267.0
OG1320	5692.0
OG1321	773.0
OG1322	1848.0
OG1323	406.0
OG1324	332.0
OG1325	78.0
OG1326	147.0
OG1327	3294.0
OG1328	35.0
OG1329	717.0
OG1330	525.0
OG1331	2268.0
OG1332	794.0
OG1333	21234.0
OG1334	1526.0
OG1335	1608.0
OG1336	4717.0
OG1337	4841.0
OG1338	580.0
OG1339	1583.0
OG1340	92.0
OG1341	9640.0
OG1342	6999.0
OG1343	9158.0
OG1344	18306.0
OG1345	2694.0
OG1346	170.0
OG1347	716.0
OG1348	9192.0
OG1349	15113.0
OG1350	2443.0
OG1351	135.0
OG1352	5234.0
OG1353	323.0
OG1354	770.0
OG1355	73.0
OG1356	2742.0
OG1357	43129.0
OG1358	1385.0
OG1359	1676.0
OG1360	5780.0
OG1361	127.0
OG1362	3266.0
OG1363	970.0
OG1364	4379.0
OG1365	2204.0
OG1366	307.0
OG1367	125.0
OG1368	34.0
OG1369	861.0
OG1370	13019.0
OG1371	18101.0
OG1372	8077.0
OG1373	9612.0
OG1374	42480.0
OG1375	46.0
OG1376	163.0
OG1377	13055.0
OG1378	7536.0
OG1379	3295.0
OG1380	1044.0
OG1381	2.0
OG1382	27.0
OG1383	489.0
OG1384	661.0
OG1385	6120.0
OG1386	16390.0
OG1387	2257.0
OG1388	1212.0
OG1389	969.0
OG1390	5759.0
OG1391	139.0
OG1392	347.0
OG1393	1969.0
OG1394	5210.0
OG1395	3191.0
OG1396	809.0
OG1397	1056.0
OG1398	1547.0
OG1399	976.0
OG1400	1281.0
OG1401	2207.0
OG1402	378.0
OG1403	3406.0
OG1404	5236.0
OG1405	10786.0
OG1406	3496.0
OG1407	8132.0
OG1408	8376.0
OG1409	10002.0
OG1410	1354.0
OG1411	3189.0
OG1412	1571.0
OG1413	351.0
OG1414	5343.0
OG1415	351.0
OG1416	2096.0
OG1417	2951.0
OG1418	1050.0
OG1419	178.0
OG1420	6426.0
OG1421	2163.0
OG1422	158.0
OG1423	2898.0
OG1424	3297.0
OG1425	8463.0
OG1426	4040.0
OG1427	1961.0
OG1428	3221.0
OG1429	927.0
OG1430	1579.0
OG1431	2375.0
OG1432	772.0
OG1433	1648.0
OG1434	298.0
OG1435	581.0
OG1436	722.0
OG1437	5568.0
OG1438	59.0
OG1439	216.0
OG1440	1218.0
OG1441	14260.0
OG1442	9891.0
OG1443	41.0
OG1444	1531.0
OG1445	1392.0
OG1446	1188.0
OG1447	4467.0
OG1448	53.0
OG1449	365.0
OG1450	52.0
OG1451	2458.0
OG1452	752.0
OG1453	658.0
OG1454	666.0
OG1455	767.0
OG1456	303.0
OG1457	504.0
OG1458	4150.0
OG1459	667.0
OG1460	1931.0
OG1461	826.0
OG1462	2549.0
OG1463	2829.0
OG1464	376.0
OG1465	11799.0
OG1466	4013.0
OG1467	550.0
OG1468	615.0
OG1469	855.0
OG1470	18640.0
OG1471	1043.0
OG1472	96.0
OG1473	230.0
OG1474	515.0
OG1475	835.0
OG1476	17264.0
OG1477	796.0
OG1478	642.0
OG1479	6288.0
OG1480	1178.0
OG1481	1031.0
OG1482	1171.0
OG1483	757.0
OG1484	1830.0
OG1485	1000.0
OG1486	6398.0
OG1487	3212.0
OG1488	5679.0
OG1489	4268.0
OG1490	5099.0
OG1491	495.0
OG1492	14457.0
OG1493	773.0
OG1494	1989.0
OG1495	34.0
OG1496	72.0
OG1497	2275.0
OG1498	1941.0
OG1499	338.0
OG1500	2649.0
OG1501	33.0
OG1502	534.0
OG1503	18933.0
OG1504	896.0
OG1505	2782.0
OG1506	1096.0
OG1507	49648.0
OG1508	1547.0
OG1509	3938.0
OG1510	84.0
OG1511	578.0
OG1512	94.0
OG1513	314.0
OG1514	398.0
OG1515	697.0
OG1516	1463.0
OG1517	763.0
OG1518	3400.0
OG1519	1215.0
OG1520	1422.0
OG1521	3508.0
OG1522	2198.0
OG1523	5042.0
OG1524	4845.0
OG1525	1360.0
OG1526	181.0
OG1527	320.0
OG1528	4329.0
OG1529	1449.0
OG1530	3336.0
OG1531	1499.0
OG1532	4462.0
OG1533	1290.0
OG1534	1689.0
OG1535	227.0
OG1536	4396.0
OG1537	2537.0
OG1538	956.0
OG1539	2438.0
OG1540	5387.0
OG1541	775.0
OG1542	623.0
OG1543	565.0
OG1544	596.0
OG1545	1686.0
OG1546	1267.0
OG1547	134.0
OG1548	330.0
OG1549	229.0
OG1550	5943.0
OG1551	2465.0
OG1552	5337.0
OG1553	2.0
OG1554	1520.0
OG1555	13270.0
OG1556	307.0
OG1557	10387.0
OG1558	377.0
OG1559	362.0
OG1560	328.0
OG1561	1573.0
OG1562	1068.0
OG1563	17772.0
OG1564	641.0
OG1565	1356.0
OG1566	546.0
OG1567	1335.0
OG1568	6447.0
OG1569	2834.0
OG1570	44.0
OG1571	34.0
OG1572	1312.0
OG1573	1256.0
OG1574	1572.0
OG1575	113.0
OG1576	801.0
OG1577	424.0
OG1578	178.0
OG1579	357.0
OG1580	289.0
OG1581	4838.0
OG1582	2908.0
OG1583	6067.0
OG1584	98.0
OG1585	4313.0
OG1586	3075.0
OG1587	388.0
OG1588	768.0
OG1589	76.0
OG1590	448.0
OG1591	2019.0
OG1592	3309.0
OG1593	1993.0
OG1594	223.0
OG1595	664.0
OG1596	168.0
OG1597	1623.0
OG1598	514.0
OG1599	660.0
OG1600	870.0
OG1601	54.0
OG1602	35394.0
OG1603	647.0
OG1604	2284.0
OG1605	437.0
OG1606	55.0
OG1607	520.0
OG1608	90.0
OG1609	2809.0
OG1610	6123.0
OG1611	559.0
OG1612	1190.0
OG1613	2598.0
OG1614	4566.0
OG1615	2125.0
OG1616	1308.0
OG1617	187.0
OG1618	236.0
OG1619	4425.0
OG1620	41.0
OG1621	457.0
OG1622	1359.0
OG1623	353.0
OG1624	44893.0
OG1625	566.0
OG1626	3511.0
OG1627	2031.0
OG1628	2398.0
OG1629	4714.0
OG1630	1040.0
OG1631	1183.0
OG1632	821.0
OG1633	3353.0
OG1634	999.0
OG1635	2985.0
OG1636	13020.0
OG1637	30918.0
OG1638	68044.0
OG1639	10217.0
OG1640	2182.0
OG1641	1851.0
OG1642	1999.0
OG1643	919.0
OG1644	1774.0
OG1645	635.0
OG1646	416.0
OG1647	3666.0
OG1648	408.0
OG1649	881.0
OG1650	118.0
OG1651	4589.0
OG1652	1015.0
OG1653	4932.0
OG1654	234.0
OG1655	23.0
OG1656	13949.0
OG1657	6879.0
OG1658	16132.0
OG1659	40.0
OG1660	583.0
OG1661	1910.0
OG1662	29.0
OG1663	2239.0
OG1664	1347.0
OG1665	2717.0
OG1666	3870.0
OG1667	505.0
OG1668	639.0
OG1669	2577.0
OG1670	4220.0
OG1671	48.0
OG1672	1419.0
OG1673	755.0
OG1674	790.0
OG1675	1869.0
OG1676	7581.0
OG1677	534.0
OG1678	2462.0
OG1679	1170.0
OG1680	10985.0
OG1681	1008.0
OG1682	115.0
OG1683	26622.0
OG1684	341.0
OG1685	7741.0
OG1686	1176.0
OG1687	1993.0
OG1688	6379.0
OG1689	440.0
OG1690	182.0
OG1691	1296.0
OG1692	9.0
OG1693	4378.0
OG1694	18182.0
OG1695	1460.0
OG1696	54.0
OG1697	1757.0
OG1698	495.0
OG1699	3188.0
OG1700	855.0
OG1701	28.0
OG1702	189.0
OG1703	10035.0
OG1704	595.0
OG1705	627.0
OG1706	1683.0
OG1707	99.0
OG1708	433.0
OG1709	5800.0
OG1710	644.0
OG1711	40257.0
OG1712	4036.0
OG1713	7004.0
OG1714	1486.0
OG1715	1833.0
OG1716	86.0
OG1717	506.0
OG1718	31.0
OG1719	710.0
OG1720	1472.0
OG1721	1361.0
OG1722	105.0
OG1723	313.0
OG1724	928.0
OG1725	1031.0
OG1726	166.0
OG1727	22.0
OG1728	7.0
OG1729	6.0
OG1730	16.0
OG1731	63.0
OG1732	660.0
OG1733	164.0
OG1734	194.0
OG1735	33.0
OG1736	2.0
OG1737	333.0
OG1738	680.0
OG1739	45.0
OG1740	1691.0
OG1741	274.0
OG1742	49.0
OG1743	914.0
OG1744	4701.0
OG1745	1249.0
OG1746	325.0
OG1747	12.0
OG1748	109.0
OG1749	4203.0
OG1750	560.0
OG1751	38.0
OG1752	5.0
OG1753	97.0
OG1754	8484.0
OG1755	383.0
OG1756	602.0
OG1757	2627.0
OG1758	15.0
OG1759	439.0
OG1760	2812.0
OG1761	1660.0
OG1762	43.0
OG1763	12.0
OG1764	20.0
OG1765	4.0
OG1766	15.0
OG1767	0.0
OG1768	22.0
OG1769	1481.0
OG1770	46.0
OG1771	26.0
OG1772	41.0
OG1773	160.0
OG1774	5.0
OG1775	51.0
OG1776	3.0
OG1777	186.0
OG1778	54.0
OG1779	217.0
OG1780	6.0
OG1781	2817.0
OG1782	3.0
OG1783	0.0
OG1784	0.0
OG1785	0.0
OG1786	1.0
OG1787	6.0
OG1788	0.0
OG1789	4948.0
OG1790	2.0
OG1791	6.0
OG1792	4.0
OG1793	3.0
OG1794	7.0
OG1795	422.0
OG1796	1.0
OG1797	1.0
OG1798	1044.0
OG1799	1321.0
OG1800	146.0
OG1801	13797.0
OG1802	4454.0
OG1803	245.0
OG1804	21.0
OG1805	746.0
OG1806	1.0
OG1807	738.0
OG1808	0.0
OG1809	189.0
OG1810	159.0
OG1811	174.0
OG1812	15.0
OG1813	1.0
OG1814	4.0
OG1815	4.0
OG1816	15.0
OG1817	212.0
OG1818	135.0
OG1819	264.0
OG1820	63.0
OG1821	293.0
OG1822	25.0
OG1823	50.0
OG1824	3.0
OG1825	56.0
OG1826	67.0
OG1827	3.0
OG1828	24.0
OG1829	8.0
OG1830	8.0
OG1831	38.0
OG1832	1.0
OG1833	0.0
OG1834	0.0
OG1835	1.0
OG1836	3.0
OG1837	7.0
OG1838	12.0
OG1839	2.0
OG1840	0.0
OG1841	7.0
OG1842	15.0
OG1843	20.0
OG1844	22.0
OG1845	0.0
OG1846	110.0
OG1847	501.0
OG1848	423.0
OG1849	58.0
OG1850	20.0
OG1851	12.0
OG1852	74.0
OG1853	5.0
OG1854	0.0
OG1855	1.0
OG1856	29.0
OG1857	0.0
OG1858	9.0
OG1859	59.0
OG1860	99.0
OG1861	172.0
OG1862	11.0
OG1863	4.0
OG1864	6.0
OG1865	2.0
OG1866	3.0
OG1867	5120.0
OG1868	42.0
OG1869	0.0
OG1870	0.0
OG1871	0.0
OG1872	13.0
OG1873	0.0
OG1874	103.0
OG1875	133.0
OG1876	0.0
OG1877	5985.0
OG1878	0.0
OG1879	6469.0
OG1880	24015.0
OG1881	81.0
OG1882	0.0
OG1883	0.0
OG1884	72.0
OG1885	223.0
OG1886	298.0
OG1887	1.0
OG1888	0.0
OG1889	10.0
OG1890	13.0
OG1891	17.0
OG1892	313.0
OG1893	0.0
OG1894	3.0
OG1895	7.0
OG1896	6.0
OG1897	4.0
OG1898	4.0
OG1899	9.0
OG1900	123.0
OG1901	1917.0
OG1902	54.0
OG1903	70.0
OG1904	1510.0
OG1905	105.0
OG1906	0.0
OG1907	0.0
OG1908	1.0
OG1909	0.0
OG1910	0.0
OG1911	26.0
OG1912	0.0
OG1913	26.0
OG1914	22.0
OG1915	52.0
OG1916	1452.0
OG1917	9.0
OG1918	3.0
OG1919	105.0
OG1920	265.0
OG1921	32.0
OG1922	35.0
OG1923	19.0
OG1924	172.0
OG1925	16.0
OG1926	2.0
OG1927	0.0
OG1928	0.0
OG1929	141.0
OG1930	0.0
OG1931	9.0
OG1932	5.0
OG1933	12.0
OG1934	2.0
OG1935	21.0
OG1936	218.0
OG1937	1.0
OG1938	11.0
OG1939	414.0
OG1940	11.0
OG1941	62.0
OG1942	0.0
OG1943	0.0
OG1944	0.0
OG1945	0.0
OG1946	6.0
OG1947	0.0
OG1948	0.0
OG1949	0.0
OG1950	0.0
OG1951	0.0
OG1952	0.0
OG1953	0.0
OG1954	4.0
OG1955	29.0
OG1956	8.0
OG1957	60.0
OG1958	0.0
OG1959	0.0
OG1960	3.0
OG1961	2.0
OG1962	16.0
OG1963	0.0
OG1964	18.0
OG1965	0.0
OG1966	24.0
OG1967	0.0
OG1968	0.0
OG1969	1.0
OG1970	775.0
OG1971	1.0
OG1972	0.0
OG1973	2.0
OG1974	9.0
OG1975	191.0
OG1976	205.0
OG1977	0.0
OG1978	0.0
OG1979	1.0
OG1980	3.0
OG1981	177.0
OG1982	189.0
OG1983	15.0
OG1984	46.0
OG1985	331.0
OG1986	315.0
OG1987	0.0
OG1988	185.0
OG1989	3.0
OG1990	1.0
OG1991	2419.0
OG1992	0.0
OG1993	0.0
OG1994	1.0
OG1995	0.0
OG1996	0.0
OG1997	0.0
OG1998	0.0
OG1999	1.0
OG2000	34.0
OG2001	15.0
OG2002	9.0
OG2003	0.0
OG2004	0.0
OG2005	0.0
OG2006	0.0
OG2007	0.0
OG2008	248.0
OG2009	0.0
OG2010	19.0
OG2011	0.0
OG2012	17.0
OG2013	6866.0
OG2014	53.0
OG2015	10.0
OG2016	0.0
OG2017	712.0
OG2018	208.0
OG2019	0.0
OG2020	1871.0
OG2021	10426.0
OG2022	5145.0
OG2023	1564.0
OG2024	1229.0
OG2025	6.0
OG2026	1.0
OG2027	0.0
OG2028	15.0
OG2029	7574.0
OG2030	10212.0
OG2031	27.0
OG2032	10.0
OG2033	115.0
OG2034	6904.0
OG2035	2.0
OG2036	96.0
OG2037	661.0
OG2038	206.0
OG2039	1819.0
OG2040	24.0
OG2041	10.0
OG2042	156.0
OG2043	0.0
OG2044	2.0
OG2045	3.0
OG2046	11.0
OG2047	7.0
OG2048	1502.0
OG2049	0.0
OG2050	203.0
OG2051	241.0
OG2052	3.0
OG2053	106.0
OG2054	1244.0
OG2055	42.0
OG2056	6.0
OG2057	3.0
OG2058	4.0
OG2059	65.0
OG2060	67.0
OG2061	1.0
OG2062	1559.0
OG2063	6043.0
OG2064	2772.0
OG2065	5563.0
OG2066	5776.0
OG2067	476.0
OG2068	108.0
OG2069	1111.0
OG2070	172.0
OG2071	277.0
OG2072	2.0
OG2073	341.0
OG2074	2.0
OG2075	622.0
OG2076	8.0
OG2077	0.0
OG2078	120.0
OG2079	14.0
OG2080	3.0
OG2081	0.0
OG2082	131.0
OG2083	29.0
OG2084	107.0
OG2085	2000.0
OG2086	17.0
OG2087	337.0
OG2088	14.0
OG2089	3.0
OG2090	45037.0
OG2091	2.0
OG2092	107202.0
OG2093	306.0
OG2094	11.0
OG2095	3497.0
OG2096	3215.0
OG2097	77196.0
OG2098	29406.0
OG2099	438.0
OG2100	654.0
OG2101	282.0
OG2102	17.0
OG2103	16813.0
OG2104	405.0
OG2105	476.0
OG2106	15.0
OG2107	72.0
OG2108	81.0
OG2109	39.0
OG2110	135.0
OG2111	20.0
OG2112	25.0
OG2113	174825.0
OG2114	4.0
OG2115	12.0
OG2116	3.0
OG2117	18.0
OG2118	107.0
OG2119	44.0
OG2120	228.0
OG2121	32.0
OG2122	33.0
OG2123	96.0
OG2124	10.0
OG2125	23.0
OG2126	61.0
OG2127	0.0
OG2128	0.0
OG2129	52.0
OG2130	0.0
OG2131	2.0
OG2132	36.0
OG2133	0.0
OG2134	0.0
OG2135	0.0
OG2136	0.0
OG2137	0.0
OG2138	0.0
OG2139	0.0
OG2140	0.0
OG2141	0.0
OG2142	0.0
OG2143	0.0
OG2144	0.0
OG2145	0.0
OG2146	0.0
OG2147	0.0
OG2148	0.0
OG2149	0.0
OG2150	39.0
OG2151	10.0
OG2152	0.0
OG2153	90.0
OG2154	0.0
OG2155	1.0
OG2156	152.0
OG2157	44.0
OG2158	0.0
OG2159	50.0
OG2160	137.0
OG2161	99.0
OG2162	365.0
OG2163	331.0
OG2164	73.0
OG2165	1.0
OG2166	6.0
OG2167	0.0
OG2168	64.0
OG2169	4.0
OG2170	88.0
OG2171	622.0
OG2172	1.0
OG2173	62.0
OG2174	4171.0
OG2175	103.0
OG2176	701.0
OG2177	10.0
OG2178	41.0
OG2179	0.0
OG2180	0.0
OG2181	0.0
OG2182	0.0
OG2183	2.0
OG2184	2.0
OG2185	0.0
OG2186	2.0
OG2187	7.0
OG2188	18.0
OG2189	69.0
OG2190	3.0
OG2191	9.0
OG2192	40.0
OG2193	0.0
OG2194	21.0
OG2195	15.0
OG2196	41.0
OG2197	17.0
OG2198	8.0
OG2199	1.0
OG2200	0.0
OG2201	0.0
OG2202	0.0
OG2203	10.0
OG2204	0.0
OG2205	6.0
OG2206	4.0
OG2207	9.0
OG2208	0.0
OG2209	2977.0
OG2210	1.0
OG2211	0.0
OG2212	0.0
OG2213	23.0
OG2214	3.0
OG2215	163.0
OG2216	13.0
OG2217	37.0
OG2218	34.0
OG2219	199.0
OG2220	141.0
OG2221	0.0
OG2222	0.0
OG2223	1.0
OG2224	0.0
OG2225	5.0
OG2226	0.0
OG2227	34.0
OG2228	0.0
OG2229	0.0
OG2230	0.0
OG2231	16.0
OG2232	579.0
OG2233	1.0
OG2234	1.0
OG2235	0.0
OG2236	31.0
OG2237	0.0
OG2238	2.0
OG2239	3.0
OG2240	0.0
OG2241	0.0
OG2242	0.0
OG2243	61.0
OG2244	1195.0
OG2245	1950.0
OG2246	886.0
OG2247	34.0
OG2248	22.0
OG2249	8.0
OG2250	58.0
OG2251	22.0
OG2252	56.0
OG2253	10.0
OG2254	1.0
OG2255	101.0
OG2256	4.0
OG2257	0.0
OG2258	23.0
OG2259	0.0
OG2260	11.0
OG2261	1.0
OG2262	10.0
OG2263	103.0
OG2264	5.0
OG2265	5.0
OG2266	436.0
OG2267	37.0
OG2268	5.0
OG2269	5.0
OG2270	1.0
OG2271	7.0
OG2272	0.0
OG2273	0.0
OG2274	41.0
OG2275	8.0
OG2276	8.0
OG2277	28.0
OG2278	1.0
OG2279	6.0
OG2280	0.0
OG2281	0.0
OG2282	0.0
OG2283	16.0
OG2284	191.0
OG2285	78.0
OG2286	7.0
OG2287	1.0
OG2288	11.0
OG2289	13.0
OG2290	3.0
OG2291	3.0
OG2292	27.0
OG2293	69.0
OG2294	4.0
OG2295	82.0
OG2296	32.0
OG2297	116.0
OG2298	24.0
OG2299	0.0
OG2300	0.0
OG2301	17.0
OG2302	7.0
OG2303	2.0
OG2304	18.0
OG2305	44.0
OG2306	8.0
OG2307	8.0
OG2308	2.0
OG2309	0.0
OG2310	0.0
OG2311	7.0
OG2312	1.0
OG2313	0.0
OG2314	16.0
OG2315	43.0
OG2316	2.0
OG2317	81.0
OG2318	7.0
OG2319	20.0
OG2320	21.0
OG2321	35.0
OG2322	7.0
OG2323	1553.0
OG2324	0.0
OG2325	254.0
OG2326	54.0
OG2327	9.0
OG2328	70.0
OG2329	169.0
OG2330	40.0
OG2331	1.0
OG2332	11.0
OG2333	40.0
OG2334	20.0
OG2335	1.0
OG2336	24.0
OG2337	7.0
OG2338	3923.0
OG2339	25.0
OG2340	19.0
OG2341	2.0
OG2342	33.0
OG2343	38.0
OG2344	19.0
OG2345	88.0
OG2346	38.0
OG2347	65.0
OG2348	439.0
OG2349	1682.0
OG2350	3.0
OG2351	35.0
OG2352	14.0
OG2353	38.0
OG2354	41.0
OG2355	72.0
OG2356	111.0
OG2357	311.0
OG2358	1.0
OG2359	1.0
OG2360	1.0
OG2361	23.0
OG2362	38.0
OG2363	122.0
OG2364	452.0
OG2365	165.0
OG2366	57.0
OG2367	1671.0
OG2368	956.0
OG2369	107.0
OG2370	124.0
OG2371	13.0
OG2372	17.0
OG2373	40.0
OG2374	18.0
OG2375	242.0
OG2376	0.0
OG2377	6.0
OG2378	11.0
OG2379	21.0
OG2380	3.0
OG2381	34.0
OG2382	7.0
OG2383	62.0
OG2384	11.0
OG2385	50.0
OG2386	2.0
OG2387	7.0
OG2388	6.0
OG2389	16.0
OG2390	17.0
OG2391	3.0
OG2392	15.0
OG2393	1.0
OG2394	1.0
OG2395	10.0
OG2396	13.0
OG2397	2.0
OG2398	3.0
OG2399	2.0
OG2400	10.0
OG2401	2.0
OG2402	991.0
OG2403	1.0
OG2404	11.0
OG2405	22.0
OG2406	729.0
OG2407	57.0
OG2408	20.0
OG2409	63.0
OG2410	7.0
OG2411	15.0
OG2412	6.0
OG2413	177.0
OG2414	2.0
OG2415	3.0
OG2416	1.0
OG2417	72.0
OG2418	1.0
OG2419	0.0
OG2420	336.0
OG2421	214.0
OG2422	12.0
OG2423	0.0
OG2424	0.0
OG2425	6.0
OG2426	12.0
OG2427	67.0
OG2428	2.0
OG2429	3.0
OG2430	6.0
OG2431	6.0
OG2432	5.0
OG2433	261.0
OG2434	40.0
OG2435	1.0
OG2436	139.0
OG2437	99.0
OG2438	0.0
OG2439	12.0
OG2440	12.0
OG2441	4.0
OG2442	105.0
OG2443	30.0
OG2444	139.0
OG2445	6.0
OG2446	29.0
OG2447	13.0
OG2448	373.0
OG2449	45.0
OG2450	121.0
OG2451	418.0
OG2452	1233.0
OG2453	64.0
OG2454	1544.0
OG2455	347.0
OG2456	197.0
OG2457	57.0
OG2458	29.0
OG2459	65.0
OG2460	22.0
OG2461	3756.0
OG2462	14.0
OG2463	79.0
OG2464	112.0
OG2465	28.0
OG2466	93.0
OG2467	19.0
OG2468	82.0
OG2469	6.0
OG2470	38.0
OG2471	48.0
OG2472	4.0
OG2473	49.0
OG2474	320.0
OG2475	48.0
OG2476	174.0
OG2477	68.0
OG2478	7.0
OG2479	17.0
OG2480	584.0
OG2481	163.0
OG2482	0.0
OG2483	10.0
OG2484	0.0
OG2485	9.0
OG2486	7.0
OG2487	8.0
OG2488	9.0
OG2489	9.0
OG2490	266.0
OG2491	6.0
OG2492	43.0
OG2493	153.0
OG2494	0.0
OG2495	398.0
OG2496	84.0
OG2497	107.0
OG2498	0.0
OG2499	0.0
OG2500	0.0
OG2501	0.0
OG2502	7.0
OG2503	11607.0
OG2504	10.0
OG2505	2.0
OG2506	19.0
OG2507	0.0
OG2508	237.0
OG2509	4.0
OG2510	2.0
OG2511	1.0
OG2512	18.0
OG2513	0.0
OG2514	0.0
OG2515	103.0
OG2516	8.0
OG2517	166.0
OG2518	32.0
OG2519	0.0
OG2520	95.0
OG2521	152.0
OG2522	8.0
OG2523	7.0
OG2524	91.0
OG2525	1.0
OG2526	16.0
OG2527	13.0
OG2528	41.0
OG2529	0.0
OG2530	0.0
OG2531	0.0
OG2532	0.0
OG2533	1.0
OG2534	0.0
OG2535	1.0
OG2536	1.0
OG2537	2.0
OG2538	0.0
OG2539	3.0
OG2540	13.0
OG2541	3.0
OG2542	6.0
OG2543	4.0
OG2544	27.0
OG2545	0.0
OG2546	0.0
OG2547	612.0
OG2548	311.0
OG2549	0.0
OG2550	12.0
OG2551	15.0
OG2552	70.0
OG2553	3.0
OG2554	242.0
OG2555	5.0
OG2556	680.0
OG2557	0.0
OG2558	12.0
OG2559	53.0
OG2560	54.0
OG2561	3.0
OG2562	108.0
OG2563	188.0
OG2564	31.0
OG2565	10.0
OG2566	0.0
OG2567	0.0
OG2568	934.0
OG2569	2.0
OG2570	2.0
OG2571	47.0
OG2572	17.0
OG2573	22.0
OG2574	4.0
OG2575	1.0
OG2576	73.0
OG2577	37.0
OG2578	1138.0
OG2579	45.0
OG2580	43.0
OG2581	8.0
OG2582	33.0
OG2583	13.0
OG2584	3.0
OG2585	14.0
OG2586	2.0
OG2587	1.0
OG2588	3.0
OG2589	3.0
OG2590	4.0
OG2591	1.0
OG2592	0.0
OG2593	0.0
OG2594	0.0
OG2595	1.0
OG2596	0.0
OG2597	0.0
OG2598	2.0
OG2599	0.0
OG2600	0.0
OG2601	7.0
OG2602	113.0
OG2603	127.0
OG2604	26.0
OG2605	0.0
OG2606	21.0
OG2607	5.0
OG2608	36.0
OG2609	446.0
OG2610	162.0
OG2611	0.0
OG2612	13.0
OG2613	11.0
OG2614	0.0
OG2615	2.0
OG2616	0.0
OG2617	0.0
OG2618	3.0
OG2619	2.0
OG2620	0.0
OG2621	0.0
OG2622	0.0
OG2623	6.0
OG2624	0.0
OG2625	14.0
OG2626	0.0
OG2627	0.0
OG2628	1.0
OG2629	4.0
OG2630	1.0
OG2631	0.0
OG2632	0.0
OG2633	0.0
OG2634	0.0
OG2635	1.0
OG2636	0.0
OG2637	0.0
OG2638	0.0
OG2639	0.0
OG2640	0.0
OG2641	3.0
OG2642	0.0
OG2643	16.0
OG2644	0.0
OG2645	0.0
OG2646	0.0
OG2647	0.0
OG2648	0.0
OG2649	9.0
OG2650	9.0
OG2651	9.0
OG2652	0.0
OG2653	0.0
OG2654	0.0
OG2655	13.0
OG2656	2.0
OG2657	20.0
OG2658	4.0
OG2659	0.0
OG2660	0.0
OG2661	0.0
OG2662	0.0
OG2663	0.0
OG2664	22.0
OG2665	0.0
OG2666	0.0
OG2667	0.0
OG2668	43.0
OG2669	60.0
OG2670	1.0
OG2671	857.0
OG2672	940.0
OG2673	13.0
OG2674	29.0
OG2675	0.0
OG2676	2.0
OG2677	7363.0
OG2678	0.0
OG2679	4.0
OG2680	0.0
OG2681	0.0
OG2682	2.0
OG2683	34.0
OG2684	0.0
OG2685	0.0
OG2686	1.0
OG2687	0.0
OG2688	0.0
OG2689	0.0
OG2690	0.0
OG2691	14.0
OG2692	16.0
OG2693	0.0
OG2694	0.0
OG2695	0.0
OG2696	0.0
OG2697	298.0
OG2698	1.0
OG2699	378.0
OG2700	5227.0
OG2701	45.0
OG2702	3.0
OG2703	60.0
OG2704	145.0
OG2705	156.0
OG2706	2.0
OG2707	4.0
OG2708	1193.0
OG2709	1.0
OG2710	763.0
OG2711	715.0
OG2712	605.0
OG2713	0.0
OG2714	5.0
OG2715	0.0
OG2716	27.0
OG2717	5.0
OG2718	0.0
OG2719	2.0
OG2720	5.0
OG2721	10.0
OG2722	20.0
OG2723	4.0
OG2724	4.0
OG2725	2.0
OG2726	2.0
OG2727	4.0
OG2728	2.0
OG2729	2.0
OG2730	1751.0
OG2731	1520.0
OG2732	8.0
OG2733	121.0
OG2734	0.0
OG2735	124.0
OG2736	0.0
OG2737	0.0
OG2738	0.0
OG2739	18.0
OG2740	0.0
OG2741	0.0
OG2742	0.0
OG2743	416.0
OG2744	674.0
OG2745	67.0
OG2746	3396.0
OG2747	260.0
OG2748	160.0
OG2749	2391.0
OG2750	4530.0
OG2751	2185.0
OG2752	584.0
OG2753	1061.0
OG2754	386.0
OG2755	5055.0
OG2756	252.0
OG2757	35644.0
OG2758	1960.0
OG2759	39.0
OG2760	358.0
OG2761	782.0
OG2762	373.0
OG2763	41.0
OG2764	12.0
OG2765	75.0
OG2766	163.0
OG2767	390.0
OG2768	684.0
OG2769	21179.0
OG2770	7567.0
OG2771	13094.0
OG2772	18008.0
OG2773	22569.0
OG2774	31712.0
OG2775	46513.0
OG2776	0.0
OG2777	5619.0
OG2778	256.0
OG2779	10.0
OG2780	12.0
OG2781	0.0
OG2782	9656.0
OG2783	83.0
OG2784	504.0
OG2785	4.0
OG2786	246.0
OG2787	967.0
OG2788	2234.0
OG2789	1213.0
OG2790	1659.0
OG2791	1524.0
OG2792	215.0
OG2793	949.0
OG2794	118.0
OG2795	107.0
OG2796	2.0
OG2797	285.0
OG2798	18.0
OG2799	65.0
OG2800	16.0
OG2801	161.0
OG2802	3.0
OG2803	0.0
OG2804	361.0
OG2805	6.0
OG2806	7.0
OG2807	2.0
OG2808	18.0
OG2809	108.0
OG2810	164.0
OG2811	5.0
OG2812	77.0
OG2813	10.0
OG2814	1.0
OG2815	21.0
OG2816	9.0
OG2817	0.0
OG2818	395.0
OG2819	0.0
OG2820	0.0
OG2821	4499.0
OG2822	26.0
OG2823	25.0
OG2824	18.0
OG2825	64.0
OG2826	1.0
OG2827	4.0
OG2828	3.0
OG2829	143.0
OG2830	16.0
OG2831	57.0
OG2832	101.0
OG2833	51.0
OG2834	30.0
OG2835	23.0
OG2836	1.0
OG2837	3.0
OG2838	20810.0
OG2839	1741.0
OG2840	1.0
OG2841	3.0
OG2842	33.0
OG2843	49.0
OG2844	0.0
OG2845	13.0
OG2846	20.0
OG2847	0.0
OG2848	0.0
OG2849	424.0
OG2850	183.0
OG2851	342.0
OG2852	458.0
OG2853	78.0
OG2854	94.0
OG2855	147.0
OG2856	431.0
OG2857	10.0
OG2858	2.0
OG2859	204.0
OG2860	190.0
OG2861	3.0
OG2862	381.0
OG2863	68.0
OG2864	22.0
OG2865	7.0
OG2866	0.0
OG2867	0.0
OG2868	174.0
OG2869	2.0
OG2870	5257.0
OG2871	20.0
OG2872	4.0
OG2873	38.0
OG2874	8.0
OG2875	480.0
OG2876	39.0
OG2877	4.0
OG2878	0.0
OG2879	0.0
OG2880	0.0
OG2881	2.0
OG2882	10.0
OG2883	5.0
OG2884	0.0
OG2885	0.0
OG2886	1.0
OG2887	0.0
OG2888	0.0
OG2889	10.0
OG2890	0.0
OG2891	2.0
OG2892	0.0
OG2893	45.0
OG2894	50.0
OG2895	504.0
OG2896	1700.0
OG2897	0.0
OG2898	2.0
OG2899	2.0
OG2900	0.0
OG2901	6.0
OG2902	143.0
OG2903	157.0
OG2904	14.0
OG2905	48.0
OG2906	27.0
OG2907	20.0
OG2908	12.0
OG2909	182.0
OG2910	169.0
OG2911	6.0
OG2912	265.0
OG2913	46.0
OG2914	1.0
OG2915	12.0
OG2916	8.0
OG2917	954.0
OG2918	59.0
OG2919	2.0
OG2920	2.0
OG2921	13.0
OG2922	274.0
OG2923	5.0
OG2924	84.0
OG2925	41.0
OG2926	60.0
OG2927	48.0
OG2928	7.0
OG2929	3.0
OG2930	22.0
OG2931	12.0
OG2932	440.0
OG2933	55.0
OG2934	16.0
OG2935	35.0
OG2936	10.0
OG2937	21.0
OG2938	0.0
OG2939	0.0
OG2940	12.0
OG2941	0.0
OG2942	11.0
OG2943	31.0
OG2944	176.0
OG2945	11.0
OG2946	51.0
OG2947	13.0
OG2948	2.0
OG2949	0.0
OG2950	0.0
OG2951	0.0
OG2952	0.0
OG2953	3.0
OG2954	0.0
OG2955	10.0
OG2956	19.0
OG2957	2.0
OG2958	2.0
OG2959	0.0
OG2960	39.0
OG2961	0.0
OG2962	3.0
OG2963	0.0
OG2964	14.0
OG2965	1.0
OG2966	26.0
OG2967	0.0
OG2968	0.0
OG2969	0.0
OG2970	9.0
OG2971	5.0
OG2972	0.0
OG2973	234.0
OG2974	30.0
OG2975	10.0
OG2976	824.0
OG2977	76.0
OG2978	60.0
OG2979	17.0
OG2980	1.0
OG2981	1.0
OG2982	33.0
OG2983	10.0
OG2984	1.0
OG2985	137.0
OG2986	1.0
OG2987	0.0
OG2988	2.0
OG2989	2.0
OG2990	0.0
OG2991	783.0
OG2992	26.0
OG2993	0.0
OG2994	0.0
OG2995	0.0
OG2996	0.0
OG2997	0.0
OG2998	0.0
OG2999	5.0
OG3000	5.0
OG3001	21.0
OG3002	25.0
OG3003	17.0
OG3004	310.0
OG3005	495.0
OG3006	100.0
OG3007	531.0
OG3008	9.0
OG3009	31.0
OG3010	37.0
OG3011	5.0
OG3012	1.0
OG3013	10.0
OG3014	7.0
OG3015	0.0
OG3016	3.0
OG3017	18.0
OG3018	8.0
OG3019	0.0
OG3020	0.0
OG3021	0.0
OG3022	24.0
OG3023	1.0
OG3024	4.0
OG3025	0.0
OG3026	139.0
OG3027	77.0
OG3028	11.0
OG3029	0.0
OG3030	0.0
OG3031	1.0
OG3032	39.0
OG3033	21.0
OG3034	51.0
OG3035	0.0
OG3036	0.0
OG3037	3.0
OG3038	3.0
OG3039	7.0
OG3040	1.0
OG3041	1.0
OG3042	2571.0
OG3043	4.0
OG3044	0.0
OG3045	955.0
OG3046	5681.0
OG3047	7.0
OG3048	0.0
OG3049	22.0
OG3050	0.0
OG3051	2.0
OG3052	1.0
OG3053	16.0
OG3054	2.0
OG3055	145.0
OG3056	0.0
OG3057	2.0
OG3058	0.0
OG3059	0.0
OG3060	2.0
OG3061	0.0
OG3062	2.0
OG3063	0.0
OG3064	2.0
OG3065	0.0
OG3066	0.0
OG3067	7.0
OG3068	12.0
OG3069	0.0
OG3070	7.0
OG3071	14.0
OG3072	1.0
OG3073	4.0
OG3074	0.0
OG3075	3.0
OG3076	1.0
OG3077	0.0
OG3078	0.0
OG3079	0.0
OG3080	2.0
OG3081	0.0
OG3082	1.0
OG3083	0.0
OG3084	25.0
OG3085	0.0
OG3086	2.0
OG3087	18.0
OG3088	13.0
OG3089	7.0
OG3090	22.0
OG3091	20.0
OG3092	16.0
OG3093	45.0
OG3094	1.0
OG3095	33.0
OG3096	8.0
OG3097	18.0
OG3098	0.0
OG3099	5.0
OG3100	1.0
OG3101	0.0
OG3102	3.0
OG3103	0.0
OG3104	90.0
OG3105	1.0
OG3106	1.0
OG3107	0.0
OG3108	0.0
OG3109	0.0
OG3110	0.0
OG3111	34.0
OG3112	132.0
OG3113	0.0
OG3114	1.0
OG3115	3.0
OG3116	1.0
OG3117	1.0
OG3118	0.0
OG3119	47.0
OG3120	2.0
OG3121	5.0
OG3122	12.0
OG3123	280.0
OG3124	0.0
OG3125	1.0
OG3126	0.0
OG3127	0.0
OG3128	0.0
OG3129	2.0
OG3130	7.0
OG3131	79.0
OG3132	64.0
OG3133	45.0
OG3134	0.0
OG3135	0.0
OG3136	0.0
OG3137	7.0
OG3138	4.0
OG3139	1.0
OG3140	171.0
OG3141	9.0
OG3142	0.0
OG3143	1.0
OG3144	1.0
OG3145	1.0
OG3146	0.0
OG3147	0.0
OG3148	0.0
OG3149	0.0
OG3150	0.0
OG3151	0.0
OG3152	0.0
OG3153	20.0
OG3154	0.0
OG3155	3.0
OG3156	19.0
OG3157	11.0
OG3158	17.0
OG3159	15.0
OG3160	1.0
OG3161	0.0
OG3162	3.0
OG3163	198.0
OG3164	437.0
OG3165	224.0
OG3166	5.0
OG3167	61.0
OG3168	201.0
OG3169	12.0
OG3170	18.0
OG3171	5.0
OG3172	0.0
OG3173	0.0
OG3174	0.0
OG3175	3.0
OG3176	0.0
OG3177	6.0
OG3178	0.0
OG3179	0.0
OG3180	2.0
OG3181	0.0
OG3182	1.0
OG3183	0.0
OG3184	1.0
OG3185	0.0
OG3186	0.0
OG3187	2.0
OG3188	0.0
OG3189	33.0
OG3190	9.0
OG3191	4.0
OG3192	416.0
OG3193	18.0
OG3194	56.0
OG3195	1.0
OG3196	18.0
OG3197	388.0
OG3198	9.0
OG3199	106.0
OG3200	35.0
OG3201	37.0
OG3202	12.0
OG3203	1.0
OG3204	160.0
OG3205	0.0
OG3206	4.0
OG3207	883.0
OG3208	0.0
OG3209	9.0
OG3210	43.0
OG3211	10.0
OG3212	25.0
OG3213	27.0
OG3214	19.0
OG3215	1.0
OG3216	11.0
OG3217	5.0
OG3218	8.0
OG3219	9.0
OG3220	15.0
OG3221	7.0
OG3222	9.0
OG3223	154.0
OG3224	94.0
OG3225	64.0
OG3226	10.0
OG3227	99.0
OG3228	16.0
OG3229	42.0
OG3230	3.0
OG3231	14.0
OG3232	12.0
OG3233	12.0
OG3234	11.0
OG3235	6.0
OG3236	3.0
OG3237	15.0
OG3238	15.0
OG3239	25.0
OG3240	47.0
OG3241	1.0
OG3242	2.0
OG3243	1.0
OG3244	5.0
OG3245	0.0
OG3246	78.0
OG3247	1.0
OG3248	2.0
OG3249	4.0
OG3250	6.0
OG3251	2.0
OG3252	20.0
OG3253	16.0
OG3254	26.0
OG3255	13.0
OG3256	29.0
OG3257	21.0
OG3258	6.0
OG3259	57.0
OG3260	154.0
OG3261	5.0
OG3262	19.0
OG3263	28.0
OG3264	338.0
OG3265	48.0
OG3266	56.0
OG3267	5.0
OG3268	12.0
OG3269	7.0
OG3270	11.0
OG3271	4.0
OG3272	0.0
OG3273	2.0
OG3274	11.0
OG3275	24.0
OG3276	14.0
OG3277	3.0
OG3278	21.0
OG3279	15.0
OG3280	5.0
OG3281	10.0
OG3282	22.0
OG3283	36.0
OG3284	51.0
OG3285	6.0
OG3286	11.0
OG3287	19.0
OG3288	8.0
OG3289	26.0
OG3290	7.0
OG3291	2.0
OG3292	2.0
OG3293	1.0
OG3294	2.0
OG3295	1.0
OG3296	4.0
OG3297	2.0
OG3298	0.0
OG3299	8.0
OG3300	1.0
OG3301	21.0
OG3302	217.0
OG3303	8.0
OG3304	44.0
OG3305	10.0
OG3306	19.0
OG3307	9.0
OG3308	7.0
OG3309	1.0
OG3310	28.0
OG3311	3.0
OG3312	10.0
OG3313	4.0
OG3314	13.0
OG3315	24.0
OG3316	30.0
OG3317	5.0
OG3318	0.0
OG3319	0.0
OG3320	1.0
OG3321	8.0
OG3322	4.0
OG3323	91.0
OG3324	0.0
OG3325	0.0
OG3326	2.0
OG3327	3.0
OG3328	7.0
OG3329	3.0
OG3330	18.0
OG3331	8.0
OG3332	0.0
OG3333	20.0
OG3334	7.0
OG3335	10.0
OG3336	6.0
OG3337	0.0
OG3338	20.0
OG3339	71.0
OG3340	0.0
OG3341	2.0
OG3342	1.0
OG3343	0.0
OG3344	0.0
OG3345	1.0
OG3346	0.0
OG3347	0.0
OG3348	0.0
OG3349	0.0
OG3350	0.0
OG3351	0.0
OG3352	0.0
OG3353	0.0
OG3354	0.0
OG3355	0.0
OG3356	0.0
OG3357	0.0
OG3358	0.0
OG3359	0.0
OG3360	0.0
OG3361	0.0
OG3362	0.0
OG3363	0.0
OG3364	0.0
OG3365	0.0
OG3366	0.0
OG3367	0.0
OG3368	0.0
OG3369	0.0
OG3370	0.0
OG3371	0.0
OG3372	0.0
OG3373	4.0
OG3374	0.0
OG3375	0.0
OG3376	348.0
OG3377	1.0
OG3378	0.0
OG3379	0.0
OG3380	0.0
OG3381	7.0
OG3382	6.0
OG3383	0.0
OG3384	0.0
OG3385	0.0
OG3386	3.0
OG3387	75.0
OG3388	0.0
OG3389	8.0
OG3390	1.0
OG3391	4.0
OG3392	0.0
OG3393	81.0
OG3394	1.0
OG3395	0.0
OG3396	2.0
OG3397	3.0
OG3398	1.0
OG3399	7.0
OG3400	0.0
OG3401	1.0
OG3402	4.0
OG3403	0.0
OG3404	1.0
OG3405	3.0
OG3406	2.0
OG3407	9.0
OG3408	0.0
OG3409	0.0
OG3410	17.0
OG3411	24.0
OG3412	0.0
OG3413	0.0
OG3414	0.0
OG3415	2.0
OG3416	0.0
OG3417	0.0
OG3418	1.0
OG3419	0.0
OG3420	0.0
OG3421	288.0
OG3422	77.0
OG3423	124.0
OG3424	0.0
OG3425	3.0
OG3426	11.0
OG3427	1.0
OG3428	0.0
OG3429	0.0
OG3430	1.0
OG3431	2.0
OG3432	0.0
OG3433	59.0
OG3434	0.0
OG3435	0.0
OG3436	1.0
OG3437	8.0
OG3438	0.0
OG3439	0.0
OG3440	0.0
OG3441	0.0
OG3442	9.0
OG3443	0.0
OG3444	0.0
OG3445	0.0
OG3446	0.0
OG3447	0.0
OG3448	1.0
OG3449	4.0
OG3450	0.0
OG3451	0.0
OG3452	1.0
OG3453	1.0
OG3454	0.0
OG3455	0.0
OG3456	0.0
OG3457	0.0
OG3458	0.0
OG3459	0.0
OG3460	0.0
OG3461	0.0
OG3462	0.0
OG3463	0.0
OG3464	0.0
OG3465	0.0
OG3466	1.0
OG3467	0.0
OG3468	0.0
OG3469	0.0
OG3470	2.0
OG3471	0.0
OG3472	0.0
OG3473	5.0
OG3474	0.0
OG3475	2.0
OG3476	1.0
OG3477	0.0
OG3478	0.0
OG3479	13.0
OG3480	0.0
OG3481	0.0
OG3482	3.0
OG3483	0.0
OG3484	0.0
OG3485	0.0
OG3486	1.0
OG3487	1.0
OG3488	0.0
OG3489	0.0
OG3490	0.0
OG3491	0.0
OG3492	0.0
OG3493	1.0
OG3494	1.0
OG3495	2.0
OG3496	12.0
OG3497	0.0
OG3498	32.0
OG3499	0.0
OG3500	6.0
OG3501	0.0
OG3502	0.0
OG3503	2.0
OG3504	0.0
OG3505	0.0
OG3506	0.0
OG3507	0.0
OG3508	0.0
OG3509	0.0
OG3510	0.0
OG3511	3.0
OG3512	0.0
OG3513	0.0
OG3514	0.0
OG3515	0.0
OG3516	0.0
OG3517	3.0
OG3518	0.0
OG3519	0.0
OG3520	0.0
OG3521	2033.0
OG3522	1.0
OG3523	1.0
OG3524	3.0
OG3525	0.0
OG3526	0.0
OG3527	0.0
OG3528	0.0
OG3529	0.0
OG3530	1.0
OG3531	0.0
OG3532	0.0
OG3533	0.0
OG3534	20.0
OG3535	26.0
OG3536	0.0
OG3537	0.0
OG3538	0.0
OG3539	0.0
OG3540	2.0
OG3541	0.0
OG3542	0.0
OG3543	1.0
OG3544	0.0
OG3545	8.0
OG3546	0.0
OG3547	66.0
OG3548	1.0
OG3549	1.0
OG3550	3.0
OG3551	0.0
OG3552	0.0
OG3553	4.0
OG3554	1.0
OG3555	4.0
OG3556	0.0
OG3557	1.0
OG3558	0.0
OG3559	3.0
OG3560	0.0
OG3561	5.0
OG3562	0.0
OG3563	0.0
OG3564	0.0
OG3565	0.0
OG3566	1.0
OG3567	0.0
OG3568	0.0
OG3569	0.0
OG3570	0.0
OG3571	0.0
OG3572	2.0
OG3573	0.0
OG3574	0.0
OG3575	5.0
OG3576	0.0
OG3577	0.0
OG3578	1.0
OG3579	1.0
OG3580	1.0
OG3581	1.0
OG3582	0.0
OG3583	0.0
OG3584	0.0
OG3585	0.0
OG3586	0.0
OG3587	0.0
OG3588	114.0
OG3589	0.0
OG3590	0.0
OG3591	26.0
OG3592	4.0
OG3593	1.0
OG3594	0.0
OG3595	2.0
OG3596	2.0
OG3597	1.0
OG3598	9.0
OG3599	15.0
OG3600	12.0
OG3601	4.0
OG3602	21.0
OG3603	10.0
OG3604	2.0
OG3605	0.0
OG3606	2.0
OG3607	180.0
OG3608	0.0
OG3609	0.0
OG3610	0.0
OG3611	0.0
OG3612	707.0
OG3613	1.0
OG3614	4.0
OG3615	3082.0
OG3616	0.0
OG3617	12.0
OG3618	0.0
OG3619	0.0
OG3620	0.0
OG3621	0.0
OG3622	0.0
OG3623	0.0
OG3624	0.0
OG3625	1.0
OG3626	14.0
OG3627	131.0
OG3628	15.0
OG3629	491.0
OG3630	1293.0
OG3631	685.0
OG3632	381.0
OG3633	337.0
OG3634	60.0
OG3635	258.0
OG3636	0.0
OG3637	228.0
OG3638	0.0
OG3639	0.0
OG3640	0.0
OG3641	0.0
OG3642	0.0
OG3643	0.0
OG3644	0.0
OG3645	0.0
OG3646	0.0
OG3647	0.0
OG3648	0.0
OG3649	0.0
OG3650	0.0
OG3651	26.0
OG3652	0.0
OG3653	0.0
OG3654	4.0
OG3655	0.0
OG3656	0.0
OG3657	0.0
OG3658	0.0
OG3659	165.0
OG3660	0.0
OG3661	0.0
OG3662	1.0
OG3663	0.0
OG3664	1.0
OG3665	0.0
OG3666	0.0
OG3667	0.0
OG3668	0.0
OG3669	0.0
OG3670	0.0
OG3671	1.0
OG3672	0.0
OG3673	0.0
OG3674	2.0
OG3675	3.0
OG3676	2.0
OG3677	0.0
OG3678	0.0
OG3679	0.0
OG3680	13.0
OG3681	0.0
OG3682	0.0
OG3683	0.0
OG3684	8.0
OG3685	0.0
OG3686	4.0
OG3687	0.0
OG3688	1.0
OG3689	1.0
OG3690	3.0
OG3691	0.0
OG3692	0.0
OG3693	15.0
OG3694	0.0
OG3695	1.0
OG3696	0.0
OG3697	133.0
OG3698	6.0
OG3699	198.0
OG3700	82.0
OG3701	169.0
OG3702	0.0
OG3703	0.0
OG3704	1.0
OG3705	1.0
OG3706	3.0
OG3707	0.0
OG3708	1.0
OG3709	0.0
OG3710	0.0
OG3711	1.0
OG3712	87.0
OG3713	3.0
OG3714	2.0
OG3715	3.0
OG3716	2.0
OG3717	0.0
OG3718	23.0
OG3719	2.0
OG3720	4.0
OG3721	0.0
OG3722	0.0
OG3723	0.0
OG3724	1.0
OG3725	3.0
OG3726	0.0
OG3727	1.0
OG3728	5.0
OG3729	0.0
OG3730	4.0
OG3731	3.0
OG3732	7.0
OG3733	22.0
OG3734	26.0
OG3735	6.0
OG3736	13.0
OG3737	501.0
OG3738	1767.0
OG3739	107.0
OG3740	2.0
OG3741	0.0
OG3742	0.0
OG3743	0.0
OG3744	6.0
OG3745	0.0
OG3746	1.0
OG3747	0.0
OG3748	1.0
OG3749	0.0
OG3750	0.0
OG3751	0.0
OG3752	1.0
OG3753	0.0
OG3754	5.0
OG3755	1.0
OG3756	0.0
OG3757	0.0
OG3758	0.0
OG3759	0.0
OG3760	0.0
OG3761	0.0
OG3762	0.0
OG3763	2.0
OG3764	2.0
OG3765	0.0
OG3766	0.0
OG3767	0.0
OG3768	1.0
OG3769	0.0
OG3770	0.0
OG3771	0.0
OG3772	0.0
OG3773	2.0
OG3774	0.0
OG3775	1.0
OG3776	0.0
OG3777	0.0
OG3778	0.0
OG3779	2.0
OG3780	2.0
OG3781	0.0
OG3782	0.0
OG3783	1.0
OG3784	0.0
OG3785	0.0
OG3786	0.0
OG3787	0.0
OG3788	0.0
OG3789	0.0
OG3790	0.0
OG3791	0.0
OG3792	4156.0
OG3793	21.0
OG3794	6.0
OG3795	0.0
OG3796	1.0
OG3797	0.0
OG3798	0.0
OG3799	0.0
OG3800	0.0
OG3801	0.0
OG3802	0.0
OG3803	1.0
OG3804	12.0
OG3805	0.0
OG3806	0.0
OG3807	7.0
OG3808	0.0
OG3809	0.0
OG3810	0.0
OG3811	0.0
OG3812	0.0
OG3813	1.0
OG3814	3.0
OG3815	5.0
OG3816	15.0
OG3817	0.0
OG3818	0.0
OG3819	0.0
OG3820	0.0
OG3821	0.0
OG3822	0.0
OG3823	0.0
OG3824	0.0
OG3825	0.0
OG3826	0.0
OG3827	0.0
OG3828	0.0
OG3829	0.0
OG3830	21.0
OG3831	1.0
OG3832	0.0
OG3833	4.0
OG3834	0.0
OG3835	0.0
OG3836	1.0
OG3837	0.0
OG3838	0.0
OG3839	0.0
OG3840	0.0
OG3841	0.0
OG3842	0.0
OG3843	0.0
OG3844	0.0
OG3845	0.0
OG3846	8.0
OG3847	11.0
OG3848	0.0
OG3849	1.0
OG3850	1.0
OG3851	41.0
OG3852	227.0
OG3853	391.0
OG3854	4.0
OG3855	4.0
OG3856	0.0
OG3857	2.0
OG3858	5.0
OG3859	3.0
OG3860	0.0
OG3861	0.0
OG3862	0.0
OG3863	0.0
OG3864	0.0
OG3865	0.0
OG3866	29.0
OG3867	0.0
OG3868	10.0
OG3869	2.0
OG3870	2.0
OG3871	0.0
OG3872	0.0
OG3873	348.0
OG3874	820.0
OG3875	1298.0
OG3876	15.0
OG3877	8.0
OG3878	1.0
OG3879	0.0
OG3880	15.0
OG3881	5.0
OG3882	0.0
OG3883	61.0
OG3884	3.0
OG3885	109.0
OG3886	33.0
OG3887	24.0
OG3888	7.0
OG3889	0.0
OG3890	3.0
OG3891	228.0
OG3892	59.0
OG3893	116.0
OG3894	4.0
OG3895	2.0
OG3896	0.0
OG3897	1.0
OG3898	1.0
OG3899	51.0
OG3900	7.0
OG3901	0.0
OG3902	0.0
OG3903	2.0
OG3904	2.0
OG3905	0.0
OG3906	5531.0
OG3907	101.0
OG3908	14.0
OG3909	0.0
OG3910	1.0
OG3911	0.0
OG3912	200.0
OG3913	2.0
OG3914	123.0
OG3915	47.0
OG3916	50.0
OG3917	11.0
OG3918	15.0
OG3919	2.0
OG3920	7.0
OG3921	4.0
OG3922	2.0
OG3923	2.0
OG3924	0.0
OG3925	0.0
OG3926	0.0
OG3927	0.0
OG3928	0.0
OG3929	0.0
OG3930	0.0
OG3931	0.0
OG3932	0.0
OG3933	0.0
OG3934	0.0
OG3935	0.0
OG3936	3.0
OG3937	0.0
OG3938	0.0
OG3939	0.0
OG3940	0.0
OG3941	0.0
OG3942	0.0
OG3943	0.0
OG3944	0.0
OG3945	0.0
OG3946	3.0
OG3947	0.0
OG3948	0.0
OG3949	1.0
OG3950	0.0
OG3951	0.0
OG3952	0.0
OG3953	0.0
OG3954	0.0
OG3955	0.0
OG3956	1.0
OG3957	2.0
OG3958	0.0
OG3959	0.0
OG3960	0.0
OG3961	1.0
OG3962	0.0
OG3963	0.0
OG3964	0.0
OG3965	0.0
OG3966	0.0
OG3967	22.0
OG3968	1.0
OG3969	0.0
OG3970	0.0
OG3971	0.0
OG3972	0.0
OG3973	0.0
OG3974	0.0
OG3975	0.0
OG3976	0.0
OG3977	0.0
OG3978	1.0
OG3979	1.0
OG3980	0.0
OG3981	0.0
OG3982	0.0
OG3983	0.0
OG3984	0.0
OG3985	0.0
OG3986	0.0
OG3987	0.0
OG3988	518.0
OG3989	251.0
OG3990	2.0
OG3991	0.0
OG3992	0.0
OG3993	137.0
OG3994	682.0
OG3995	0.0
OG3996	19.0
OG3997	10.0
OG3998	197.0
OG3999	0.0
OG4000	1.0
OG4001	0.0
OG4002	0.0
OG4003	5.0
OG4004	27.0
OG4005	1.0
OG4006	9.0
OG4007	0.0
OG4008	0.0
OG4009	1543.0
OG4010	20.0
OG4011	60.0
OG4012	0.0
OG4013	0.0
OG4014	0.0
OG4015	0.0
OG4016	1.0
OG4017	3.0
OG4018	1.0
OG4019	0.0
OG4020	0.0
OG4021	0.0
OG4022	0.0
OG4023	0.0
OG4024	0.0
OG4025	0.0
OG4026	0.0
OG4027	0.0
OG4028	0.0
OG4029	0.0
OG4030	0.0
OG4031	1.0
OG4032	0.0
OG4033	14.0
OG4034	1.0
OG4035	52.0
OG4036	2.0
OG4037	0.0
OG4038	1.0
OG4039	1.0
OG4040	0.0
OG4041	0.0
OG4042	0.0
OG4043	0.0
OG4044	0.0
OG4045	1.0
OG4046	0.0
OG4047	0.0
OG4048	0.0
OG4049	0.0
OG4050	0.0
OG4051	0.0
OG4052	0.0
OG4053	0.0
OG4054	0.0
OG4055	0.0
OG4056	0.0
OG4057	1.0
OG4058	0.0
OG4059	0.0
OG4060	0.0
OG4061	0.0
OG4062	0.0
OG4063	0.0
OG4064	19.0
OG4065	4.0
OG4066	0.0
OG4067	0.0
OG4068	0.0
OG4069	0.0
OG4070	0.0
OG4071	0.0
OG4072	0.0
OG4073	1.0
OG4074	10.0
OG4075	2.0
OG4076	0.0
OG4077	0.0
OG4078	0.0
OG4079	6.0
OG4080	0.0
OG4081	0.0
OG4082	0.0
OG4083	2.0
OG4084	0.0
OG4085	0.0
OG4086	4.0
OG4087	0.0
OG4088	0.0
OG4089	0.0
OG4090	0.0
OG4091	0.0
OG4092	0.0
OG4093	0.0
OG4094	26.0
OG4095	0.0
OG4096	0.0
OG4097	0.0
OG4098	0.0
OG4099	11.0
OG4100	93.0
OG4101	0.0
OG4102	0.0
OG4103	0.0
OG4104	1.0
OG4105	0.0
OG4106	0.0
OG4107	0.0
OG4108	0.0
OG4109	0.0
OG4110	0.0
OG4111	0.0
OG4112	5.0
OG4113	1.0
OG4114	10.0
OG4115	0.0
OG4116	0.0
OG4117	2.0
OG4118	0.0
OG4119	0.0
OG4120	4.0
OG4121	8.0
OG4122	0.0
OG4123	0.0
OG4124	0.0
OG4125	0.0
OG4126	6.0
OG4127	0.0
OG4128	0.0
OG4129	0.0
OG4130	1.0
OG4131	0.0
OG4132	0.0
OG4133	0.0
OG4134	0.0
OG4135	0.0
OG4136	0.0
OG4137	0.0
OG4138	2.0
OG4139	1.0
OG4140	0.0
OG4141	2.0
OG4142	0.0
OG4143	0.0
OG4144	0.0
OG4145	0.0
OG4146	3.0
OG4147	2.0
OG4148	9.0
OG4149	7.0
OG4150	533.0
OG4151	234.0
OG4152	0.0
OG4153	0.0
OG4154	0.0
OG4155	0.0
OG4156	3.0
OG4157	0.0
OG4158	0.0
OG4159	0.0
OG4160	1.0
OG4161	323.0
OG4162	0.0
OG4163	21.0
OG4164	10.0
OG4165	16.0
OG4166	52.0
OG4167	184.0
OG4168	0.0
OG4169	23.0
OG4170	13.0
OG4171	0.0
OG4172	16.0
OG4173	6.0
OG4174	0.0
OG4175	0.0
OG4176	0.0
OG4177	1.0
OG4178	0.0
OG4179	0.0
OG4180	0.0
OG4181	0.0
OG4182	0.0
OG4183	0.0
OG4184	2.0
OG4185	0.0
OG4186	0.0
OG4187	1.0
OG4188	0.0
OG4189	0.0
OG4190	0.0
OG4191	0.0
OG4192	0.0
OG4193	0.0
OG4194	1.0
OG4195	0.0
OG4196	0.0
OG4197	0.0
OG4198	301.0
OG4199	0.0
OG4200	0.0
OG4201	0.0
OG4202	14.0
OG4203	0.0
OG4204	8.0
OG4205	6.0
OG4206	0.0
OG4207	1.0
OG4208	0.0
OG4209	0.0
OG4210	0.0
OG4211	0.0
OG4212	0.0
OG4213	0.0
OG4214	1.0
OG4215	0.0
OG4216	0.0
OG4217	0.0
OG4218	0.0
OG4219	0.0
OG4220	3.0
OG4221	0.0
OG4222	0.0
OG4223	0.0
OG4224	0.0
OG4225	0.0
OG4226	0.0
OG4227	1.0
OG4228	1.0
OG4229	3.0
OG4230	0.0
OG4231	0.0
OG4232	2.0
OG4233	11.0
OG4234	0.0
OG4235	0.0
OG4236	2.0
OG4237	55.0
OG4238	135.0
OG4239	0.0
OG4240	0.0
OG4241	0.0
OG4242	1.0
OG4243	9.0
OG4244	0.0
OG4245	1.0
OG4246	6.0
OG4247	14.0
OG4248	17.0
OG4249	29.0
OG4250	17.0
OG4251	0.0
OG4252	0.0
OG4253	0.0
OG4254	1.0
OG4255	0.0
OG4256	0.0
OG4257	0.0
OG4258	0.0
OG4259	0.0
OG4260	0.0
OG4261	213.0
OG4262	236.0
OG4263	679.0
OG4264	421.0
OG4265	387.0
OG4266	2794.0
OG4267	7.0
OG4268	6.0
OG4269	1.0
OG4270	2.0
OG4271	0.0
OG4272	0.0
OG4273	0.0
OG4274	0.0
OG4275	1.0
OG4276	0.0
OG4277	8.0
OG4278	2.0
OG4279	1.0
OG4280	4.0
OG4281	5.0
OG4282	0.0
OG4283	5.0
OG4284	0.0
OG4285	1.0
OG4286	2.0
OG4287	420.0
OG4288	76.0
OG4289	42.0
OG4290	49.0
OG4291	281.0
OG4292	0.0
OG4293	101.0
OG4294	33.0
OG4295	2.0
OG4296	19.0
OG4297	0.0
OG4298	1.0
OG4299	4.0
OG4300	581.0
OG4301	107.0
OG4302	652.0
OG4303	1.0
OG4304	0.0
OG4305	7.0
OG4306	0.0
OG4307	8451.0
OG4308	8.0
OG4309	1.0
OG4310	5672.0
OG4311	0.0
OG4312	13.0
OG4313	2169.0
OG4314	0.0
OG4315	13.0
OG4316	1.0
OG4317	1734.0
OG4318	21.0
OG4319	140.0
OG4320	156.0
OG4321	24.0
OG4322	46.0
OG4323	18.0
OG4324	118.0
OG4325	0.0
OG4326	33.0
OG4327	82.0
OG4328	1.0
OG4329	8.0
OG4330	168.0
OG4331	84.0
OG4332	57.0
OG4333	25.0
OG4334	25.0
OG4335	317.0
OG4336	15.0
OG4337	6.0
OG4338	0.0
OG4339	40.0
OG4340	347.0
OG4341	30.0
OG4342	91.0
OG4343	121.0
OG4344	122.0
OG4345	240.0
OG4346	252.0
OG4347	9.0
OG4348	40.0
OG4349	2177.0
OG4350	93.0
OG4351	416.0
OG4352	782.0
OG4353	1721.0
OG4354	14.0
OG4355	11035.0
OG4356	483.0
OG4357	1135.0
OG4358	1198.0
OG4359	21.0
OG4360	80.0
OG4361	22.0
OG4362	1.0
OG4363	210.0
OG4364	5.0
OG4365	39.0
OG4366	380.0
OG4367	4.0
OG4368	11.0
OG4369	439.0
OG4370	64.0
OG4371	20.0
OG4372	18.0
OG4373	633.0
OG4374	234.0
OG4375	848.0
OG4376	7.0
OG4377	236.0
OG4378	46.0
OG4379	369.0
OG4380	140.0
OG4381	195.0
OG4382	52.0
OG4383	1710.0
OG4384	5066.0
OG4385	6858.0
OG4386	905.0
OG4387	369.0
OG4388	0.0
OG4389	40.0
OG4390	167.0
OG4391	57.0
OG4392	856.0
OG4393	18.0
OG4394	466.0
OG4395	256.0
OG4396	205.0
OG4397	128.0
OG4398	26.0
OG4399	30.0
OG4400	1002.0
OG4401	15.0
OG4402	871.0
OG4403	231.0
OG4404	1071.0
OG4405	57.0
OG4406	1084.0
OG4407	223.0
OG4408	158.0
OG4409	14.0
OG4410	26.0
OG4411	848.0
OG4412	9.0
OG4413	303.0
OG4414	1.0
OG4415	478.0
OG4416	9390.0
OG4417	3.0
OG4418	0.0
OG4419	303.0
OG4420	104.0
OG4421	1.0
OG4422	2.0
OG4423	6.0
OG4424	37.0
OG4425	0.0
OG4426	66.0
OG4427	18.0
OG4428	8.0
OG4429	1.0
OG4430	5.0
OG4431	47.0
OG4432	17.0
OG4433	24.0
OG4434	728.0
OG4435	22.0
OG4436	14.0
OG4437	1.0
OG4438	81.0
OG4439	12.0
OG4440	53.0
OG4441	7.0
OG4442	978.0
OG4443	216.0
OG4444	44.0
OG4445	19.0
OG4446	1.0
OG4447	1.0
OG4448	16.0
OG4449	0.0
OG4450	127.0
OG4451	0.0
OG4452	37.0
OG4453	622.0
OG4454	91.0
OG4455	164.0
OG4456	284.0
OG4457	219.0
OG4458	1.0
OG4459	89.0
OG4460	5.0
OG4461	79.0
OG4462	18.0
OG4463	15.0
OG4464	214.0
OG4465	11.0
OG4466	1.0
OG4467	1.0
OG4468	82.0
OG4469	13.0
OG4470	16.0
OG4471	20.0
OG4472	35.0
OG4473	6.0
OG4474	2.0
OG4475	58.0
OG4476	1.0
OG4477	1158.0
OG4478	0.0
OG4479	83.0
OG4480	0.0
OG4481	45.0
OG4482	0.0
OG4483	0.0
OG4484	69.0
OG4485	5.0
OG4486	14.0
OG4487	0.0
OG4488	5.0
OG4489	14.0
OG4490	0.0
OG4491	2542.0
OG4492	0.0
OG4493	4.0
OG4494	1.0
OG4495	0.0
OG4496	0.0
OG4497	2.0
OG4498	12.0
OG4499	1.0
OG4500	23.0
OG4501	4.0
OG4502	64.0
OG4503	12.0
OG4504	171.0
OG4505	1.0
OG4506	0.0
OG4507	122.0
OG4508	14.0
OG4509	0.0
OG4510	17.0
OG4511	1.0
OG4512	13.0
OG4513	15.0
OG4514	2.0
OG4515	12.0
OG4516	4937.0
OG4517	11.0
OG4518	1.0
OG4519	10.0
OG4520	81.0
OG4521	1.0
OG4522	18.0
OG4523	39.0
OG4524	2.0
OG4525	0.0
OG4526	21.0
OG4527	15.0
OG4528	0.0
OG4529	4.0
OG4530	641.0
OG4531	0.0
OG4532	0.0
OG4533	4.0
OG4534	2.0
OG4535	12.0
OG4536	6.0
OG4537	0.0
OG4538	0.0
OG4539	83.0
OG4540	18.0
OG4541	224.0
OG4542	40.0
OG4543	14.0
OG4544	1.0
OG4545	0.0
OG4546	183.0
OG4547	590.0
OG4548	1184.0
OG4549	67.0
OG4550	22.0
OG4551	422.0
OG4552	69.0
OG4553	112.0
OG4554	2.0
OG4555	9.0
OG4556	183.0
OG4557	125.0
OG4558	197.0
OG4559	60.0
OG4560	141.0
OG4561	42.0
OG4562	333.0
OG4563	98.0
OG4564	41.0
OG4565	146.0
OG4566	6.0
OG4567	16894.0
OG4568	1000.0
OG4569	1675.0
OG4570	17367.0
OG4571	347.0
OG4572	26.0
OG4573	0.0
OG4574	252.0
OG4575	58.0
OG4576	368.0
OG4577	23.0
OG4578	0.0
OG4579	5.0
OG4580	16.0
OG4581	0.0
OG4582	4.0
OG4583	3029.0
OG4584	2.0
OG4585	21.0
OG4586	25.0
OG4587	429.0
OG4588	5.0
OG4589	0.0
OG4590	0.0
OG4591	6.0
OG4592	4.0
OG4593	5.0
OG4594	5.0
OG4595	0.0
OG4596	63.0
OG4597	1.0
OG4598	175.0
OG4599	406.0
OG4600	109.0
OG4601	151.0
OG4602	73.0
OG4603	107.0
OG4604	286.0
OG4605	1262.0
OG4606	77.0
OG4607	2.0
OG4608	4.0
OG4609	22.0
OG4610	24.0
OG4611	2.0
OG4612	9.0
OG4613	0.0
OG4614	123.0
OG4615	30.0
OG4616	5.0
OG4617	131.0
OG4618	10.0
OG4619	3.0
OG4620	513.0
OG4621	25.0
OG4622	49.0
OG4623	0.0
OG4624	22.0
OG4625	25.0
OG4626	475.0
OG4627	245.0
OG4628	13.0
OG4629	106.0
OG4630	18.0
OG4631	0.0
OG4632	0.0
OG4633	6.0
OG4634	108.0
OG4635	563.0
OG4636	4.0
OG4637	75.0
OG4638	7.0
OG4639	185.0
OG4640	30.0
OG4641	170.0
OG4642	179.0
OG4643	339.0
OG4644	211.0
OG4645	0.0
OG4646	0.0
OG4647	0.0
OG4648	0.0
OG4649	4.0
OG4650	1.0
OG4651	0.0
OG4652	0.0
OG4653	0.0
OG4654	0.0
OG4655	0.0
OG4656	0.0
OG4657	1.0
OG4658	3.0
OG4659	22.0
OG4660	30.0
OG4661	2.0
OG4662	12.0
OG4663	5.0
OG4664	3.0
OG4665	1.0
OG4666	54.0
OG4667	16.0
OG4668	18.0
OG4669	3547.0
OG4670	0.0
OG4671	0.0
OG4672	0.0
OG4673	2.0
OG4674	0.0
OG4675	1.0
OG4676	0.0
OG4677	8.0
OG4678	1.0
OG4679	1.0
OG4680	115.0
OG4681	6.0
OG4682	5.0
OG4683	0.0
OG4684	3.0
OG4685	0.0
OG4686	0.0
OG4687	0.0
OG4688	0.0
OG4689	0.0
OG4690	0.0
OG4691	0.0
OG4692	0.0
OG4693	0.0
OG4694	0.0
OG4695	0.0
OG4696	0.0
OG4697	1.0
OG4698	0.0
OG4699	0.0
OG4700	0.0
OG4701	0.0
OG4702	0.0
OG4703	0.0
OG4704	0.0
OG4705	0.0
OG4706	0.0
OG4707	0.0
OG4708	0.0
OG4709	4.0
OG4710	5.0
OG4711	1.0
OG4712	0.0
OG4713	0.0
OG4714	0.0
OG4715	0.0
OG4716	0.0
OG4717	0.0
OG4718	0.0
OG4719	49.0
OG4720	0.0
OG4721	0.0
OG4722	0.0
OG4723	0.0
OG4724	0.0
OG4725	0.0
OG4726	0.0
OG4727	1.0
OG4728	0.0
OG4729	1.0
OG4730	0.0
OG4731	1.0
OG4732	8.0
OG4733	0.0
OG4734	0.0
OG4735	0.0
OG4736	0.0
OG4737	0.0
OG4738	0.0
OG4739	0.0
OG4740	0.0
OG4741	0.0
OG4742	0.0
OG4743	6.0
OG4744	0.0
OG4745	2.0
OG4746	0.0
OG4747	7.0
OG4748	19.0
OG4749	0.0
OG4750	0.0
OG4751	0.0
OG4752	0.0
OG4753	0.0
OG4754	0.0
OG4755	0.0
OG4756	0.0
OG4757	0.0
OG4758	0.0
OG4759	0.0
OG4760	0.0
OG4761	0.0
OG4762	0.0
OG4763	0.0
OG4764	0.0
OG4765	0.0
OG4766	0.0
OG4767	2.0
OG4768	5.0
OG4769	0.0
OG4770	1.0
OG4771	0.0
OG4772	0.0
OG4773	0.0
OG4774	0.0
OG4775	0.0
OG4776	0.0
OG4777	0.0
OG4778	0.0
OG4779	0.0
OG4780	0.0
OG4781	0.0
OG4782	1.0
OG4783	0.0
OG4784	3.0
OG4785	0.0
OG4786	1.0
OG4787	0.0
OG4788	0.0
OG4789	0.0
OG4790	0.0
OG4791	0.0
OG4792	0.0
OG4793	0.0
OG4794	12.0
OG4795	0.0
OG4796	0.0
OG4797	0.0
OG4798	0.0
OG4799	0.0
OG4800	0.0
OG4801	0.0
OG4802	14.0
OG4803	0.0
OG4804	0.0
OG4805	0.0
OG4806	0.0
OG4807	0.0
OG4808	1.0
OG4809	0.0
OG4810	0.0
OG4811	0.0
OG4812	0.0
OG4813	1.0
OG4814	0.0
OG4815	0.0
OG4816	0.0
OG4817	0.0
OG4818	0.0
OG4819	0.0
OG4820	0.0
OG4821	0.0
OG4822	0.0
OG4823	0.0
OG4824	0.0
OG4825	0.0
OG4826	0.0
OG4827	0.0
OG4828	0.0
OG4829	0.0
OG4830	0.0
OG4831	1.0
OG4832	0.0
OG4833	4.0
OG4834	1.0
OG4835	2.0
OG4836	0.0
OG4837	1.0
OG4838	0.0
OG4839	1.0
OG4840	0.0
OG4841	0.0
OG4842	99.0
OG4843	101.0
OG4844	0.0
OG4845	0.0
OG4846	0.0
OG4847	0.0
OG4848	0.0
OG4849	0.0
OG4850	0.0
OG4851	0.0
OG4852	0.0
OG4853	0.0
OG4854	0.0
OG4855	0.0
OG4856	0.0
OG4857	0.0
OG4858	0.0
OG4859	0.0
OG4860	0.0
OG4861	0.0
OG4862	0.0
OG4863	52.0
OG4864	0.0
OG4865	0.0
OG4866	0.0
OG4867	0.0
OG4868	0.0
OG4869	0.0
OG4870	0.0
OG4871	0.0
OG4872	0.0
OG4873	0.0
OG4874	0.0
OG4875	0.0
OG4876	0.0
OG4877	0.0
OG4878	0.0
OG4879	0.0
OG4880	0.0
OG4881	0.0
OG4882	0.0
OG4883	0.0
OG4884	1.0
OG4885	2.0
OG4886	2.0
OG4887	8.0
OG4888	2.0
OG4889	33.0
OG4890	0.0
OG4891	10.0
OG4892	0.0
OG4893	0.0
OG4894	0.0
OG4895	0.0
OG4896	129.0
OG4897	54.0
OG4898	6.0
OG4899	0.0
OG4900	0.0
OG4901	0.0
OG4902	0.0
OG4903	0.0
OG4904	0.0
OG4905	14.0
OG4906	0.0
OG4907	0.0
OG4908	0.0
OG4909	0.0
OG4910	20.0
OG4911	14.0
OG4912	8.0
OG4913	1.0
OG4914	12.0
OG4915	1.0
OG4916	14.0
OG4917	1.0
OG4918	3.0
OG4919	0.0
OG4920	0.0
OG4921	2.0
OG4922	178.0
OG4923	1987.0
OG4924	18.0
OG4925	2.0
OG4926	0.0
OG4927	0.0
OG4928	20.0
OG4929	2.0
OG4930	238.0
OG4931	0.0
OG4932	0.0
OG4933	3.0
OG4934	487.0
OG4935	75.0
OG4936	5.0
OG4937	7.0
OG4938	0.0
OG4939	1.0
OG4940	0.0
OG4941	59.0
OG4942	0.0
OG4943	0.0
OG4944	10.0
OG4945	2.0
OG4946	0.0
OG4947	6.0
OG4948	0.0
OG4949	75.0
OG4950	26.0
OG4951	51.0
OG4952	3.0
OG4953	18.0
OG4954	0.0
OG4955	5.0
OG4956	83.0
OG4957	3.0
OG4958	95.0
OG4959	72.0
OG4960	155.0
OG4961	233.0
OG4962	84.0
OG4963	254.0
OG4964	333.0
OG4965	72.0
OG4966	242.0
OG4967	341.0
OG4968	171.0
OG4969	128.0
OG4970	139.0
OG4971	133.0
OG4972	110.0
OG4973	82.0
OG4974	56.0
OG4975	114.0
OG4976	41.0
OG4977	435.0
OG4978	195.0
OG4979	206.0
OG4980	44.0
OG4981	5.0
OG4982	5.0
OG4983	1.0
OG4984	2.0
OG4985	1.0
OG4986	3.0
OG4987	27.0
OG4988	33.0
OG4989	11.0
OG4990	11.0
OG4991	55.0
OG4992	11.0
OG4993	49.0
OG4994	36.0
OG4995	124.0
OG4996	225.0
OG4997	21.0
OG4998	3591.0
OG4999	794.0
OG5000	2508.0
OG5001	2331.0
OG5002	399.0
OG5003	1095.0
OG5004	750.0
OG5005	425.0
OG5006	1211.0
OG5007	113.0
OG5008	5.0
OG5009	0.0
OG5010	2.0
OG5011	0.0
OG5012	45.0
OG5013	27.0
OG5014	0.0
OG5015	19.0
OG5016	13.0
OG5017	49.0
OG5018	0.0
OG5019	11.0
OG5020	119.0
OG5021	19.0
OG5022	18.0
OG5023	8.0
OG5024	34.0
OG5025	79.0
OG5026	14.0
OG5027	31.0
OG5028	3.0
OG5029	4.0
OG5030	72.0
OG5031	0.0
OG5032	129.0
OG5033	450.0
OG5034	25.0
OG5035	28.0
OG5036	3.0
OG5037	2.0
OG5038	74.0
OG5039	47.0
OG5040	2.0
OG5041	42.0
OG5042	4.0
OG5043	0.0
OG5044	0.0
OG5045	2.0
OG5046	59.0
OG5047	4.0
OG5048	26.0
OG5049	10.0
OG5050	2.0
OG5051	8.0
OG5052	1.0
OG5053	147.0
OG5054	202.0
OG5055	6.0
OG5056	6.0
OG5057	138.0
OG5058	180.0
OG5059	72.0
OG5060	227.0
OG5061	1.0
OG5062	15.0
OG5063	2.0
OG5064	7.0
OG5065	3.0
OG5066	44.0
OG5067	7.0
OG5068	3.0
OG5069	0.0
OG5070	0.0
OG5071	0.0
OG5072	7.0
OG5073	1.0
OG5074	3.0
OG5075	4.0
OG5076	0.0
OG5077	502.0
OG5078	197.0
OG5079	24.0
OG5080	127.0
OG5081	195.0
OG5082	12.0
OG5083	6.0
OG5084	10.0
OG5085	23.0
OG5086	0.0
OG5087	78.0
OG5088	4.0
OG5089	108.0
OG5090	91.0
OG5091	96.0
OG5092	22.0
OG5093	48.0
OG5094	47.0
OG5095	2.0
OG5096	106.0
OG5097	47.0
OG5098	35.0
OG5099	16.0
OG5100	23.0
OG5101	349.0
OG5102	146.0
OG5103	339.0
OG5104	22.0
OG5105	89.0
OG5106	10.0
OG5107	96.0
OG5108	1.0
OG5109	0.0
OG5110	140.0
OG5111	387.0
OG5112	76.0
OG5113	1.0
OG5114	127.0
OG5115	1.0
OG5116	8.0
OG5117	5.0
OG5118	7.0
OG5119	0.0
OG5120	12.0
OG5121	2.0
OG5122	5.0
OG5123	26.0
OG5124	1.0
OG5125	3.0
OG5126	16.0
OG5127	5.0
OG5128	0.0
OG5129	4.0
OG5130	0.0
OG5131	1.0
OG5132	2.0
OG5133	1.0
OG5134	3.0
OG5135	5.0
OG5136	64.0
OG5137	16.0
OG5138	5.0
OG5139	1.0
OG5140	0.0
OG5141	12.0
OG5142	55.0
OG5143	9.0
OG5144	5.0
OG5145	8.0
OG5146	8.0
OG5147	118.0
OG5148	11.0
OG5149	565.0
OG5150	0.0
OG5151	4.0
OG5152	2.0
OG5153	14.0
OG5154	1.0
OG5155	93.0
OG5156	1.0
OG5157	41.0
OG5158	50.0
OG5159	265.0
OG5160	8.0
OG5161	95.0
OG5162	22.0
OG5163	71.0
OG5164	52.0
OG5165	143.0
OG5166	3.0
OG5167	28.0
OG5168	61.0
OG5169	65.0
OG5170	23.0
OG5171	106.0
OG5172	16.0
OG5173	131.0
OG5174	6.0
OG5175	107.0
OG5176	88.0
OG5177	62.0
OG5178	1.0
OG5179	1.0
OG5180	4.0
OG5181	32.0
OG5182	1.0
OG5183	0.0
OG5184	1.0
OG5185	16.0
OG5186	1.0
OG5187	14.0
OG5188	10.0
OG5189	5.0
OG5190	20.0
OG5191	1.0
OG5192	3.0
OG5193	17.0
OG5194	13.0
OG5195	4.0
OG5196	6.0
OG5197	2.0
OG5198	49.0
OG5199	6.0
OG5200	30.0
OG5201	8.0
OG5202	2.0
OG5203	3.0
OG5204	3.0
OG5205	27.0
OG5206	22.0
OG5207	0.0
OG5208	2.0
OG5209	2.0
OG5210	3.0
OG5211	4.0
OG5212	0.0
OG5213	6.0
OG5214	1.0
OG5215	11.0
OG5216	11.0
OG5217	318.0
OG5218	207.0
OG5219	403.0
OG5220	320.0
OG5221	385.0
OG5222	277.0
OG5223	298.0
OG5224	173.0
OG5225	1163.0
OG5226	536.0
OG5227	262.0
OG5228	9.0
OG5229	13.0
OG5230	60.0
OG5231	0.0
OG5232	0.0
OG5233	200.0
OG5234	21.0
OG5235	4.0
OG5236	2.0
OG5237	0.0
OG5238	0.0
OG5239	14.0
OG5240	18.0
OG5241	0.0
OG5242	0.0
OG5243	0.0
OG5244	0.0
OG5245	0.0
OG5246	0.0
OG5247	0.0
OG5248	21.0
OG5249	0.0
OG5250	0.0
OG5251	1.0
OG5252	0.0
OG5253	0.0
OG5254	0.0
OG5255	0.0
OG5256	0.0
OG5257	0.0
OG5258	0.0
OG5259	0.0
OG5260	0.0
OG5261	0.0
OG5262	1.0
OG5263	0.0
OG5264	0.0
OG5265	4.0
OG5266	0.0
OG5267	1.0
OG5268	2.0
OG5269	0.0
OG5270	0.0
OG5271	0.0
OG5272	3.0
OG5273	0.0
OG5274	2.0
OG5275	0.0
OG5276	0.0
OG5277	0.0
OG5278	3.0
OG5279	0.0
OG5280	0.0
OG5281	0.0
OG5282	0.0
OG5283	0.0
OG5284	1.0
OG5285	0.0
OG5286	15.0
OG5287	1.0
OG5288	0.0
OG5289	0.0
OG5290	0.0
OG5291	0.0
OG5292	9.0
OG5293	1.0
OG5294	0.0
OG5295	0.0
OG5296	0.0
OG5297	0.0
OG5298	0.0
OG5299	0.0
OG5300	0.0
OG5301	0.0
OG5302	0.0
OG5303	0.0
OG5304	0.0
OG5305	0.0
OG5306	108.0
OG5307	339.0
OG5308	23.0
OG5309	39.0
OG5310	4.0
OG5311	16.0
OG5312	31.0
OG5313	19.0
OG5314	81.0
OG5315	30.0
OG5316	58.0
OG5317	65.0
OG5318	32.0
OG5319	3.0
OG5320	0.0
OG5321	7.0
OG5322	1.0
OG5323	0.0
OG5324	0.0
OG5325	0.0
OG5326	0.0
OG5327	1.0
OG5328	0.0
OG5329	0.0
OG5330	0.0
OG5331	0.0
OG5332	0.0
OG5333	0.0
OG5334	1.0
OG5335	0.0
OG5336	0.0
OG5337	1.0
OG5338	3.0
OG5339	0.0
OG5340	0.0
OG5341	0.0
OG5342	17.0
OG5343	4.0
OG5344	3.0
OG5345	0.0
OG5346	0.0
OG5347	0.0
OG5348	0.0
OG5349	0.0
OG5350	0.0
OG5351	0.0
OG5352	0.0
OG5353	0.0
OG5354	0.0
OG5355	0.0
OG5356	0.0
OG5357	0.0
OG5358	0.0
OG5359	0.0
OG5360	0.0
OG5361	1.0
OG5362	0.0
OG5363	0.0
OG5364	0.0
OG5365	0.0
OG5366	0.0
OG5367	0.0
OG5368	1.0
OG5369	1.0
OG5370	2.0
OG5371	1.0
OG5372	3.0
OG5373	0.0
OG5374	0.0
OG5375	0.0
OG5376	0.0
OG5377	3.0
OG5378	0.0
OG5379	1.0
OG5380	0.0
OG5381	1.0
OG5382	0.0
OG5383	0.0
OG5384	0.0
OG5385	0.0
OG5386	206.0
OG5387	0.0
OG5388	0.0
OG5389	0.0
OG5390	0.0
OG5391	0.0
OG5392	5.0
OG5393	0.0
OG5394	0.0
OG5395	0.0
OG5396	0.0
OG5397	0.0
OG5398	0.0
OG5399	0.0
OG5400	0.0
OG5401	0.0
OG5402	24.0
OG5403	120.0
OG5404	0.0
OG5405	3.0
OG5406	1.0
OG5407	1.0
OG5408	6.0
OG5409	0.0
OG5410	1.0
OG5411	39.0
OG5412	87.0
OG5413	0.0
OG5414	7.0
OG5415	2.0
OG5416	0.0
OG5417	6.0
OG5418	15.0
OG5419	0.0
OG5420	1.0
OG5421	18.0
OG5422	21.0
OG5423	8.0
OG5424	35.0
OG5425	41.0
OG5426	0.0
OG5427	0.0
OG5428	27.0
OG5429	98.0
OG5430	3.0
OG5431	7.0
OG5432	1.0
OG5433	0.0
OG5434	0.0
OG5435	6.0
OG5436	0.0
OG5437	4.0
OG5438	0.0
OG5439	0.0
OG5440	0.0
OG5441	12.0
OG5442	1.0
OG5443	2.0
OG5444	0.0
OG5445	9.0
OG5446	0.0
OG5447	4.0
OG5448	1.0
OG5449	2.0
OG5450	1.0
OG5451	3.0
OG5452	6.0
OG5453	0.0
OG5454	1.0
OG5455	61.0
OG5456	0.0
OG5457	0.0
OG5458	0.0
OG5459	0.0
OG5460	0.0
OG5461	0.0
OG5462	0.0
OG5463	2.0
OG5464	0.0
OG5465	0.0
OG5466	1.0
OG5467	0.0
OG5468	0.0
OG5469	0.0
OG5470	0.0
OG5471	0.0
OG5472	2.0
OG5473	1.0
OG5474	0.0
OG5475	1.0
OG5476	2.0
OG5477	0.0
OG5478	1.0
OG5479	0.0
OG5480	0.0
OG5481	12.0
OG5482	0.0
OG5483	2.0
OG5484	1.0
OG5485	0.0
OG5486	1.0
OG5487	0.0
OG5488	0.0
OG5489	0.0
OG5490	0.0
OG5491	0.0
OG5492	101.0
OG5493	22.0
OG5494	4.0
OG5495	0.0
OG5496	0.0
OG5497	11.0
OG5498	0.0
OG5499	0.0
OG5500	3.0
OG5501	0.0
OG5502	0.0
OG5503	2.0
OG5504	0.0
OG5505	1.0
OG5506	67.0
OG5507	2.0
OG5508	4.0
OG5509	2.0
OG5510	0.0
OG5511	0.0
OG5512	2.0
OG5513	0.0
OG5514	1.0
OG5515	0.0
OG5516	0.0
OG5517	0.0
OG5518	0.0
OG5519	0.0
OG5520	0.0
OG5521	0.0
OG5522	0.0
OG5523	0.0
OG5524	0.0
OG5525	0.0
OG5526	0.0
OG5527	0.0
OG5528	0.0
OG5529	0.0
OG5530	0.0
OG5531	0.0
OG5532	0.0
OG5533	0.0
OG5534	0.0
OG5535	0.0
OG5536	0.0
OG5537	0.0
OG5538	0.0
OG5539	0.0
OG5540	0.0
OG5541	0.0
OG5542	0.0
OG5543	0.0
OG5544	0.0
OG5545	0.0
OG5546	0.0
OG5547	0.0
OG5548	0.0
OG5549	0.0
OG5550	0.0
OG5551	0.0
OG5552	0.0
OG5553	0.0
OG5554	0.0
OG5555	0.0
OG5556	0.0
OG5557	0.0
OG5558	0.0
OG5559	0.0
OG5560	0.0
OG5561	0.0
OG5562	0.0
OG5563	0.0
OG5564	0.0
OG5565	0.0
OG5566	0.0
OG5567	0.0
OG5568	0.0
OG5569	0.0
OG5570	0.0
OG5571	0.0
OG5572	0.0
OG5573	0.0
OG5574	0.0
OG5575	0.0
OG5576	0.0
OG5577	0.0
OG5578	0.0
OG5579	0.0
OG5580	0.0
OG5581	0.0
OG5582	0.0
OG5583	0.0
OG5584	0.0
OG5585	0.0
OG5586	0.0
OG5587	0.0
OG5588	0.0
OG5589	0.0
OG5590	0.0
OG5591	0.0
OG5592	0.0
OG5593	0.0
OG5594	0.0
OG5595	0.0
OG5596	0.0
OG5597	0.0
OG5598	0.0
OG5599	0.0
OG5600	0.0
OG5601	0.0
OG5602	0.0
OG5603	0.0
OG5604	0.0
OG5605	0.0
OG5606	0.0
OG5607	0.0
OG5608	0.0
OG5609	0.0
OG5610	0.0
OG5611	0.0
OG5612	0.0
OG5613	0.0
OG5614	0.0
OG5615	0.0
OG5616	0.0
OG5617	0.0
OG5618	0.0
OG5619	0.0
OG5620	0.0
OG5621	0.0
OG5622	0.0
OG5623	0.0
OG5624	0.0
OG5625	0.0
OG5626	0.0
OG5627	0.0
OG5628	0.0
OG5629	0.0
OG5630	0.0
OG5631	0.0
OG5632	0.0
OG5633	0.0
OG5634	0.0
OG5635	0.0
OG5636	0.0
OG5637	0.0
OG5638	0.0
OG5639	0.0
OG5640	0.0
OG5641	0.0
OG5642	0.0
OG5643	0.0
OG5644	0.0
OG5645	0.0
OG5646	0.0
OG5647	0.0
OG5648	0.0
OG5649	0.0
OG5650	0.0
OG5651	0.0
OG5652	0.0
OG5653	1.0
OG5654	0.0
OG5655	0.0
OG5656	14.0
OG5657	0.0
OG5658	0.0
OG5659	403.0
OG5660	232.0
OG5661	1042.0
OG5662	342.0
OG5663	1212.0
OG5664	69.0
OG5665	580.0
OG5666	0.0
OG5667	0.0
OG5668	0.0
OG5669	0.0
OG5670	0.0
OG5671	0.0
OG5672	0.0
OG5673	301.0
OG5674	0.0
OG5675	0.0
OG5676	1.0
OG5677	0.0
OG5678	0.0
OG5679	0.0
OG5680	0.0
OG5681	0.0
OG5682	0.0
OG5683	0.0
OG5684	0.0
OG5685	0.0
OG5686	0.0
OG5687	2.0
OG5688	0.0
OG5689	0.0
OG5690	19.0
OG5691	4.0
OG5692	0.0
OG5693	0.0
OG5694	2.0
OG5695	0.0
OG5696	0.0
OG5697	0.0
OG5698	0.0
OG5699	0.0
OG5700	0.0
OG5701	0.0
OG5702	0.0
OG5703	0.0
OG5704	0.0
OG5705	0.0
OG5706	0.0
OG5707	0.0
OG5708	0.0
OG5709	25.0
OG5710	0.0
OG5711	0.0
OG5712	0.0
OG5713	0.0
OG5714	0.0
OG5715	0.0
OG5716	1.0
OG5717	0.0
OG5718	0.0
OG5719	0.0
OG5720	0.0
OG5721	0.0
OG5722	0.0
OG5723	0.0
OG5724	0.0
OG5725	0.0
OG5726	0.0
OG5727	0.0
OG5728	0.0
OG5729	0.0
OG5730	0.0
OG5731	0.0
OG5732	0.0
OG5733	0.0
OG5734	0.0
OG5735	0.0
OG5736	0.0
OG5737	3.0
OG5738	0.0
OG5739	0.0
OG5740	1.0
OG5741	0.0
OG5742	0.0
OG5743	0.0
OG5744	0.0
OG5745	0.0
OG5746	0.0
OG5747	0.0
OG5748	0.0
OG5749	0.0
OG5750	0.0
OG5751	0.0
OG5752	0.0
OG5753	0.0
OG5754	0.0
OG5755	2.0
OG5756	0.0
OG5757	0.0
OG5758	0.0
OG5759	0.0
OG5760	0.0
OG5761	0.0
OG5762	4.0
OG5763	1.0
OG5764	0.0
OG5765	3.0
OG5766	0.0
OG5767	0.0
OG5768	0.0
OG5769	0.0
OG5770	0.0
OG5771	8.0
OG5772	2.0
OG5773	0.0
OG5774	0.0
OG5775	0.0
OG5776	0.0
OG5777	0.0
OG5778	1.0
OG5779	4.0
OG5780	11.0
OG5781	0.0
OG5782	0.0
OG5783	0.0
OG5784	0.0
OG5785	0.0
OG5786	0.0
OG5787	0.0
OG5788	0.0
OG5789	0.0
OG5790	80.0
OG5791	0.0
OG5792	1.0
OG5793	2.0
OG5794	0.0
OG5795	0.0
OG5796	0.0
OG5797	0.0
OG5798	2.0
OG5799	0.0
OG5800	0.0
OG5801	0.0
OG5802	0.0
OG5803	2.0
OG5804	2.0
OG5805	1.0
OG5806	0.0
OG5807	0.0
OG5808	0.0
OG5809	0.0
OG5810	5.0
OG5811	26.0
OG5812	116.0
OG5813	0.0
OG5814	2.0
OG5815	1.0
OG5816	1.0
OG5817	0.0
OG5818	6.0
OG5819	3.0
OG5820	1.0
OG5821	2.0
OG5822	20.0
OG5823	9.0
OG5824	26.0
OG5825	25.0
OG5826	6.0
OG5827	95.0
OG5828	0.0
OG5829	16.0
OG5830	5.0
OG5831	2.0
OG5832	2.0
OG5833	0.0
OG5834	0.0
OG5835	0.0
OG5836	16.0
OG5837	5.0
OG5838	9.0
OG5839	73.0
OG5840	16.0
OG5841	26.0
OG5842	6.0
OG5843	2.0
OG5844	0.0
OG5845	3.0
OG5846	0.0
OG5847	0.0
OG5848	13.0
OG5849	21.0
OG5850	21.0
OG5851	0.0
OG5852	0.0
OG5853	1.0
OG5854	0.0
OG5855	0.0
OG5856	0.0
OG5857	26.0
OG5858	0.0
OG5859	0.0
OG5860	0.0
OG5861	0.0
OG5862	18.0
OG5863	3.0
OG5864	12.0
OG5865	0.0
OG5866	0.0
OG5867	0.0
OG5868	3.0
OG5869	0.0
OG5870	0.0
OG5871	0.0
OG5872	0.0
OG5873	0.0
OG5874	28.0
OG5875	3.0
OG5876	0.0
OG5877	132.0
OG5878	0.0
OG5879	0.0
OG5880	0.0
OG5881	6.0
OG5882	8.0
OG5883	0.0
OG5884	21.0
OG5885	6.0
OG5886	0.0
OG5887	0.0
OG5888	0.0
OG5889	0.0
OG5890	0.0
OG5891	0.0
OG5892	0.0
OG5893	0.0
OG5894	0.0
OG5895	0.0
OG5896	0.0
OG5897	0.0
OG5898	16.0
OG5899	0.0
OG5900	0.0
OG5901	0.0
OG5902	0.0
OG5903	0.0
OG5904	0.0
OG5905	0.0
OG5906	0.0
OG5907	0.0
OG5908	0.0
OG5909	0.0
OG5910	0.0
OG5911	1.0
OG5912	0.0
OG5913	0.0
OG5914	0.0
OG5915	0.0
OG5916	0.0
OG5917	0.0
OG5918	0.0
OG5919	0.0
OG5920	0.0
OG5921	0.0
OG5922	1.0
OG5923	0.0
OG5924	0.0
OG5925	0.0
OG5926	0.0
OG5927	0.0
OG5928	0.0
OG5929	0.0
OG5930	0.0
OG5931	0.0
OG5932	0.0
OG5933	0.0
OG5934	1.0
OG5935	0.0
OG5936	0.0
OG5937	0.0
OG5938	55.0
OG5939	0.0
OG5940	0.0
OG5941	0.0
OG5942	0.0
OG5943	0.0
OG5944	0.0
OG5945	0.0
OG5946	0.0
OG5947	0.0
OG5948	0.0
OG5949	0.0
OG5950	1.0
OG5951	0.0
OG5952	0.0
OG5953	0.0
OG5954	9.0
OG5955	2.0
OG5956	4.0
OG5957	0.0
OG5958	0.0
OG5959	0.0
OG5960	0.0
OG5961	0.0
OG5962	0.0
OG5963	0.0
OG5964	0.0
OG5965	0.0
OG5966	0.0
OG5967	0.0
OG5968	3.0
OG5969	0.0
OG5970	1.0
OG5971	0.0
OG5972	7.0
OG5973	0.0
OG5974	0.0
OG5975	0.0
OG5976	0.0
OG5977	0.0
OG5978	0.0
OG5979	0.0
OG5980	0.0
OG5981	0.0
OG5982	0.0
OG5983	0.0
OG5984	0.0
OG5985	0.0
OG5986	0.0
OG5987	0.0
OG5988	0.0
OG5989	0.0
OG5990	0.0
OG5991	0.0
OG5992	35.0
OG5993	0.0
OG5994	3.0
OG5995	0.0
OG5996	0.0
OG5997	0.0
OG5998	0.0
OG5999	0.0
OG6000	1.0
OG6001	0.0
OG6002	0.0
OG6003	0.0
OG6004	0.0
OG6005	0.0
OG6006	1.0
OG6007	0.0
OG6008	0.0
OG6009	0.0
OG6010	0.0
OG6011	0.0
OG6012	0.0
OG6013	2.0
OG6014	0.0
OG6015	0.0
OG6016	0.0
OG6017	0.0
OG6018	0.0
OG6019	1.0
OG6020	0.0
OG6021	5.0
OG6022	0.0
OG6023	0.0
OG6024	0.0
OG6025	0.0
OG6026	0.0
OG6027	0.0
OG6028	0.0
OG6029	0.0
OG6030	0.0
OG6031	0.0
OG6032	0.0
OG6033	0.0
OG6034	2.0
OG6035	0.0
OG6036	1.0
OG6037	0.0
OG6038	0.0
OG6039	0.0
OG6040	0.0
OG6041	0.0
OG6042	0.0
OG6043	0.0
OG6044	0.0
OG6045	0.0
OG6046	0.0
OG6047	0.0
OG6048	0.0
OG6049	0.0
OG6050	0.0
OG6051	0.0
OG6052	0.0
OG6053	0.0
OG6054	0.0
OG6055	0.0
OG6056	0.0
OG6057	0.0
OG6058	1.0
OG6059	0.0
OG6060	0.0
OG6061	0.0
OG6062	0.0
OG6063	0.0
OG6064	0.0
OG6065	1.0
OG6066	0.0
OG6067	0.0
OG6068	0.0
OG6069	0.0
OG6070	0.0
OG6071	2.0
OG6072	0.0
OG6073	0.0
OG6074	0.0
OG6075	0.0
OG6076	5.0
OG6077	0.0
OG6078	1.0
OG6079	0.0
OG6080	0.0
OG6081	5.0
OG6082	20.0
OG6083	6.0
OG6084	1.0
OG6085	0.0
OG6086	0.0
OG6087	0.0
OG6088	0.0
OG6089	0.0
OG6090	0.0
OG6091	1.0
OG6092	29.0
OG6093	16.0
OG6094	0.0
OG6095	0.0
OG6096	0.0
OG6097	0.0
OG6098	2.0
OG6099	0.0
OG6100	0.0
OG6101	1.0
OG6102	0.0
OG6103	0.0
OG6104	0.0
OG6105	0.0
OG6106	0.0
OG6107	0.0
OG6108	0.0
OG6109	1.0
OG6110	0.0
OG6111	0.0
OG6112	0.0
OG6113	2.0
OG6114	0.0
OG6115	0.0
OG6116	0.0
OG6117	0.0
OG6118	0.0
OG6119	0.0
OG6120	0.0
OG6121	0.0
OG6122	0.0
OG6123	0.0
OG6124	0.0
OG6125	0.0
OG6126	0.0
OG6127	0.0
OG6128	3.0
OG6129	2.0
OG6130	0.0
OG6131	1.0
OG6132	0.0
OG6133	1.0
OG6134	2.0
OG6135	0.0
OG6136	0.0
OG6137	0.0
OG6138	1.0
OG6139	0.0
OG6140	0.0
OG6141	0.0
OG6142	0.0
OG6143	0.0
OG6144	0.0
OG6145	0.0
OG6146	0.0
OG6147	0.0
OG6148	0.0
OG6149	0.0
OG6150	0.0
OG6151	0.0
OG6152	0.0
OG6153	0.0
OG6154	0.0
OG6155	2.0
OG6156	0.0
OG6157	5.0
OG6158	28.0
OG6159	1.0
OG6160	0.0
OG6161	0.0
OG6162	0.0
OG6163	0.0
OG6164	7.0
OG6165	0.0
OG6166	0.0
OG6167	0.0
OG6168	0.0
OG6169	0.0
OG6170	0.0
OG6171	0.0
OG6172	1.0
OG6173	0.0
OG6174	0.0
OG6175	0.0
OG6176	0.0
OG6177	0.0
OG6178	0.0
OG6179	0.0
OG6180	0.0
OG6181	0.0
OG6182	0.0
OG6183	0.0
OG6184	0.0
OG6185	0.0
OG6186	0.0
OG6187	0.0
OG6188	0.0
OG6189	0.0
OG6190	0.0
OG6191	0.0
OG6192	0.0
OG6193	0.0
OG6194	4.0
OG6195	0.0
OG6196	3.0
OG6197	0.0
OG6198	2.0
OG6199	1.0
OG6200	0.0
OG6201	0.0
OG6202	21.0
OG6203	0.0
OG6204	1.0
OG6205	0.0
OG6206	0.0
OG6207	0.0
OG6208	1.0
OG6209	0.0
OG6210	0.0
OG6211	0.0
OG6212	1.0
OG6213	0.0
OG6214	1.0
OG6215	2.0
OG6216	4.0
OG6217	4.0
OG6218	2.0
OG6219	5.0
OG6220	39.0
OG6221	14.0
OG6222	11.0
OG6223	7.0
OG6224	1016.0
OG6225	1.0
OG6226	5.0
OG6227	9.0
OG6228	4.0
OG6229	4.0
OG6230	0.0
OG6231	0.0
OG6232	15.0
OG6233	569.0
OG6234	529.0
OG6235	244.0
OG6236	960.0
OG6237	1.0
OG6238	2.0
OG6239	1.0
OG6240	4.0
OG6241	2.0
OG6242	8.0
OG6243	16.0
OG6244	0.0
OG6245	0.0
OG6246	25.0
OG6247	1.0
OG6248	1.0
OG6249	13.0
OG6250	1.0
OG6251	6.0
OG6252	1.0
OG6253	6.0
OG6254	8.0
OG6255	3.0
OG6256	20.0
OG6257	4.0
OG6258	1.0
OG6259	0.0
OG6260	6.0
OG6261	112.0
OG6262	6.0
OG6263	5.0
OG6264	10.0
OG6265	2.0
OG6266	0.0
OG6267	2.0
OG6268	0.0
OG6269	1.0
OG6270	6.0
OG6271	67.0
OG6272	22.0
OG6273	4.0
OG6274	37.0
OG6275	0.0
OG6276	3.0
OG6277	4.0
OG6278	11.0
OG6279	8.0
OG6280	6.0
OG6281	4.0
OG6282	0.0
OG6283	1.0
OG6284	426.0
OG6285	15.0
OG6286	1.0
OG6287	3.0
OG6288	0.0
OG6289	24.0
OG6290	9.0
OG6291	17.0
OG6292	118.0
OG6293	104.0
OG6294	465.0
OG6295	614.0
OG6296	1592.0
OG6297	1226.0
OG6298	990.0
OG6299	3.0
OG6300	23.0
OG6301	6.0
OG6302	33.0
OG6303	7.0
OG6304	22.0
OG6305	9.0
OG6306	6.0
OG6307	3.0
OG6308	18.0
OG6309	27.0
OG6310	651.0
OG6311	269.0
OG6312	508.0
OG6313	0.0
OG6314	0.0
OG6315	10.0
OG6316	61.0
OG6317	7.0
OG6318	1.0
OG6319	6.0
OG6320	12.0
OG6321	2.0
OG6322	87.0
OG6323	16.0
OG6324	264.0
OG6325	66.0
OG6326	232.0
OG6327	34.0
OG6328	2.0
OG6329	2.0
OG6330	386.0
OG6331	5.0
OG6332	66.0
OG6333	1.0
OG6334	1.0
OG6335	2402.0
OG6336	49.0
OG6337	6.0
OG6338	2.0
OG6339	9.0
OG6340	105.0
OG6341	164.0
OG6342	82.0
OG6343	0.0
OG6344	13.0
OG6345	19.0
OG6346	58.0
OG6347	14.0
OG6348	0.0
OG6349	0.0
OG6350	0.0
OG6351	0.0
OG6352	0.0
OG6353	0.0
OG6354	0.0
OG6355	0.0
OG6356	0.0
OG6357	0.0
OG6358	105.0
OG6359	79.0
OG6360	22.0
OG6361	10.0
OG6362	21.0
OG6363	127.0
OG6364	194.0
OG6365	7.0
OG6366	31.0
OG6367	66.0
OG6368	11.0
OG6369	2.0
OG6370	100.0
OG6371	64.0
OG6372	10.0
OG6373	122.0
OG6374	0.0
OG6375	0.0
OG6376	0.0
OG6377	0.0
OG6378	0.0
OG6379	1.0
OG6380	0.0
OG6381	0.0
OG6382	0.0
OG6383	0.0
OG6384	0.0
OG6385	0.0
OG6386	0.0
OG6387	0.0
OG6388	0.0
OG6389	0.0
OG6390	0.0
OG6391	0.0
OG6392	0.0
OG6393	0.0
OG6394	0.0
OG6395	0.0
OG6396	0.0
OG6397	0.0
OG6398	0.0
OG6399	0.0
OG6400	13.0
OG6401	0.0
OG6402	0.0
OG6403	0.0
OG6404	36.0
OG6405	0.0
OG6406	0.0
OG6407	0.0
OG6408	0.0
OG6409	0.0
OG6410	0.0
OG6411	0.0
OG6412	0.0
OG6413	1.0
OG6414	1.0
OG6415	0.0
OG6416	0.0
OG6417	0.0
OG6418	0.0
OG6419	0.0
OG6420	1.0
OG6421	0.0
OG6422	0.0
OG6423	0.0
OG6424	0.0
OG6425	1.0
OG6426	0.0
OG6427	0.0
OG6428	0.0
OG6429	0.0
OG6430	0.0
OG6431	0.0
OG6432	12.0
OG6433	16.0
OG6434	1.0
OG6435	0.0
OG6436	0.0
OG6437	3.0
OG6438	0.0
OG6439	0.0
OG6440	16.0
OG6441	2.0
OG6442	0.0
OG6443	4.0
OG6444	0.0
OG6445	0.0
OG6446	23.0
OG6447	19.0
OG6448	24.0
OG6449	1.0
OG6450	0.0
OG6451	0.0
OG6452	0.0
OG6453	0.0
OG6454	6.0
OG6455	32.0
OG6456	1112.0
OG6457	7.0
OG6458	26.0
OG6459	1.0
OG6460	2.0
OG6461	463.0
OG6462	1896.0
OG6463	936.0
OG6464	28.0
OG6465	2.0
OG6466	6.0
OG6467	2.0
OG6468	0.0
OG6469	0.0
OG6470	0.0
OG6471	0.0
OG6472	1.0
OG6473	112.0
OG6474	62.0
OG6475	2.0
OG6476	1.0
OG6477	34.0
OG6478	83.0
OG6479	44.0
OG6480	3.0
OG6481	8.0
OG6482	344.0
OG6483	5.0
OG6484	3.0
OG6485	7.0
OG6486	15.0
OG6487	0.0
OG6488	1.0
OG6489	4.0
OG6490	18.0
OG6491	66.0
OG6492	19.0
OG6493	16.0
OG6494	0.0
OG6495	1.0
OG6496	4.0
OG6497	0.0
OG6498	0.0
OG6499	3.0
OG6500	816.0
OG6501	8.0
OG6502	397.0
OG6503	10.0
OG6504	0.0
OG6505	178.0
OG6506	5.0
OG6507	1.0
OG6508	3.0
OG6509	17.0
OG6510	38.0
OG6511	0.0
OG6512	1006.0
OG6513	0.0
OG6514	25.0
OG6515	0.0
OG6516	1433.0
OG6517	95.0
OG6518	470.0
OG6519	80.0
OG6520	0.0
OG6521	1.0
OG6522	76.0
OG6523	0.0
OG6524	316.0
OG6525	8.0
OG6526	11.0
OG6527	21.0
OG6528	36.0
OG6529	77.0
OG6530	199.0
OG6531	5.0
OG6532	3.0
OG6533	7.0
OG6534	919.0
OG6535	82.0
OG6536	68.0
OG6537	0.0
OG6538	0.0
OG6539	0.0
OG6540	0.0
OG6541	0.0
OG6542	0.0
OG6543	0.0
OG6544	0.0
OG6545	10.0
OG6546	24.0
OG6547	0.0
OG6548	0.0
OG6549	0.0
OG6550	0.0
OG6551	0.0
OG6552	0.0
OG6553	0.0
OG6554	0.0
OG6555	2.0
OG6556	0.0
OG6557	0.0
OG6558	0.0
OG6559	0.0
OG6560	0.0
OG6561	0.0
OG6562	0.0
OG6563	0.0
OG6564	0.0
OG6565	0.0
OG6566	0.0
OG6567	1.0
OG6568	0.0
OG6569	0.0
OG6570	2.0
OG6571	130.0
OG6572	1.0
OG6573	0.0
OG6574	0.0
OG6575	0.0
OG6576	0.0
OG6577	1.0
OG6578	0.0
OG6579	10.0
OG6580	0.0
OG6581	0.0
OG6582	0.0
OG6583	0.0
OG6584	0.0
OG6585	1.0
OG6586	0.0
OG6587	0.0
OG6588	0.0
OG6589	0.0
OG6590	0.0
OG6591	0.0
OG6592	1.0
OG6593	0.0
OG6594	1.0
OG6595	0.0
OG6596	0.0
OG6597	0.0
OG6598	0.0
OG6599	0.0
OG6600	1.0
OG6601	0.0
OG6602	1.0
OG6603	0.0
OG6604	0.0
OG6605	0.0
OG6606	0.0
OG6607	0.0
OG6608	59.0
OG6609	0.0
OG6610	0.0
OG6611	0.0
OG6612	0.0
OG6613	0.0
OG6614	0.0
OG6615	0.0
OG6616	0.0
OG6617	5.0
OG6618	0.0
OG6619	0.0
OG6620	0.0
OG6621	0.0
OG6622	0.0
OG6623	0.0
OG6624	0.0
OG6625	0.0
OG6626	0.0
OG6627	1.0
OG6628	2.0
OG6629	7.0
OG6630	7.0
OG6631	1.0
OG6632	1.0
OG6633	5.0
OG6634	0.0
OG6635	0.0
OG6636	1.0
OG6637	1.0
OG6638	74.0
OG6639	0.0
OG6640	0.0
OG6641	0.0
OG6642	0.0
OG6643	0.0
OG6644	0.0
OG6645	0.0
OG6646	0.0
OG6647	0.0
OG6648	0.0
OG6649	0.0
OG6650	0.0
OG6651	0.0
OG6652	0.0
OG6653	0.0
OG6654	0.0
OG6655	0.0
OG6656	0.0
OG6657	0.0
OG6658	0.0
OG6659	0.0
OG6660	0.0
OG6661	0.0
OG6662	0.0
OG6663	0.0
OG6664	0.0
OG6665	0.0
OG6666	0.0
OG6667	0.0
OG6668	0.0
OG6669	0.0
OG6670	0.0
OG6671	0.0
OG6672	0.0
OG6673	0.0
OG6674	0.0
OG6675	0.0
OG6676	0.0
OG6677	0.0
OG6678	0.0
OG6679	0.0
OG6680	0.0
OG6681	0.0
OG6682	0.0
OG6683	0.0
OG6684	0.0
OG6685	0.0
OG6686	0.0
OG6687	0.0
OG6688	0.0
OG6689	0.0
OG6690	0.0
OG6691	0.0
OG6692	0.0
OG6693	0.0
OG6694	0.0
OG6695	0.0
OG6696	0.0
OG6697	0.0
OG6698	0.0
OG6699	0.0
OG6700	0.0
OG6701	0.0
OG6702	0.0
OG6703	0.0
OG6704	0.0
OG6705	0.0
OG6706	0.0
OG6707	0.0
OG6708	0.0
OG6709	0.0
OG6710	0.0
OG6711	0.0
OG6712	0.0
OG6713	0.0
OG6714	0.0
OG6715	0.0
OG6716	0.0
OG6717	0.0
OG6718	0.0
OG6719	0.0
OG6720	0.0
OG6721	0.0
OG6722	0.0
OG6723	0.0
OG6724	0.0
OG6725	0.0
OG6726	0.0
OG6727	0.0
OG6728	0.0
OG6729	0.0
OG6730	0.0
OG6731	0.0
OG6732	0.0
OG6733	0.0
OG6734	0.0
OG6735	0.0
OG6736	0.0
OG6737	0.0
OG6738	0.0
OG6739	0.0
OG6740	0.0
OG6741	0.0
OG6742	0.0
OG6743	0.0
OG6744	0.0
OG6745	0.0
OG6746	0.0
OG6747	0.0
OG6748	0.0
OG6749	0.0
OG6750	0.0
OG6751	0.0
OG6752	0.0
OG6753	0.0
OG6754	0.0
OG6755	0.0
OG6756	0.0
OG6757	0.0
OG6758	0.0
OG6759	0.0
OG6760	0.0
OG6761	0.0
OG6762	0.0
OG6763	0.0
OG6764	0.0
OG6765	0.0
OG6766	0.0
OG6767	0.0
OG6768	0.0
OG6769	0.0
OG6770	0.0
OG6771	0.0
OG6772	0.0
OG6773	0.0
OG6774	0.0
OG6775	0.0
OG6776	2.0
OG6777	0.0
OG6778	0.0
OG6779	0.0
OG6780	2.0
OG6781	1.0
OG6782	0.0
OG6783	2.0
OG6784	0.0
OG6785	0.0
OG6786	0.0
OG6787	12.0
OG6788	4.0
OG6789	2.0
OG6790	0.0
OG6791	0.0
OG6792	0.0
OG6793	5.0
OG6794	0.0
OG6795	0.0
OG6796	6.0
OG6797	9.0
OG6798	0.0
OG6799	1.0
OG6800	0.0
OG6801	0.0
OG6802	0.0
OG6803	0.0
OG6804	0.0
OG6805	0.0
OG6806	0.0
OG6807	0.0
OG6808	0.0
OG6809	0.0
OG6810	0.0
OG6811	0.0
OG6812	1.0
OG6813	0.0
OG6814	0.0
OG6815	0.0
OG6816	2.0
OG6817	0.0
OG6818	1.0
OG6819	0.0
OG6820	0.0
OG6821	1.0
OG6822	0.0
OG6823	0.0
OG6824	1.0
OG6825	0.0
OG6826	0.0
OG6827	0.0
OG6828	1.0
OG6829	3.0
OG6830	1.0
OG6831	0.0
OG6832	0.0
OG6833	1.0
OG6834	0.0
OG6835	0.0
OG6836	0.0
OG6837	0.0
OG6838	0.0
OG6839	0.0
OG6840	1.0
OG6841	0.0
OG6842	0.0
OG6843	0.0
OG6844	0.0
OG6845	0.0
OG6846	0.0
OG6847	0.0
OG6848	0.0
OG6849	0.0
OG6850	0.0
OG6851	0.0
OG6852	0.0
OG6853	0.0
OG6854	0.0
OG6855	0.0
OG6856	0.0
OG6857	1.0
OG6858	2.0
OG6859	0.0
OG6860	0.0
OG6861	0.0
OG6862	0.0
OG6863	0.0
OG6864	1.0
OG6865	0.0
OG6866	0.0
OG6867	1.0
OG6868	2.0
OG6869	0.0
OG6870	0.0
OG6871	1.0
OG6872	0.0
OG6873	0.0
OG6874	1.0
OG6875	2.0
OG6876	3.0
OG6877	0.0
OG6878	0.0
OG6879	0.0
OG6880	1.0
OG6881	0.0
OG6882	0.0
OG6883	0.0
OG6884	0.0
OG6885	0.0
OG6886	0.0
OG6887	0.0
OG6888	0.0
OG6889	0.0
OG6890	0.0
OG6891	0.0
OG6892	0.0
OG6893	1.0
OG6894	0.0
OG6895	0.0
OG6896	0.0
OG6897	0.0
OG6898	0.0
OG6899	0.0
OG6900	0.0
OG6901	0.0
OG6902	0.0
OG6903	0.0
OG6904	0.0
OG6905	0.0
OG6906	0.0
OG6907	5.0
OG6908	3.0
OG6909	0.0
OG6910	0.0
OG6911	0.0
OG6912	0.0
OG6913	0.0
OG6914	0.0
OG6915	2.0
OG6916	147.0
OG6917	0.0
OG6918	0.0
OG6919	0.0
OG6920	0.0
OG6921	0.0
OG6922	0.0
OG6923	0.0
OG6924	1.0
OG6925	2.0
OG6926	1.0
OG6927	1.0
OG6928	0.0
OG6929	0.0
OG6930	0.0
OG6931	0.0
OG6932	0.0
OG6933	0.0
OG6934	0.0
OG6935	12.0
OG6936	1.0
OG6937	0.0
OG6938	12.0
OG6939	0.0
OG6940	0.0
OG6941	0.0
OG6942	0.0
OG6943	1.0
OG6944	0.0
OG6945	0.0
OG6946	0.0
OG6947	1.0
OG6948	0.0
OG6949	0.0
OG6950	0.0
OG6951	0.0
OG6952	0.0
OG6953	0.0
OG6954	2.0
OG6955	0.0
OG6956	0.0
OG6957	0.0
OG6958	0.0
OG6959	0.0
OG6960	0.0
OG6961	0.0
OG6962	0.0
OG6963	1.0
OG6964	4.0
OG6965	0.0
OG6966	1.0
OG6967	0.0
