Knumber,log2FoldChange.minusSTvsAll
K01208,-0.46799999999999997
K00817,-0.20199999999999999
K00817,0.003
K21449,1.605
K02810,-0.33799999999999997
K02810,-0.312
K00020,-0.795
K00134,0.687
K24041,0.4
K21636,-0.526
K01223,0.494
K10804,-1.43
K04096,
K04485,0.737
K02952,-0.335
K20265,-0.158
K01154,
K20345,0.046
K00852,-2.467
K01703,
K01703,0.0
K00878,-0.46799999999999997
K00878,
K02004,1.247
K00793,
K06919,0.494
K01154,0.0
K00773,1.716
K08151,0.494
K08151,-2.218
K01992,
K01990,
K12992,
K07271,
K21030,
K05352,
K19424,
K01154,-0.298
K01208,-1.43
K18908,0.494
K02035,-1.304
K02864,0.251
K00001,-0.226
K07386,0.36
K02982,0.8370000000000001
K01160,
K11741,
K09815,0.494
K02761,0.494
K03070,1.247
K16786,0.006
K12952,0.42200000000000004
K01635,-0.493
K01635,-0.078
K14260,-0.138
K02988,0.877
K00067,1.4409999999999998
K03070,2.086
K20444,-0.624
K08678,-0.8240000000000001
K00991,-1.172
K07271,-0.8740000000000001
K12997,-0.9420000000000001
K00754,-0.762
K01990,-0.8759999999999999
K03299,-0.114
K03299,-0.353
K14155,-1.01
K08217,-1.065
K01784,-1.1059999999999999
K20374,-1.101
K18104,0.132
K03111,0.8320000000000001
K07284,-2.26
K03697,-0.625
K03169,0.139
K03657,-0.6509999999999999
K03424,-1.074
K15051,-0.821
K02027,-1.1079999999999999
K02027,0.494
K01153,-0.8240000000000001
K01154,-0.759
K03427,-0.449
K20861,-0.40700000000000003
K01421,0.11900000000000001
K03496,-0.43700000000000006
K15580,-0.402
K00558,-1.167
K01198,1.452
K03169,-1.17
K03696,-0.773
K02372,-0.63
K09458,-1.11
K00648,-0.992
K20866,-0.9590000000000001
K03111,-0.542
K07497,-3.116
K07052,-0.7659999999999999
K07485,-5.252999999999999
K19424,-0.6779999999999999
K12996,-0.7140000000000001
K07386,-0.831
K07455,0.0
K10117,0.326
K10117,0.0
K03763,1.9680000000000002
K03602,0.337
K03601,1.413
K03657,0.054000000000000006
K03657,
K02314,1.25
K07272,-0.20600000000000002
K07272,0.087
K12990,-0.621
K20444,-0.205
K07316,-0.087
K07316,0.183
K01520,0.0
K01200,-1.199
K01200,-2.335
K02803,-1.43
K02800,
K00849,-0.46799999999999997
K00013,
K19972,-0.635
K01520,2.4930000000000003
K07482,0.494
K02004,-1.065
K02004,-0.46799999999999997
K07483,-2.537
K00012,-0.46799999999999997
K03502,-0.7759999999999999
K03553,-0.628
K01154,-0.489
K01154,-0.529
K09693,0.0
K20486,-1.942
K20489,-1.271
K20484,0.24
K01005,0.494
K16566,-0.46799999999999997
K19426,0.0
K03502,-2.344
K00158,-1.473
K06217,0.415
K12999,
K03427,-0.314
K06200,-0.445
K03427,1.22
K07052,
K01854,-1.43
K15580,
K15580,
K07483,
K07497,
K07497,
K01154,
K07493,
K07493,
K07497,
K07483,
K07497,
K00874,
K07483,
K07493,
K07493,
K05350,
K07493,
K07493,
K03488,
K20373,
K07497,
K07483,
K01750,
K18907,
K07493,
K07493,
K07483,
K07483,
K07497,
K01649,
K00012,
K07493,
K07493,
K07483,
K07493,
K07493,
K00626,
K02032,
K07493,
K07493,
K07493,
K07493,
K19338,0.0
K01153,-0.653
K18704,0.385
K07441,0.147
K19350,-1.43
K03111,
K00847,-0.185
K01488,
K07271,
K03328,
K06139,
K00703,
K00033,-0.46799999999999997
K03328,
K00012,
K03475,0.0
K01575,1.9580000000000002
K03596,-0.494
K03596,0.816
K17686,
K06200,-0.354
K02238,
K07741,
K01154,-0.35200000000000004
K22409,-0.8420000000000001
K07448,-1.188
K07497,
K07467,0.706
K01154,0.494
K00558,
K01154,0.494
K01154,0.652
K07482,
K01154,-1.435
K01101,-1.278
K06885,-0.718
K06885,-1.349
K07497,0.993
K21449,-2.37
K07443,0.0
K08679,
K00067,-1.964
K01790,
K01297,1.4909999999999999
K07497,1.051
K07192,-2.9939999999999998
K06148,-0.295
K01154,0.0
K02761,-1.956
K01154,
K07483,
K07497,
K01580,-2.924
K01361,-0.433
K03502,-0.057
K03305,0.494
K02042,1.837
K01154,0.0
K07030,-0.597
K07030,-1.48
K01814,-0.46799999999999997
K01735,-0.78
K01154,
K00851,-0.9590000000000001
K01126,-0.456
K18888,-1.43
K01215,-0.46799999999999997
K01215,-1.43
K03322,-0.691
K09962,-1.571
K01210,1.23
K01210,
K06139,
K11041,0.494
K00040,0.11800000000000001
K00854,
K01361,-0.5770000000000001
K20265,-2.0269999999999997
K02238,-3.071
K07504,-0.773
K01223,-2.2119999999999997
K02334,-1.6880000000000002
K06400,-3.5239999999999996
K00158,-1.3559999999999999
K09988,-1.9769999999999999
K08302,0.201
K02538,-0.191
K00012,-1.492
K00012,-1.329
K02529,-0.9309999999999999
K01154,-0.624
K00694,-2.029
K01154,
K03205,-0.7090000000000001
K01153,1.25
K07316,
K07727,
K01154,-2.3409999999999997
K19426,
K01154,-1.944
K07498,-1.3969999999999998
K01154,0.494
K01154,0.494
K01854,-0.9259999999999999
K07483,
K07497,
K01154,0.121
K07106,1.137
K02073,-1.105
K02073,-1.3090000000000002
K03707,-0.6729999999999999
K00926,1.686
K07474,-0.45299999999999996
K01681,-0.493
K01154,-0.066
K01176,0.42200000000000004
K01176,-0.395
K06978,-0.083
K07316,0.23
K07646,0.574
K07646,0.632
K02035,0.373
K07025,1.2570000000000001
K03486,0.0
K01154,-1.43
K03777,-0.364
K03777,-0.23399999999999999
K00688,-0.096
K01154,-0.038
K19265,0.47100000000000003
K19265,0.494
K12952,-1.276
K01512,
K02029,-0.25
K02029,-0.245
K02113,-0.574
K03758,1.925
K03758,-0.16699999999999998
K01703,
K02115,-0.401
K00700,
K07272,
K07271,
K07455,
K01154,
K07497,
K07482,
K07482,
K03529,
K07482,
K01071,
K12952,
K00027,
K01910,
K01646,
K01644,
K01643,
K05966,
K06219,
K04096,
K07482,
K07482,
K07482,
K03183,
K03183,
K07482,
K07482,
K07482,
K03322,
K07482,
K07482,
K07482,
K07482,
K07482,
K03299,
K07482,
K01154,0.19899999999999998
K11617,1.311
K11617,-0.46799999999999997
K03111,0.0
K02031,
K01652,0.0
K01790,0.185
K20265,1.77
K01580,-0.501
K02316,0.508
K01421,2.46
K02445,
K07316,
K01156,
K05845,-1.2690000000000001
K05846,-1.2690000000000001
K03524,0.19399999999999998
K16566,
K03695,-1.206
K07482,
K00689,-0.46799999999999997
K00012,
K01154,-2.3169999999999997
K01785,-2.114
K01534,
K01534,0.0
K16169,-0.922
K01356,-1.43
K00691,1.021
K01681,-0.375
K20276,-1.025
K03427,-1.062
K00014,0.903
K02761,-0.013999999999999999
K10716,-0.511
K00633,-0.899
K02240,-0.251
K17319,-1.43
K07451,-1.137
K01735,0.536
K01805,-0.433
K02031,0.506
K01154,-0.625
K02788,-1.065
K18926,-0.231
K02004,-0.514
K09815,-0.059000000000000004
K07316,0.0
K02248,-2.158
K04068,-0.171
K00298,-0.7120000000000001
K03475,-0.752
K09799,0.091
K07213,0.012
K06148,0.447
K00980,0.47100000000000003
K02810,0.053
K22132,-1.139
K00626,0.28
K21449,0.43200000000000005
K08152,-0.616
K07483,0.33299999999999996
K02236,-1.4480000000000002
K02315,
K03284,-0.46799999999999997
K07441,0.02
K00854,-0.289
K07005,0.43
K01992,-0.47200000000000003
K02238,-0.763
K07483,0.413
K11752,0.152
K00765,-1.175
K00874,-0.611
K06919,-0.49
K01805,0.139
K04041,0.556
K05970,0.494
K19972,-0.313
K07052,-1.705
K02237,-5.236000000000001
K12952,0.028999999999999998
K10830,-0.33299999999999996
K02238,0.0
K07284,-0.304
K08728,0.9209999999999999
K19971,-1.004
K03524,-0.332
K03523,0.10800000000000001
K06950,-0.162
K01060,-1.253
K08602,-0.037000000000000005
K07032,-0.501
K01200,-0.146
K18940,-0.581
K19350,-0.179
K01187,-0.696
K00703,-0.386
K13530,0.16
K01421,0.096
K07095,0.10300000000000001
K00145,-1.192
K00882,-0.10099999999999999
K21613,0.006999999999999999
K01575,0.375
K06999,-0.365
K00111,-1.0090000000000001
K09155,-0.113
K07493,-0.8420000000000001
K01347,-1.5390000000000001
K05770,-0.451
K00821,-1.725
K18888,0.057999999999999996
K01126,0.11699999999999999
K17758,-0.018000000000000002
K13727,0.027000000000000003
K01048,1.173
K02501,-0.708
K02004,0.5379999999999999
K01126,0.052000000000000005
K01990,-0.076
K16924,-1.165
K00013,-0.239
K01512,0.07
K13789,-0.20600000000000002
K07118,-0.278
K10440,-0.115
K07052,-0.034
K06885,-0.289
K09962,-0.165
K03811,0.069
K03530,-0.386
K00620,-0.527
K07124,0.259
K19270,0.312
K02316,-0.095
K01992,-0.316
K02003,0.065
K03486,0.484
K01814,-0.34
K07098,0.619
K02800,-1.334
K01895,0.386
K00689,1.133
K00611,-1.2570000000000001
K02243,-0.529
K02500,-0.18
K02113,0.035
K01649,-0.836
K00052,-0.196
K00757,-0.086
K02073,-1.297
K00033,-0.179
K00563,0.12300000000000001
K09760,-0.046
K06201,0.154
K01992,0.06
K14155,-0.09699999999999999
K02503,-0.281
K00626,-0.09699999999999999
K00054,-0.20199999999999999
K00297,-0.986
K03707,-0.757
K00549,-0.778
K03823,0.502
K03709,-0.345
K03740,0.43700000000000006
K00925,0.565
K00571,0.386
K03367,0.501
K00788,-0.131
K00965,-0.731
K03575,0.069
K01972,0.013999999999999999
K00941,0.302
K09811,0.44799999999999995
K12573,0.467
K02004,-0.544
K12556,0.243
K01823,0.142
K00938,0.182
K01597,0.114
K01515,0.45399999999999996
K03470,-0.096
K00286,0.015
K12132,0.297
K07056,0.474
K03500,0.602
K01714,0.239
K00604,-0.052000000000000005
K02003,-0.225
K04066,0.049
K06878,-0.127
K21977,0.059000000000000004
K03524,0.07
K03693,-0.151
K01607,-0.5489999999999999
K03471,0.0
K22293,1.036
K00782,0.166
K03100,0.016
K03629,0.09699999999999999
K00945,-0.011000000000000001
K04486,-0.8170000000000001
K11755,-0.6509999999999999
K00016,0.325
K00868,-0.18899999999999997
K06173,0.295
K10947,-0.695
K03581,0.45299999999999996
K03589,-0.071
K02563,0.525
K01838,0.022000000000000002
K01925,0.293
K08234,0.649
K00897,-1.123
K07040,-0.222
K03387,-0.621
K16264,-0.7040000000000001
K00687,0.561
K04518,0.537
K01281,0.772
K07082,0.228
K02343,0.3
K00891,0.261
K06988,-0.902
K05592,0.782
K10563,0.069
K01772,1.146
K07462,0.306
K02860,0.134
K04517,0.07200000000000001
K00215,-0.264
K01693,-0.418
K00974,-0.203
K08317,0.467
K03565,-0.539
K06969,0.17300000000000001
K00791,-0.03
K06180,0.061
K03767,0.156
K04516,-0.732
K03734,-0.231
K00969,0.363
K02340,-0.228
K09799,0.22699999999999998
K00287,0.081
K09762,-0.10800000000000001
K00950,0.094
K01495,0.094
K00796,0.192
K00887,0.10400000000000001
K21567,-0.384
K19965,0.045
K11754,0.125
K03785,-0.12
K00003,0.491
K00872,0.768
K16788,0.39299999999999996
K07461,0.647
K05823,0.629
K11717,-0.354
K06967,-0.37799999999999995
K10773,-0.04
K02851,-0.10800000000000001
K02086,0.0
K00794,-0.182
K14652,-0.188
K03497,0.054000000000000006
K03810,-0.501
K02348,0.37200000000000005
K00059,0.023
K01928,0.047
K07570,-0.115
K08591,0.379
K03547,-0.253
K00077,0.505
K09761,0.062
K04750,-0.161
K01246,0.161
K00949,-0.36
K07284,-0.525
K20866,-0.597
K01589,1.165
K01588,1.8840000000000001
K01945,1.344
K03095,0.138
K00602,1.705
K00383,-0.451
K02823,1.892
K11175,1.255
K06997,0.035
K02221,0.461
K00764,1.5030000000000001
K23264,1.955
K01923,1.376
K04074,-0.19899999999999998
K06872,-0.10099999999999999
K00864,-0.359
K01104,0.442
K04487,0.36200000000000004
K07098,0.402
K11145,0.504
K03529,0.779
K02503,-0.184
K18890,-0.387
K07025,-0.04
K00627,-0.11
K03631,-0.032
K05896,-0.182
K22457,0.591
K03110,0.214
K02428,0.502
K01776,0.39899999999999997
K03722,0.455
K03437,0.297
K00266,-0.079
K00265,-0.062
K01079,0.401
K02484,-0.16699999999999998
K00058,-0.016
K07335,0.659
K01489,0.444
K00831,0.145
K01223,-0.551
K01465,1.382
K00756,-0.06
K06158,0.65
K01092,0.002
K03572,0.317
K03700,0.146
K00564,0.052000000000000005
K03602,0.043
K05366,0.46399999999999997
K01069,0.28
K04063,-1.107
K01488,0.649
K21471,0.7809999999999999
K01695,-0.18899999999999997
K16899,-0.607
K01992,-0.8320000000000001
K02493,0.6859999999999999
K19285,0.157
K00567,0.23600000000000002
K02519,0.47600000000000003
K01207,-0.21100000000000002
K00648,0.302
K00645,0.096
K02337,-0.114
K02160,-0.003
K16898,-0.44299999999999995
K01552,-0.743
K01609,-0.141
K01738,-0.085
K01658,-0.122
K01657,-0.358
K08987,-0.2
K01874,0.012
K07001,-0.062
K22736,-0.62
K22736,-0.863
K03790,-0.12300000000000001
K02552,-0.2
K02551,-0.102
K08680,-0.47100000000000003
K01911,0.244
K03177,0.564
K09963,0.069
K13052,-0.322
K03789,0.113
K12296,-0.862
K01467,0.17300000000000001
K04075,0.002
K12573,0.139
K17686,0.015
K02798,-1.9769999999999999
K07260,0.086
K16013,-0.17600000000000002
K07213,-0.204
K00009,-1.8319999999999999
K01779,-0.139
K03346,0.326
K01807,-0.017
K02042,1.5530000000000002
K03758,0.221
K19427,-0.7509999999999999
K03625,0.444
K03215,-0.105
K01788,-0.6970000000000001
K01262,-0.17600000000000002
K05985,0.132
K03424,0.231
K06180,0.198
K06975,-0.534
K19055,-0.006
K21478,-1.703
K00859,0.26899999999999996
K02346,0.302
K01119,1.464
K06346,0.153
K01421,0.693
K01223,-0.20600000000000002
K01990,-0.303
K01118,-0.39
K01754,0.607
K02245,-3.549
K08659,0.78
K12343,-0.527
K01491,0.546
K07507,0.217
K03930,-0.292
K00147,0.43700000000000006
K00053,0.306
K01812,-0.762
K11065,-0.16399999999999998
K07404,-0.434
K00075,0.205
K06949,-0.03
K02529,0.12
K08311,-0.22
K02549,-0.004
K22044,0.7020000000000001
K08998,0.732
K16012,-0.213
K03654,0.162
K03734,0.36
K03466,-0.149
K00800,0.7709999999999999
K03210,0.524
K03111,-1.669
K07566,0.541
K02335,-0.228
K03731,-0.435
K01733,0.251
K17828,2.055
K09772,0.174
K00784,0.532
K04487,0.33899999999999997
K11749,0.47200000000000003
K01883,0.371
K00928,0.581
K07652,-0.102
K21471,0.743
K19222,0.348
K07258,0.322
K07497,-0.88
K14982,0.013000000000000001
K23265,1.425
K18104,0.33
K10804,-0.588
K03933,-0.361
K11753,0.228
K07304,0.474
K01921,0.243
K09157,0.5820000000000001
K06442,-0.483
K00244,0.115
K03088,-0.013000000000000001
K04771,0.861
K06178,-0.12
K02016,-0.157
K01990,-0.389
K03436,-0.07400000000000001
K00040,-0.47700000000000004
K00847,0.261
K17320,-2.128
K07192,0.099
K00432,-0.7959999999999999
K03737,-0.163
K07483,-0.536
K03549,-0.156
K01834,0.092
K15738,-0.159
K01938,0.8320000000000001
K03976,-0.099
K07560,-0.743
K01641,0.071
K03216,0.907
K01890,0.10800000000000001
K01183,-1.385
K03686,-0.326
K01661,0.23199999999999998
K19577,-0.449
K01738,-0.708
K00674,0.311
K16137,-0.284
K01531,-0.261
K01652,0.782
K10441,-0.35700000000000004
K02004,1.228
K01261,0.19
K00031,-0.7829999999999999
K16787,0.5670000000000001
K01633,0.113
K16789,-0.11699999999999999
K01235,-1.34
K03321,-0.085
K03531,0.094
K19267,0.175
K00931,0.309
K01580,-1.045
K02240,
K07030,-0.562
K03111,-0.067
K00657,-0.11
K02030,-0.5429999999999999
K00817,-0.728
K12997,0.198
K05340,-0.218
K03975,1.2670000000000001
K01160,-0.5660000000000001
K01005,0.433
K09775,-0.42200000000000004
K02529,0.098
K03571,0.16899999999999998
K04083,-0.042
K06925,-0.049
K01992,-0.387
K02440,0.051
K09817,0.41200000000000003
K02030,0.446
K06183,-0.345
K03703,-0.037000000000000005
K03553,0.021
K06181,-0.34700000000000003
K01703,-0.19699999999999998
K06200,-0.038
K02242,-1.3219999999999998
K13953,-0.597
K07816,0.026000000000000002
K18929,0.10800000000000001
K05879,-0.111
K21636,-0.098
K07483,-0.7509999999999999
K00973,0.23399999999999999
K01176,-0.45
K00759,0.856
K18889,-0.366
K01304,0.7290000000000001
K01223,-1.196
K01687,0.741
K03293,0.987
K10439,-0.223
K01586,0.257
K03973,1.516
K00975,-0.385
K00975,-0.593
K01215,-0.223
K00691,-0.31
K00661,-0.805
K01740,-1.4040000000000001
K02770,0.047
K10254,-0.741
K07052,-0.34299999999999997
K08177,0.938
K03811,-0.099
K07078,-0.46299999999999997
K07386,0.35
K00930,-0.6920000000000001
K02759,-0.28600000000000003
K01662,-1.052
K02440,0.094
K06960,0.45899999999999996
K01662,-0.11599999999999999
K01625,-0.256
K03086,-0.182
K01926,0.525
K00016,-0.27699999999999997
K03284,-0.39
K03695,-0.223
K00760,2.101
K06950,0.192
K07025,0.603
K03075,0.363
K01101,0.115
K07106,-0.815
K03596,0.263
K01686,-0.361
K07009,0.795
K03183,-0.32899999999999996
K00876,0.28600000000000003
K02000,1.304
K02001,1.374
K02002,1.374
K13256,-0.721
K06217,0.114
K01664,0.14800000000000002
K02115,0.129
K05845,-0.321
K05846,-0.321
K11617,0.439
K03758,0.6859999999999999
K02003,0.583
K16169,1.4509999999999998
K03816,1.493
K05881,-0.035
K03711,-0.228
K19005,0.828
K03293,0.111
K07173,-0.068
K01953,0.853
K03595,0.493
K07816,-0.018000000000000002
K00858,0.09
K05878,-0.023
K03685,0.9179999999999999
K02837,0.539
K03544,0.08900000000000001
K10823,-0.203
K03978,0.26
K06958,-0.159
K06131,-0.09
K00948,0.325
K01869,0.149
K15583,-0.11199999999999999
K11072,0.128
K09816,0.615
K11071,0.094
K16785,0.39299999999999996
K11070,-0.139
K11069,-0.03
K00845,0.49200000000000005
K04047,-0.21
K02913,0.841
K02911,1.636
K15582,-0.055999999999999994
K00611,0.934
K07478,0.185
K02621,0.745
K02342,0.221
K02622,0.519
K03798,0.225
K06191,-0.321
K02687,-0.001
K03647,0.141
K00525,-0.318
K01139,0.6679999999999999
K00526,-0.259
K15580,-0.294
K00760,0.134
K03723,-0.33899999999999997
K03294,0.624
K00655,0.9990000000000001
K01056,-0.17300000000000001
K06942,0.674
K02338,0.02
K02313,0.222
K09747,-0.225
K01929,0.579
K03621,0.012
K08153,0.435
K03218,0.14800000000000002
K05847,-0.321
K03590,0.139
K01867,0.042
K01775,0.57
K00997,0.632
K01439,0.915
K06153,0.195
K02990,0.765
K01870,-0.191
K03111,0.486
K02358,0.446
K02963,0.574
K00948,0.175
K00962,0.5720000000000001
K00640,0.41
K03800,-0.187
K00851,-0.18
K00161,0.006
K00162,-0.249
K02440,1.013
K03495,0.619
K00382,-0.27
K03584,0.149
K00841,0.071
K06187,0.667
K01756,0.9590000000000001
K03671,0.011000000000000001
K07456,-0.23
K09698,-0.125
K02529,0.311
K01271,0.9329999999999999
K07444,0.257
K07146,0.384
K01575,-0.467
K03168,0.619
K04094,0.385
K03386,-0.287
K02959,0.322
K02564,-0.22
K01893,0.447
K07568,0.878
K09787,-0.011000000000000001
K03979,0.55
K04751,4.245
K03320,4.796
K02887,0.396
K02916,0.5529999999999999
K02520,0.35600000000000004
K01834,0.248
K03710,-0.079
K01619,-0.16399999999999998
K00867,-0.042
K03601,0.289
K03768,-0.034
K02909,1.86
K03523,0.887
K05837,0.318
K02073,-1.5190000000000001
K02073,-1.5019999999999998
K02073,-1.524
K11733,0.36700000000000005
K01696,-0.262
K02071,-1.2590000000000001
K02072,-1.138
K08968,0.408
K01915,3.801
K07729,-0.263
K09765,-0.23
K02015,0.204
K02015,-0.223
K03713,3.815
K01537,-0.142
K03551,0.32799999999999996
K00625,0.002
K03550,0.524
K00766,-0.135
K03555,-0.187
K07090,-0.183
K00036,0.373
K02794,-0.034
K07015,0.18100000000000002
K17810,0.039
K01953,0.113
K01955,1.041
K03570,-0.12300000000000001
K14983,-0.284
K03574,0.797
K02795,0.569
K02796,0.009000000000000001
K00016,0.39299999999999996
K02968,0.72
K01839,-0.16899999999999998
K01803,0.168
K03784,-0.031
K07273,0.13699999999999998
K01493,0.606
K02030,0.94
K01624,0.111
K02028,0.24
K00384,-0.128
K00364,1.355
K03650,0.597
K01875,-0.303
K03655,-0.496
K07166,0.536
K06193,0.055
K01821,0.426
K00574,-0.177
K00789,-0.281
K03705,-0.27
K03687,-0.37200000000000005
K04043,-0.34700000000000003
K01598,0.289
K18682,0.057999999999999996
K01958,0.21899999999999997
K03588,0.083
K00942,0.40399999999999997
K02913,-3.2239999999999998
K03060,0.34
K07139,0.21899999999999997
K06890,-0.267
K02355,0.75
K18928,0.25
K09685,0.248
K00656,-0.122
K12555,0.348
K02871,0.8759999999999999
K03073,0.129
K02601,0.177
K02996,0.897
K03217,0.8490000000000001
K03282,-0.331
K02946,0.878
K01889,0.11900000000000001
K01951,0.37799999999999995
K02886,0.516
K02965,0.5379999999999999
K02890,0.196
K01258,0.005
K15986,0.044000000000000004
K04069,-0.639
K03699,0.406
K00208,0.092
K02372,0.261
K03701,-0.425
K02528,0.28
K02994,0.6559999999999999
K02933,0.83
K02881,0.8220000000000001
K03076,0.20600000000000002
K00939,0.14
K02986,0.701
K02948,0.64
K03040,0.5479999999999999
K02879,0.331
K06959,0.024
K12574,0.19
K03789,-0.315
K02356,0.315
K01409,-0.049
K07137,0.086
K21064,1.024
K01652,-0.18899999999999997
K02041,1.508
K06901,1.929
K01256,-0.075
K18891,0.293
K18892,0.22399999999999998
K00790,0.535
K03702,-0.313
K03977,0.077
K19002,0.07200000000000001
K11144,-0.077
K13677,-0.188
K07738,0.22
K03439,0.255
K02314,0.025
K02939,-0.223
K22927,0.011000000000000001
K03305,0.317
K00857,0.46399999999999997
K00425,-0.047
K03885,0.371
K01752,0.425
K01752,0.23
K00426,-0.10800000000000001
K20074,0.5489999999999999
K01077,0.5529999999999999
K07069,-1.024
K00566,0.611
K02945,0.35600000000000004
K02835,0.19899999999999998
K00600,0.732
K01265,0.361
K07058,0.055
K06023,0.265
K13292,0.379
K00033,-0.25
K03549,0.37
K06286,-0.128
K02357,0.5660000000000001
K02967,0.748
K11991,-0.61
K04072,0.408
K01462,0.131
K02956,1.034
K00134,-0.7390000000000001
K03048,0.051
K04042,0.48100000000000004
K03624,0.048
K03697,-0.68
K00995,0.021
K01784,-0.282
K01243,0.33299999999999996
K01689,0.249
K03696,0.132
K03708,-0.196
K06881,0.15
K00783,0.223
K01424,0.257
K01142,0.34
K00806,0.573
K00981,0.516
K00537,-0.342
K01881,0.336
K00849,-0.662
K07533,0.449
K03763,0.184
K08303,0.055999999999999994
K01760,-0.17300000000000001
K01962,-0.008
K16509,1.081
K01358,-0.318
K01963,0.028999999999999998
K01961,-0.083
K02372,0.009000000000000001
K09458,0.127
K06180,-0.174
K00059,-0.019
K11068,0.247
K02078,-0.152
K01809,0.005
K03530,0.257
K02834,0.345
K07742,0.195
K03101,-0.315
K02600,0.415
K09748,0.603
K06518,0.247
K01990,0.242
K02863,0.682
K02867,0.909
K01872,0.215
K01372,-0.152
K02483,-0.21899999999999997
K00820,0.11900000000000001
K16509,0.413
K00243,0.011000000000000001
K03664,0.009000000000000001
K00790,0.147
K00762,1.368
K03545,0.419
K02838,0.47200000000000003
K09903,0.155
K00925,0.46799999999999997
K06207,0.249
K01939,1.012
K02040,-0.358
K02445,-0.47100000000000003
K00826,0.424
K02040,-0.016
K02037,0.019
K09976,0.727
K02038,0.094
K03402,0.036000000000000004
K06024,0.26
K23675,0.305
K10112,-0.084
K04567,0.336
K07029,-0.10099999999999999
K01892,-0.131
K02761,-0.32799999999999996
K01876,-0.215
K05540,1.072
K09812,0.8029999999999999
K02935,0.396
K02836,0.109
K02760,-0.01
K23393,1.006
K03438,0.332
K00560,0.34600000000000003
K18692,0.48700000000000004
K01000,0.16899999999999998
K04564,-0.565
K03739,0.41700000000000004
K00869,1.107
K14540,-0.105
K12574,-0.14800000000000002
K23269,1.421
K02341,0.19
K00943,0.319
K07668,0.12
K07586,0.095
K01933,1.472
K00133,0.67
K01591,1.9180000000000001
K00615,-0.204
K14188,0.54
K03501,0.215
K02036,-0.289
K00805,0.16899999999999998
K04077,-0.369
K00805,0.159
K01868,0.659
K00963,0.23
K00057,0.253
K04078,-0.311
K01866,0.43700000000000006
K02110,0.7240000000000001
K01443,-0.386
K02469,0.177
K00850,-0.042
K00873,-0.171
K00016,0.21600000000000003
K23536,0.331
K23535,0.375
K03657,0.337
K03316,0.083
K23537,0.512
K01118,0.89
K01924,0.177
K03402,-0.29100000000000004
K01887,0.284
K03151,0.54
K03043,0.414
K02470,-0.006999999999999999
K03046,0.262
K02029,-0.105
K02028,-0.183
K16511,-0.434
K09013,-0.221
K09015,-0.302
K04488,-0.33899999999999997
K09014,-0.321
K01937,0.207
K02435,0.268
K00761,0.47100000000000003
K02888,0.096
K02108,0.467
K07042,-0.042
K02433,0.467
K01426,-0.204
K02109,-0.061
K07177,-0.446
K00954,-0.45899999999999996
K02111,0.266
K01520,0.247
K03431,-0.10099999999999999
K18672,-0.038
K01878,0.171
K01879,0.065
K01956,1.3869999999999998
K00763,-0.07
K01810,0.096
K01916,-0.11900000000000001
K02003,-0.265
K00609,1.449
K06940,0.535
K02824,1.541
K02825,1.3940000000000001
K21903,-1.015
K02902,0.35700000000000004
K02884,0.64
K03106,0.38299999999999995
K00554,0.084
K01873,0.07200000000000001
K02036,-0.048
K02112,0.192
K08659,-0.228
K02114,0.045
K03698,0.10099999999999999
K07304,-0.7340000000000001
K02039,-0.098
K01783,-0.209
K01736,0.161
K00226,0.838
K10038,2.273
K10036,2.708
K10037,2.708
K03648,0.361
K01808,-2.072
K01783,-0.578
K02529,-0.7240000000000001
K00001,-0.04
K09710,0.306
K07574,-0.14800000000000002
K03665,0.13
K00088,0.884
K01990,0.34700000000000003
K01790,0.08
K07030,0.32299999999999995
K07305,0.43799999999999994
K04758,-0.026000000000000002
K04759,-0.083
K02548,0.165
K00805,-0.33899999999999997
K06941,-0.20199999999999999
K15770,0.446
K15771,-0.092
K15772,0.551
K02004,-0.7090000000000001
K01081,-0.787
K02777,-0.172
K08152,0.008
K09963,-0.361
K19225,-0.192
K01934,-0.153
K03704,0.35600000000000004
K02434,0.461
K03706,-0.033
K15051,-0.11
K06929,-0.5429999999999999
K07104,-1.264
K21739,0.21600000000000003
K00773,1.431
K07386,-0.113
K03546,-0.733
K03574,0.39299999999999996
K01154,0.163
K16210,-0.635
K02822,-1.473
K03492,-1.252
K01223,-0.19
K10119,-0.985
K10118,-1.8090000000000002
K02027,-0.835
K10241,-3.017
K15531,-1.401
K22278,-1.4569999999999999
K01235,0.0
K22103,0.125
K10117,-1.81
K02440,-0.932
K02864,0.7090000000000001
K21900,0.027999999999999997
K20265,-1.2309999999999999
K03322,-0.05
K03630,-0.009000000000000001
K00675,-0.5
K01537,-1.215
K01537,-0.589
K03342,0.051
K03777,-0.28
K09692,0.494
K03741,-0.746
K20486,-0.21
K18136,-0.892
K01897,-0.997
K07031,-1.186
K03271,-1.893
K03273,-0.054000000000000006
K04485,0.15
K01507,-0.835
K00986,-0.581
K21745,-0.785
K02483,-0.5770000000000001
K07052,-0.7
K02970,0.04
K07272,-0.349
K01854,-0.43799999999999994
K08151,0.665
K19577,-0.397
K06147,-1.24
K19591,-1.416
K05363,-1.2
K02952,0.332
K02518,0.5539999999999999
K02907,0.8859999999999999
K02954,0.42700000000000005
K02931,0.166
K02895,0.262
K01153,0.212
K03427,0.187
K14588,-0.32299999999999995
K01210,-1.253
K02874,0.256
K02961,0.846
K02904,0.56
K02878,0.6940000000000001
K18908,-0.157
K17320,-3.622
K02892,0.366
K07010,-0.109
K00700,-0.46399999999999997
K14189,0.163
K01181,0.49200000000000005
K07533,-0.523
K02926,0.8959999999999999
K07447,0.006999999999999999
K02906,0.5670000000000001
K02914,0.94
K03217,0.5379999999999999
K03536,0.319
K08161,0.295
K01940,-0.93
K02004,-0.214
K00662,1.307
K02913,-0.8240000000000001
K01220,-0.295
K02788,-0.147
K02992,0.315
K02950,0.499
K00917,-0.35
K01819,-0.35700000000000004
K02530,-0.34700000000000003
K01438,-0.589
K01537,0.087
K11936,-1.4269999999999998
K00134,-0.079
K10947,-0.9840000000000001
K15772,-0.9209999999999999
K15771,-0.935
K15770,-0.924
K07474,0.33899999999999997
K20276,-0.903
K01791,-0.584
K24041,0.032
K01626,-0.955
K01198,-0.932
K09809,-0.88
K03366,-0.83
K01223,0.23
K00020,-0.031
K01785,-2.0269999999999997
K03366,-1.837
K00059,-2.437
K03499,-0.005
K03498,-0.07200000000000001
K01784,-0.361
K03292,0.466
K00651,0.596
K03830,-0.13
K02031,0.327
K02032,-2.6719999999999997
K02034,-2.688
K03502,0.685
K07467,0.0
K08996,-0.049
K02242,-0.239
K21900,-0.004
K02003,-0.20600000000000002
K21562,0.5710000000000001
K01534,0.294
K01190,-1.04
K01990,-0.121
K01992,-0.2
K00712,-0.057
K01215,-1.35
K12373,-1.7380000000000002
K17318,-0.044000000000000004
K17320,0.35
K17319,0.165
K01191,-0.086
K09704,0.013000000000000001
K01621,-0.107
K01198,-0.179
K13252,-0.579
K02246,-1.43
K02226,0.34299999999999997
K24041,-0.156
K01104,0.42100000000000004
K09692,-0.265
K09693,-0.963
K02954,0.44
K03588,-0.066
K03546,-0.371
K02003,-2.278
K03483,-1.3880000000000001
K03830,1.169
K00059,0.292
K06131,0.49700000000000005
K01653,2.026
K07646,0.387
K07667,0.409
K01546,-0.483
K01547,0.935
K01548,1.39
K02502,0.28
K06219,0.22699999999999998
K06978,-0.253
K02440,0.071
K00111,-0.077
K03316,0.39399999999999996
K01176,0.023
K10530,-1.07
K20073,0.126
K00926,-0.768
K10536,-0.129
K03827,0.937
K04063,-0.107
K02013,-0.122
K03282,-0.8240000000000001
K03797,-0.922
K00059,0.019
K01704,0.057999999999999996
K02004,0.251
K07052,-0.795
K07052,-1.1079999999999999
K20345,-0.995
K20344,-0.655
K01160,-0.598
K01005,-0.701
K02502,-1.9880000000000002
K20265,-1.334
K06889,-2.374
K00712,-0.317
K06200,-1.3459999999999999
K06200,-0.919
K01223,0.0
K16210,-0.511
K16210,-0.428
K01992,-0.475
K02240,
K00925,-0.096
K06400,0.019
K20073,-0.76
K11144,-0.161
K02031,0.071
K07052,
K03328,
K03111,
K07726,0.285
K02032,-0.085
K00852,-0.237
K06919,-2.436
K00435,-0.08
K01772,-0.145
K03646,0.0
K06726,0.01
K00077,-0.983
K07035,-0.664
K01647,-0.53
K06889,0.462
K01755,-1.244
K14260,0.638
K01710,0.162
K00067,0.23
K12996,0.12
K06948,-0.023
K00927,-0.013999999999999999
K03070,0.795
K07584,0.789
K02899,1.5290000000000001
K01223,-0.408
K02876,0.38
K02988,0.502
K02982,0.375
K02786,-0.311
K01635,-0.271
K01819,-0.442
K01361,0.013000000000000001
K07005,-0.087
K02034,0.009000000000000001
K16566,0.134
K01208,-0.20600000000000002
K16509,0.11599999999999999
K11741,-1.53
K07727,0.03
K05970,-1.745
K10241,-1.172
K03553,-0.56
K02003,-1.369
K08483,0.307
K02784,0.203
K01626,0.43799999999999994
K21562,-1.369
K03284,-0.293
K07467,-0.483
K07467,-3.885
K01534,-1.5930000000000002
K02068,0.165
K02069,0.114
K01759,-1.379
K00661,-1.435
K22305,-1.413
K07258,0.078
K07005,1.393
K07052,-1.268
K00793,-0.21899999999999997
K03496,-0.19399999999999998
K01759,-0.355
K04763,-1.475
K18673,-1.8459999999999999
K06221,-1.305
K07474,-2.9339999999999997
K06139,-2.9339999999999997
K09815,0.5660000000000001
K16786,0.64
K02755,0.013999999999999999
K01534,-2.3280000000000003
K07497,1.355
K07483,0.33899999999999997
K21562,-0.048
K01533,-0.49
K06198,-0.1
K00018,-2.315
K22552,-0.6459999999999999
K21471,-0.402
K13292,0.085
K11752,0.879
K11752,-0.7909999999999999
K01156,0.409
K15581,0.16699999999999998
K15580,-0.055
K03502,-2.925
K19338,-0.502
K16509,0.0
K22212,0.841
K22132,-2.6
K07192,0.626
K16209,-0.88
K01154,-8.141
K00004,-1.382
K03366,-1.045
K03366,-1.036
K00752,-0.653
K00012,-0.474
K01154,-0.618
K01560,-0.21600000000000003
K04763,-0.8809999999999999
K07313,-0.721
K05795,0.309
K05795,
K05795,-0.46799999999999997
K14155,-1.465
K07052,-2.687
K03549,-0.401
K07741,0.191
K01246,0.0
K03827,0.494
K01805,-2.7489999999999997
K03549,-0.502
K18640,-1.605
K20485,-1.281
K01689,-0.92
K02026,-1.714
K10189,-1.083
K04844,-1.42
K02529,-0.467
K01791,-0.547
K02033,-4.337
K02034,-0.652
K15583,-0.733
K05349,-1.601
K01223,-1.4409999999999998
K18673,-1.109
K18941,1.255
K02246,-3.012
K01209,-1.166
K01854,-1.107
K01854,-0.8009999999999999
K09692,-0.591
K09693,-0.885
K07104,-1.805
K21449,-1.459
K16326,-1.766
K07149,-1.818
K00298,-1.298
K19504,-1.879
K00845,-2.676
K02761,-0.574
K03892,-1.4180000000000001
K01551,-0.84
K03325,-1.107
K01662,-0.565
K00661,-1.584
K19425,-2.036
K03205,
K07497,-1.288
K09927,-0.902
K04041,-0.158
K04041,-0.335
K03321,3.091
K03321,0.809
K01739,0.052000000000000005
K20345,-2.096
K20344,-0.853
K06950,-0.716
K06950,1.298
K01438,-1.361
K19971,-1.43
K01438,-0.222
K01118,0.7120000000000001
K04095,-0.1
K13727,
K13727,
K12999,0.493
K00675,
K00675,-1.0659999999999998
K01478,0.18100000000000002
K12999,-0.262
K02044,1.74
K07317,-0.9390000000000001
K01754,-1.43
K01754,
K01647,-2.6
K18889,-1.354
K06346,-0.574
K07316,-1.198
K07497,-0.485
K01735,1.063
K05350,0.521
K00145,
K00145,-1.43
K13953,-1.426
K03070,-0.894
K03070,1.268
K01154,-2.45
K01347,-0.46799999999999997
K16924,-0.436
K16924,-0.765
K06919,0.015
K02761,-0.7240000000000001
K06198,-0.09300000000000001
K03701,0.293
K07483,-1.43
K19350,-0.638
K00705,-0.562
K00754,0.499
K06904,
K01154,-0.5770000000000001
K00926,-1.885
K00926,0.48700000000000004
K00852,-0.46799999999999997
K00852,-0.21
K01812,-1.4709999999999999
K01580,-0.545
K07386,0.359
K01198,-0.46399999999999997
K02757,-0.426
K01153,-0.769
K02759,-0.624
K03070,-1.214
K02004,-1.43
K07078,0.01
K00756,-1.068
K06221,-0.626
K00688,-0.245
K01421,-0.903
K07741,
K02501,0.0
K03475,0.0
K17758,0.0
K17758,-0.39399999999999996
K02030,-1.979
K01048,-0.821
K00014,0.0
K00014,0.0
K19267,0.0
K01735,-0.998
K01223,-2.517
K07482,-0.327
K07979,
K00980,0.0
K01990,0.9740000000000001
K02004,0.308
K02004,1.035
K02004,0.452
K00633,-0.551
K06148,0.46
K01154,0.24100000000000002
K03427,0.282
K01153,0.262
K01005,-0.385
K01005,-0.295
K21449,0.382
K07284,
K07284,0.494
K03697,-0.774
K01790,-1.43
K03169,0.0
K03697,-0.46799999999999997
K01790,-0.46799999999999997
K03328,-1.43
K20444,0.494
K03111,2.99
K01992,-1.294
K01689,-0.532
K15580,-0.46799999999999997
K01154,-1.287
K06200,-0.848
K06200,-1.43
K01534,-6.433
K18929,-1.5290000000000001
K01181,0.494
K01625,0.467
K03273,
K01662,-0.6509999999999999
K01662,0.451
K00821,0.0
K10118,
K10118,0.0
K00700,-0.48700000000000004
K00700,-1.5759999999999998
K12952,0.0
K07052,0.0
K01235,
K07483,-0.08800000000000001
K00878,0.191
K03427,0.0
K01153,0.494
K12990,-0.46799999999999997
K08659,-0.975
K08659,1.9340000000000002
K03169,-2.929
K04043,
K03293,0.0
K01126,-0.184
K02800,
K00147,-0.32899999999999996
K02244,
K01537,-2.324
K03731,0.494
K07095,0.21600000000000003
K03322,-1.179
K01808,0.0
K07483,-0.794
K04068,0.0
K07316,0.0
K07271,0.541
K03328,0.512
K01154,-0.5670000000000001
K00926,2.3930000000000002
K01687,0.0
K01533,-0.142
K02035,0.418
K02757,-0.191
K00705,1.237
K07497,-0.46799999999999997
K00865,-1.641
K11041,0.34700000000000003
K21993,1.27
K12999,-0.109
K03311,1.008
K01533,-0.244
K07497,-0.6920000000000001
K02761,-1.329
K03704,0.355
K02244,-1.969
K01647,-1.2229999999999999
K01791,-0.602
K01990,-0.45
K02044,1.577
K01681,-1.281
K01785,-0.785
K01071,0.139
K04096,-1.185
K03885,-0.517
K07483,-0.823
K19265,-0.2
K02757,-1.6980000000000002
K06147,0.653
K01520,0.579
K03322,0.174
K01739,-0.7859999999999999
K03704,0.02
K01689,-0.035
K07010,0.779
K03483,-2.655
K02029,0.52
K00688,-0.114
K19081,-0.146
K01223,-0.14300000000000002
K00926,0.611
K09936,0.6829999999999999
K00004,-0.888
K16785,-0.9940000000000001
K03488,-0.040999999999999995
K16209,-0.496
K17319,-0.47600000000000003
K22212,0.128
K02757,-0.251
K00926,0.568
K01223,-0.155
K15580,-0.36700000000000005
K02042,1.489
K03299,0.03
K21739,-0.772
K12952,0.578
K00651,0.192
K02033,0.040999999999999995
K07010,0.617
K06904,
K01817,-0.919
K03704,-0.853
K00004,-0.831
K12999,-0.73
K00563,-0.742
K01992,0.45399999999999996
K01478,0.528
K21993,-0.9740000000000001
K00651,-0.11800000000000001
K22212,-2.883
K06904,0.299
K16785,-0.698
K01817,-0.52
K07497,-0.575
K03483,-0.46799999999999997
K01223,-0.47600000000000003
K00158,-1.107
K02033,-1.515
K01356,-1.3880000000000001
K01791,-0.483
K00563,-0.17
K06889,-1.255
K01478,1.2
K21739,-1.304
K07497,-1.128
K12952,-1.395
K03322,0.631
K01520,-0.506
K01647,-0.595
K01223,-1.005
K06889,-0.324
K03502,-0.5429999999999999
K09936,-0.10300000000000001
K02757,-1.3
K16209,-0.65
K03885,-0.915
K08602,0.027999999999999997
K03322,-1.145
K18926,0.469
K01689,-2.423
K01356,-0.713
K02044,1.899
K02244,
K08602,-1.123
K11041,1.463
K00688,-0.41
K15580,-0.736
K07497,0.782
K00705,-0.746
K07497,0.132
K03502,0.214
K03311,1.412
K00865,-0.414
K06147,0.155
K02035,-0.02
K02035,-0.09699999999999999
K00158,-1.088
K03322,-0.7240000000000001
K07497,-0.797
K00158,-1.097
K01739,1.4380000000000002
K07483,-1.044
K07497,-0.17300000000000001
K06147,0.085
K01739,-0.055
K07497,-0.249
K02761,1.2770000000000001
K00865,-0.983
K07498,-0.29
K03311,-0.46799999999999997
K07497,0.133
K07497,-0.345
K00705,-0.578
K03502,0.064
K02761,-0.6890000000000001
K00705,0.301
K07497,-0.46799999999999997
