,Knumber,log2FoldChange.minusSTvsAll
OG4650,K01208,-0.46799999999999997
OG4662,K00817,-0.20199999999999999
OG4663,K00817,0.003
OG4665,K21449,1.605
OG4666,K02810,-0.33799999999999997
OG4667,K02810,-0.312
OG4668,K00020,-0.795
OG4669,K00134,0.687
OG4673,K24041,0.4
OG4681,K21636,-0.526
OG4695,K01223,0.494
OG4698,K10804,-1.43
OG4701,K04096,
OG4716,K04485,0.737
OG4719,K02952,-0.335
OG4731,K20265,-0.158
OG4739,K01154,
OG4745,K20345,0.046
OG4770,K00852,-2.467
OG4771,K01703,
OG4772,K01703,0.0
OG4773,K00878,-0.46799999999999997
OG4774,K00878,
OG4784,K02004,1.247
OG4790,K00793,
OG4795,K06919,0.494
OG4797,K01154,0.0
OG4808,K00773,1.716
OG4812,K08151,0.494
OG4813,K08151,-2.218
OG4814,K01992,
OG4815,K01990,
OG4820,K12992,
OG4823,K07271,
OG4824,K21030,
OG4825,K05352,
OG4826,K19424,
OG4831,K01154,-0.298
OG4834,K01208,-1.43
OG4841,K18908,0.494
OG4842,K02035,-1.304
OG4889,K02864,0.251
OG4891,K00001,-0.226
OG4896,K07386,0.36
OG4897,K02982,0.8370000000000001
OG4901,K01160,
OG4902,K11741,
OG4904,K09815,0.494
OG4908,K02761,0.494
OG4916,K03070,1.247
OG4918,K16786,0.006
OG4921,K12952,0.42200000000000004
OG4922,K01635,-0.493
OG4923,K01635,-0.078
OG4930,K14260,-0.138
OG4934,K02988,0.877
OG4936,K00067,1.4409999999999998
OG4948,K03070,2.086
OG4965,K20444,-0.624
OG4967,K08678,-0.8240000000000001
OG4968,K00991,-1.172
OG4969,K07271,-0.8740000000000001
OG4972,K12997,-0.9420000000000001
OG4975,K00754,-0.762
OG4978,K01990,-0.8759999999999999
OG4989,K03299,-0.114
OG4990,K03299,-0.353
OG4998,K14155,-1.01
OG5000,K08217,-1.065
OG5001,K01784,-1.1059999999999999
OG5007,K20374,-1.101
OG5013,K18104,0.132
OG5040,K03111,0.8320000000000001
OG5045,K07284,-2.26
OG5049,K03697,-0.625
OG5051,K03169,0.139
OG5053,K03657,-0.6509999999999999
OG5057,K03424,-1.074
OG5064,K15051,-0.821
OG5075,K02027,-1.1079999999999999
OG5076,K02027,0.494
OG5077,K01153,-0.8240000000000001
OG5078,K01154,-0.759
OG5081,K03427,-0.449
OG5082,K20861,-0.40700000000000003
OG5087,K01421,0.11900000000000001
OG5091,K03496,-0.43700000000000006
OG5095,K15580,-0.402
OG5103,K00558,-1.167
OG5109,K01198,1.452
OG5151,K03169,-1.17
OG5153,K03696,-0.773
OG5157,K02372,-0.63
OG5159,K09458,-1.11
OG5164,K00648,-0.992
OG5177,K20866,-0.9590000000000001
OG5186,K03111,-0.542
OG5203,K07497,-3.116
OG5205,K07052,-0.7659999999999999
OG5216,K07485,-5.252999999999999
OG5221,K19424,-0.6779999999999999
OG5226,K12996,-0.7140000000000001
OG5239,K07386,-0.831
OG5242,K07455,0.0
OG5246,K10117,0.326
OG5247,K10117,0.0
OG5261,K03763,1.9680000000000002
OG5266,K03602,0.337
OG5268,K03601,1.413
OG5276,K03657,0.054000000000000006
OG5297,K03657,
OG5299,K02314,1.25
OG5306,K07272,-0.20600000000000002
OG5309,K07272,0.087
OG5314,K12990,-0.621
OG5315,K20444,-0.205
OG5318,K07316,-0.087
OG5319,K07316,0.183
OG5359,K01520,0.0
OG5372,K01200,-1.199
OG5374,K01200,-2.335
OG5379,K02803,-1.43
OG5382,K02800,
OG5383,K00849,-0.46799999999999997
OG5390,K00013,
OG5392,K19972,-0.635
OG5393,K01520,2.4930000000000003
OG5394,K07482,0.494
OG5396,K02004,-1.065
OG5397,K02004,-0.46799999999999997
OG5408,K07483,-2.537
OG5419,K00012,-0.46799999999999997
OG5422,K03502,-0.7759999999999999
OG5424,K03553,-0.628
OG5429,K01154,-0.489
OG5443,K01154,-0.529
OG5446,K09693,0.0
OG5447,K20486,-1.942
OG5448,K20489,-1.271
OG5449,K20484,0.24
OG5460,K01005,0.494
OG5464,K16566,-0.46799999999999997
OG5469,K19426,0.0
OG5476,K03502,-2.344
OG5494,K00158,-1.473
OG5495,K06217,0.415
OG5496,K12999,
OG5497,K03427,-0.314
OG5506,K06200,-0.445
OG5509,K03427,1.22
OG5510,K07052,
OG5513,K01854,-1.43
OG5517,K15580,
OG5518,K15580,
OG5521,K07483,
OG5522,K07497,
OG5524,K07497,
OG5526,K01154,
OG5527,K07493,
OG5528,K07493,
OG5530,K07497,
OG5531,K07483,
OG5537,K07497,
OG5551,K00874,
OG5554,K07483,
OG5555,K07493,
OG5556,K07493,
OG5558,K05350,
OG5561,K07493,
OG5562,K07493,
OG5563,K03488,
OG5566,K20373,
OG5567,K07497,
OG5568,K07483,
OG5572,K01750,
OG5574,K18907,
OG5577,K07493,
OG5578,K07493,
OG5579,K07483,
OG5584,K07483,
OG5585,K07497,
OG5589,K01649,
OG5606,K00012,
OG5608,K07493,
OG5609,K07493,
OG5610,K07483,
OG5611,K07493,
OG5612,K07493,
OG5616,K00626,
OG5617,K02032,
OG5621,K07493,
OG5622,K07493,
OG5638,K07493,
OG5639,K07493,
OG5651,K19338,0.0
OG5656,K01153,-0.653
OG5660,K18704,0.385
OG5665,K07441,0.147
OG5676,K19350,-1.43
OG5679,K03111,
OG5691,K00847,-0.185
OG5695,K01488,
OG5714,K07271,
OG5715,K03328,
OG5718,K06139,
OG5729,K00703,
OG5735,K00033,-0.46799999999999997
OG5747,K03328,
OG5748,K00012,
OG5775,K03475,0.0
OG5778,K01575,1.9580000000000002
OG5780,K03596,-0.494
OG5781,K03596,0.816
OG5787,K17686,
OG5790,K06200,-0.354
OG5791,K02238,
OG5806,K07741,
OG5816,K01154,-0.35200000000000004
OG5818,K22409,-0.8420000000000001
OG5829,K07448,-1.188
OG5834,K07497,
OG5875,K07467,0.706
OG5876,K01154,0.494
OG5886,K00558,
OG5905,K01154,0.494
OG5912,K01154,0.652
OG5924,K07482,
OG5938,K01154,-1.435
OG5950,K01101,-1.278
OG5955,K06885,-0.718
OG5956,K06885,-1.349
OG5968,K07497,0.993
OG5972,K21449,-2.37
OG5973,K07443,0.0
OG6001,K08679,
OG6006,K00067,-1.964
OG6007,K01790,
OG6016,K01297,1.4909999999999999
OG6021,K07497,1.051
OG6027,K07192,-2.9939999999999998
OG6036,K06148,-0.295
OG6038,K01154,0.0
OG6058,K02761,-1.956
OG6063,K01154,
OG6073,K07483,
OG6074,K07497,
OG6078,K01580,-2.924
OG6082,K01361,-0.433
OG6083,K03502,-0.057
OG6087,K03305,0.494
OG6090,K02042,1.837
OG6096,K01154,0.0
OG6097,K07030,-0.597
OG6098,K07030,-1.48
OG6099,K01814,-0.46799999999999997
OG6101,K01735,-0.78
OG6102,K01154,
OG6113,K00851,-0.9590000000000001
OG6128,K01126,-0.456
OG6138,K18888,-1.43
OG6145,K01215,-0.46799999999999997
OG6146,K01215,-1.43
OG6158,K03322,-0.691
OG6159,K09962,-1.571
OG6179,K01210,1.23
OG6180,K01210,
OG6183,K06139,
OG6184,K11041,0.494
OG6196,K00040,0.11800000000000001
OG6197,K00854,
OG6202,K01361,-0.5770000000000001
OG6215,K20265,-2.0269999999999997
OG6216,K02238,-3.071
OG6224,K07504,-0.773
OG6225,K01223,-2.2119999999999997
OG6242,K02334,-1.6880000000000002
OG6280,K06400,-3.5239999999999996
OG6284,K00158,-1.3559999999999999
OG6299,K09988,-1.9769999999999999
OG6302,K08302,0.201
OG6304,K02538,-0.191
OG6305,K00012,-1.492
OG6306,K00012,-1.329
OG6322,K02529,-0.9309999999999999
OG6332,K01154,-0.624
OG6335,K00694,-2.029
OG6349,K01154,
OG6370,K03205,-0.7090000000000001
OG6380,K01153,1.25
OG6385,K07316,
OG6389,K07727,
OG6408,K01154,-2.3409999999999997
OG6411,K19426,
OG6413,K01154,-1.944
OG6414,K07498,-1.3969999999999998
OG6417,K01154,0.494
OG6442,K01154,0.494
OG6447,K01854,-0.9259999999999999
OG6452,K07483,
OG6453,K07497,
OG6456,K01154,0.121
OG6460,K07106,1.137
OG6473,K02073,-1.105
OG6474,K02073,-1.3090000000000002
OG6480,K03707,-0.6729999999999999
OG6494,K00926,1.686
OG6499,K07474,-0.45299999999999996
OG6501,K01681,-0.493
OG6502,K01154,-0.066
OG6505,K01176,0.42200000000000004
OG6506,K01176,-0.395
OG6510,K06978,-0.083
OG6512,K07316,0.23
OG6528,K07646,0.574
OG6529,K07646,0.632
OG6534,K02035,0.373
OG6539,K07025,1.2570000000000001
OG6542,K03486,0.0
OG6544,K01154,-1.43
OG6545,K03777,-0.364
OG6546,K03777,-0.23399999999999999
OG6567,K00688,-0.096
OG6571,K01154,-0.038
OG6572,K19265,0.47100000000000003
OG6573,K19265,0.494
OG6600,K12952,-1.276
OG6612,K01512,
OG6628,K02029,-0.25
OG6629,K02029,-0.245
OG6630,K02113,-0.574
OG6631,K03758,1.925
OG6632,K03758,-0.16699999999999998
OG6634,K01703,
OG6638,K02115,-0.401
OG6644,K00700,
OG6649,K07272,
OG6652,K07271,
OG6669,K07455,
OG6680,K01154,
OG6683,K07497,
OG6685,K07482,
OG6686,K07482,
OG6687,K03529,
OG6693,K07482,
OG6704,K01071,
OG6706,K12952,
OG6708,K00027,
OG6714,K01910,
OG6715,K01646,
OG6716,K01644,
OG6717,K01643,
OG6719,K05966,
OG6731,K06219,
OG6733,K04096,
OG6734,K07482,
OG6736,K07482,
OG6748,K07482,
OG6753,K03183,
OG6754,K03183,
OG6755,K07482,
OG6756,K07482,
OG6758,K07482,
OG6759,K03322,
OG6760,K07482,
OG6762,K07482,
OG6766,K07482,
OG6768,K07482,
OG6770,K07482,
OG6772,K03299,
OG6773,K07482,
OG6780,K01154,0.19899999999999998
OG6784,K11617,1.311
OG6785,K11617,-0.46799999999999997
OG6804,K03111,0.0
OG6815,K02031,
OG6820,K01652,0.0
OG6829,K01790,0.185
OG6856,K20265,1.77
OG6858,K01580,-0.501
OG6860,K02316,0.508
OG6879,K01421,2.46
OG6885,K02445,
OG6887,K07316,
OG6888,K01156,
OG6891,K05845,-1.2690000000000001
OG6891,K05846,-1.2690000000000001
OG6893,K03524,0.19399999999999998
OG6905,K16566,
OG6916,K03695,-1.206
OG6920,K07482,
OG6924,K00689,-0.46799999999999997
OG6931,K00012,
OG6936,K01154,-2.3169999999999997
OG6947,K01785,-2.114
OG6951,K01534,
OG6952,K01534,0.0
OG6954,K16169,-0.922
OG6965,K01356,-1.43
OG6966,K00691,1.021
OG1,K01681,-0.375
OG2,K20276,-1.025
OG11,K03427,-1.062
OG14,K00014,0.903
OG15,K02761,-0.013999999999999999
OG19,K10716,-0.511
OG21,K00633,-0.899
OG23,K02240,-0.251
OG25,K17319,-1.43
OG34,K07451,-1.137
OG36,K01735,0.536
OG42,K01805,-0.433
OG43,K02031,0.506
OG48,K01154,-0.625
OG56,K02788,-1.065
OG57,K18926,-0.231
OG58,K02004,-0.514
OG64,K09815,-0.059000000000000004
OG65,K07316,0.0
OG68,K02248,-2.158
OG71,K04068,-0.171
OG73,K00298,-0.7120000000000001
OG92,K03475,-0.752
OG93,K09799,0.091
OG96,K07213,0.012
OG100,K06148,0.447
OG102,K00980,0.47100000000000003
OG103,K02810,0.053
OG109,K22132,-1.139
OG116,K00626,0.28
OG118,K21449,0.43200000000000005
OG131,K08152,-0.616
OG132,K07483,0.33299999999999996
OG136,K02236,-1.4480000000000002
OG143,K02315,
OG145,K03284,-0.46799999999999997
OG149,K07441,0.02
OG157,K00854,-0.289
OG158,K07005,0.43
OG160,K01992,-0.47200000000000003
OG161,K02238,-0.763
OG167,K07483,0.413
OG169,K11752,0.152
OG172,K00765,-1.175
OG175,K00874,-0.611
OG176,K06919,-0.49
OG178,K01805,0.139
OG179,K04041,0.556
OG180,K05970,0.494
OG181,K19972,-0.313
OG182,K07052,-1.705
OG183,K02237,-5.236000000000001
OG186,K12952,0.028999999999999998
OG192,K10830,-0.33299999999999996
OG193,K02238,0.0
OG195,K07284,-0.304
OG196,K08728,0.9209999999999999
OG199,K19971,-1.004
OG200,K03524,-0.332
OG206,K03523,0.10800000000000001
OG209,K06950,-0.162
OG211,K01060,-1.253
OG218,K08602,-0.037000000000000005
OG223,K07032,-0.501
OG225,K01200,-0.146
OG227,K18940,-0.581
OG233,K19350,-0.179
OG234,K01187,-0.696
OG238,K00703,-0.386
OG242,K13530,0.16
OG243,K01421,0.096
OG246,K07095,0.10300000000000001
OG249,K00145,-1.192
OG254,K00882,-0.10099999999999999
OG255,K21613,0.006999999999999999
OG257,K01575,0.375
OG258,K06999,-0.365
OG261,K00111,-1.0090000000000001
OG262,K09155,-0.113
OG264,K07493,-0.8420000000000001
OG265,K01347,-1.5390000000000001
OG266,K05770,-0.451
OG269,K00821,-1.725
OG271,K18888,0.057999999999999996
OG273,K01126,0.11699999999999999
OG280,K17758,-0.018000000000000002
OG281,K13727,0.027000000000000003
OG282,K01048,1.173
OG283,K02501,-0.708
OG298,K02004,0.5379999999999999
OG299,K01126,0.052000000000000005
OG302,K01990,-0.076
OG303,K16924,-1.165
OG305,K00013,-0.239
OG309,K01512,0.07
OG311,K13789,-0.20600000000000002
OG319,K07118,-0.278
OG320,K10440,-0.115
OG324,K07052,-0.034
OG327,K06885,-0.289
OG328,K09962,-0.165
OG332,K03811,0.069
OG333,K03530,-0.386
OG335,K00620,-0.527
OG337,K07124,0.259
OG338,K19270,0.312
OG340,K02316,-0.095
OG342,K01992,-0.316
OG343,K02003,0.065
OG345,K03486,0.484
OG347,K01814,-0.34
OG348,K07098,0.619
OG349,K02800,-1.334
OG350,K01895,0.386
OG351,K00689,1.133
OG352,K00611,-1.2570000000000001
OG353,K02243,-0.529
OG354,K02500,-0.18
OG355,K02113,0.035
OG356,K01649,-0.836
OG357,K00052,-0.196
OG361,K00757,-0.086
OG364,K02073,-1.297
OG367,K00033,-0.179
OG371,K00563,0.12300000000000001
OG373,K09760,-0.046
OG377,K06201,0.154
OG378,K01992,0.06
OG380,K14155,-0.09699999999999999
OG381,K02503,-0.281
OG384,K00626,-0.09699999999999999
OG386,K00054,-0.20199999999999999
OG387,K00297,-0.986
OG388,K03707,-0.757
OG389,K00549,-0.778
OG390,K03823,0.502
OG391,K03709,-0.345
OG392,K03740,0.43700000000000006
OG394,K00925,0.565
OG395,K00571,0.386
OG397,K03367,0.501
OG398,K00788,-0.131
OG399,K00965,-0.731
OG400,K03575,0.069
OG401,K01972,0.013999999999999999
OG402,K00941,0.302
OG403,K09811,0.44799999999999995
OG405,K12573,0.467
OG409,K02004,-0.544
OG411,K12556,0.243
OG414,K01823,0.142
OG415,K00938,0.182
OG416,K01597,0.114
OG417,K01515,0.45399999999999996
OG418,K03470,-0.096
OG419,K00286,0.015
OG420,K12132,0.297
OG422,K07056,0.474
OG425,K03500,0.602
OG426,K01714,0.239
OG430,K00604,-0.052000000000000005
OG432,K02003,-0.225
OG433,K04066,0.049
OG434,K06878,-0.127
OG435,K21977,0.059000000000000004
OG437,K03524,0.07
OG438,K03693,-0.151
OG439,K01607,-0.5489999999999999
OG441,K03471,0.0
OG442,K22293,1.036
OG447,K00782,0.166
OG449,K03100,0.016
OG450,K03629,0.09699999999999999
OG452,K00945,-0.011000000000000001
OG454,K04486,-0.8170000000000001
OG455,K11755,-0.6509999999999999
OG456,K00016,0.325
OG462,K00868,-0.18899999999999997
OG463,K06173,0.295
OG464,K10947,-0.695
OG466,K03581,0.45299999999999996
OG467,K03589,-0.071
OG468,K02563,0.525
OG469,K01838,0.022000000000000002
OG472,K01925,0.293
OG473,K08234,0.649
OG474,K00897,-1.123
OG475,K07040,-0.222
OG476,K03387,-0.621
OG477,K16264,-0.7040000000000001
OG478,K00687,0.561
OG479,K04518,0.537
OG480,K01281,0.772
OG482,K07082,0.228
OG483,K02343,0.3
OG484,K00891,0.261
OG485,K06988,-0.902
OG486,K05592,0.782
OG487,K10563,0.069
OG488,K01772,1.146
OG490,K07462,0.306
OG491,K02860,0.134
OG494,K04517,0.07200000000000001
OG495,K00215,-0.264
OG497,K01693,-0.418
OG499,K00974,-0.203
OG501,K08317,0.467
OG511,K03565,-0.539
OG512,K06969,0.17300000000000001
OG521,K00791,-0.03
OG524,K06180,0.061
OG525,K03767,0.156
OG527,K04516,-0.732
OG530,K03734,-0.231
OG531,K00969,0.363
OG532,K02340,-0.228
OG533,K09799,0.22699999999999998
OG534,K00287,0.081
OG536,K09762,-0.10800000000000001
OG537,K00950,0.094
OG537,K01495,0.094
OG538,K00796,0.192
OG539,K00887,0.10400000000000001
OG540,K21567,-0.384
OG543,K19965,0.045
OG545,K11754,0.125
OG546,K03785,-0.12
OG547,K00003,0.491
OG548,K00872,0.768
OG550,K16788,0.39299999999999996
OG552,K07461,0.647
OG553,K05823,0.629
OG554,K11717,-0.354
OG555,K06967,-0.37799999999999995
OG556,K10773,-0.04
OG557,K02851,-0.10800000000000001
OG558,K02086,0.0
OG559,K00794,-0.182
OG560,K14652,-0.188
OG562,K03497,0.054000000000000006
OG564,K03810,-0.501
OG565,K02348,0.37200000000000005
OG568,K00059,0.023
OG569,K01928,0.047
OG571,K07570,-0.115
OG573,K08591,0.379
OG575,K03547,-0.253
OG576,K00077,0.505
OG577,K09761,0.062
OG579,K04750,-0.161
OG581,K01246,0.161
OG584,K00949,-0.36
OG585,K07284,-0.525
OG587,K20866,-0.597
OG590,K01589,1.165
OG591,K01588,1.8840000000000001
OG593,K01945,1.344
OG594,K03095,0.138
OG595,K00602,1.705
OG598,K00383,-0.451
OG599,K02823,1.892
OG601,K11175,1.255
OG602,K06997,0.035
OG603,K02221,0.461
OG604,K00764,1.5030000000000001
OG606,K23264,1.955
OG607,K01923,1.376
OG610,K04074,-0.19899999999999998
OG612,K06872,-0.10099999999999999
OG614,K00864,-0.359
OG615,K01104,0.442
OG616,K04487,0.36200000000000004
OG618,K07098,0.402
OG620,K11145,0.504
OG621,K03529,0.779
OG622,K02503,-0.184
OG625,K18890,-0.387
OG626,K07025,-0.04
OG627,K00627,-0.11
OG631,K03631,-0.032
OG632,K05896,-0.182
OG634,K22457,0.591
OG635,K03110,0.214
OG636,K02428,0.502
OG637,K01776,0.39899999999999997
OG638,K03722,0.455
OG639,K03437,0.297
OG640,K00266,-0.079
OG641,K00265,-0.062
OG642,K01079,0.401
OG643,K02484,-0.16699999999999998
OG645,K00058,-0.016
OG646,K07335,0.659
OG647,K01489,0.444
OG648,K00831,0.145
OG649,K01223,-0.551
OG650,K01465,1.382
OG651,K00756,-0.06
OG652,K06158,0.65
OG654,K01092,0.002
OG657,K03572,0.317
OG660,K03700,0.146
OG661,K00564,0.052000000000000005
OG662,K03602,0.043
OG663,K05366,0.46399999999999997
OG665,K01069,0.28
OG668,K04063,-1.107
OG670,K01488,0.649
OG671,K21471,0.7809999999999999
OG672,K01695,-0.18899999999999997
OG673,K16899,-0.607
OG674,K01992,-0.8320000000000001
OG675,K02493,0.6859999999999999
OG676,K19285,0.157
OG677,K00567,0.23600000000000002
OG678,K02519,0.47600000000000003
OG681,K01207,-0.21100000000000002
OG682,K00648,0.302
OG684,K00645,0.096
OG685,K02337,-0.114
OG687,K02160,-0.003
OG688,K16898,-0.44299999999999995
OG690,K01552,-0.743
OG691,K01609,-0.141
OG693,K01738,-0.085
OG694,K01658,-0.122
OG698,K01657,-0.358
OG699,K08987,-0.2
OG702,K01874,0.012
OG703,K07001,-0.062
OG704,K22736,-0.62
OG705,K22736,-0.863
OG711,K03790,-0.12300000000000001
OG712,K02552,-0.2
OG713,K02551,-0.102
OG714,K08680,-0.47100000000000003
OG716,K01911,0.244
OG718,K03177,0.564
OG720,K09963,0.069
OG722,K13052,-0.322
OG723,K03789,0.113
OG727,K12296,-0.862
OG730,K01467,0.17300000000000001
OG731,K04075,0.002
OG740,K12573,0.139
OG741,K17686,0.015
OG742,K02798,-1.9769999999999999
OG745,K07260,0.086
OG746,K16013,-0.17600000000000002
OG747,K07213,-0.204
OG748,K00009,-1.8319999999999999
OG749,K01779,-0.139
OG750,K03346,0.326
OG753,K01807,-0.017
OG754,K02042,1.5530000000000002
OG755,K03758,0.221
OG756,K19427,-0.7509999999999999
OG757,K03625,0.444
OG758,K03215,-0.105
OG759,K01788,-0.6970000000000001
OG760,K01262,-0.17600000000000002
OG762,K05985,0.132
OG764,K03424,0.231
OG765,K06180,0.198
OG766,K06975,-0.534
OG767,K19055,-0.006
OG768,K21478,-1.703
OG770,K00859,0.26899999999999996
OG771,K02346,0.302
OG772,K01119,1.464
OG773,K06346,0.153
OG774,K01421,0.693
OG776,K01223,-0.20600000000000002
OG778,K01990,-0.303
OG779,K01118,-0.39
OG780,K01754,0.607
OG781,K02245,-3.549
OG782,K08659,0.78
OG783,K12343,-0.527
OG784,K01491,0.546
OG785,K07507,0.217
OG786,K03930,-0.292
OG788,K00147,0.43700000000000006
OG789,K00053,0.306
OG793,K01812,-0.762
OG798,K11065,-0.16399999999999998
OG799,K07404,-0.434
OG801,K00075,0.205
OG802,K06949,-0.03
OG804,K02529,0.12
OG808,K08311,-0.22
OG809,K02549,-0.004
OG812,K22044,0.7020000000000001
OG814,K08998,0.732
OG815,K16012,-0.213
OG816,K03654,0.162
OG820,K03734,0.36
OG821,K03466,-0.149
OG822,K00800,0.7709999999999999
OG823,K03210,0.524
OG824,K03111,-1.669
OG826,K07566,0.541
OG828,K02335,-0.228
OG829,K03731,-0.435
OG831,K01733,0.251
OG832,K17828,2.055
OG835,K09772,0.174
OG836,K00784,0.532
OG837,K04487,0.33899999999999997
OG840,K11749,0.47200000000000003
OG842,K01883,0.371
OG843,K00928,0.581
OG844,K07652,-0.102
OG846,K21471,0.743
OG847,K19222,0.348
OG851,K07258,0.322
OG861,K07497,-0.88
OG864,K14982,0.013000000000000001
OG866,K23265,1.425
OG867,K18104,0.33
OG868,K10804,-0.588
OG871,K03933,-0.361
OG872,K11753,0.228
OG873,K07304,0.474
OG875,K01921,0.243
OG876,K09157,0.5820000000000001
OG877,K06442,-0.483
OG879,K00244,0.115
OG880,K03088,-0.013000000000000001
OG883,K04771,0.861
OG884,K06178,-0.12
OG888,K02016,-0.157
OG889,K01990,-0.389
OG891,K03436,-0.07400000000000001
OG892,K00040,-0.47700000000000004
OG893,K00847,0.261
OG894,K17320,-2.128
OG895,K07192,0.099
OG897,K00432,-0.7959999999999999
OG898,K03737,-0.163
OG900,K07483,-0.536
OG901,K03549,-0.156
OG903,K01834,0.092
OG905,K15738,-0.159
OG906,K01938,0.8320000000000001
OG907,K03976,-0.099
OG909,K07560,-0.743
OG910,K01641,0.071
OG911,K03216,0.907
OG912,K01890,0.10800000000000001
OG913,K01183,-1.385
OG915,K03686,-0.326
OG922,K01661,0.23199999999999998
OG923,K19577,-0.449
OG924,K01738,-0.708
OG926,K00674,0.311
OG929,K16137,-0.284
OG931,K01531,-0.261
OG935,K01652,0.782
OG943,K10441,-0.35700000000000004
OG944,K02004,1.228
OG945,K01261,0.19
OG946,K00031,-0.7829999999999999
OG948,K16787,0.5670000000000001
OG949,K01633,0.113
OG954,K16789,-0.11699999999999999
OG961,K01235,-1.34
OG962,K03321,-0.085
OG963,K03531,0.094
OG966,K19267,0.175
OG970,K00931,0.309
OG973,K01580,-1.045
OG979,K02240,
OG980,K07030,-0.562
OG991,K03111,-0.067
OG994,K00657,-0.11
OG995,K02030,-0.5429999999999999
OG997,K00817,-0.728
OG998,K12997,0.198
OG1001,K05340,-0.218
OG1002,K03975,1.2670000000000001
OG1003,K01160,-0.5660000000000001
OG1004,K01005,0.433
OG1008,K09775,-0.42200000000000004
OG1009,K02529,0.098
OG1010,K03571,0.16899999999999998
OG1011,K04083,-0.042
OG1012,K06925,-0.049
OG1016,K01992,-0.387
OG1017,K02440,0.051
OG1019,K09817,0.41200000000000003
OG1020,K02030,0.446
OG1022,K06183,-0.345
OG1023,K03703,-0.037000000000000005
OG1024,K03553,0.021
OG1027,K06181,-0.34700000000000003
OG1033,K01703,-0.19699999999999998
OG1035,K06200,-0.038
OG1037,K02242,-1.3219999999999998
OG1039,K13953,-0.597
OG1040,K07816,0.026000000000000002
OG1041,K18929,0.10800000000000001
OG1042,K05879,-0.111
OG1047,K21636,-0.098
OG1050,K07483,-0.7509999999999999
OG1054,K00973,0.23399999999999999
OG1057,K01176,-0.45
OG1059,K00759,0.856
OG1061,K18889,-0.366
OG1065,K01304,0.7290000000000001
OG1066,K01223,-1.196
OG1070,K01687,0.741
OG1071,K03293,0.987
OG1072,K10439,-0.223
OG1075,K01586,0.257
OG1078,K03973,1.516
OG1081,K00975,-0.385
OG1082,K00975,-0.593
OG1083,K01215,-0.223
OG1089,K00691,-0.31
OG1090,K00661,-0.805
OG1091,K01740,-1.4040000000000001
OG1092,K02770,0.047
OG1093,K10254,-0.741
OG1097,K07052,-0.34299999999999997
OG1098,K08177,0.938
OG1099,K03811,-0.099
OG1101,K07078,-0.46299999999999997
OG1103,K07386,0.35
OG1104,K00930,-0.6920000000000001
OG1106,K02759,-0.28600000000000003
OG1107,K01662,-1.052
OG1108,K02440,0.094
OG1110,K06960,0.45899999999999996
OG1111,K01662,-0.11599999999999999
OG1112,K01625,-0.256
OG1114,K03086,-0.182
OG1117,K01926,0.525
OG1118,K00016,-0.27699999999999997
OG1120,K03284,-0.39
OG1122,K03695,-0.223
OG1123,K00760,2.101
OG1124,K06950,0.192
OG1125,K07025,0.603
OG1127,K03075,0.363
OG1128,K01101,0.115
OG1129,K07106,-0.815
OG1130,K03596,0.263
OG1131,K01686,-0.361
OG1132,K07009,0.795
OG1133,K03183,-0.32899999999999996
OG1135,K00876,0.28600000000000003
OG1139,K02000,1.304
OG1140,K02001,1.374
OG1140,K02002,1.374
OG1142,K13256,-0.721
OG1143,K06217,0.114
OG1144,K01664,0.14800000000000002
OG1147,K02115,0.129
OG1149,K05845,-0.321
OG1149,K05846,-0.321
OG1151,K11617,0.439
OG1153,K03758,0.6859999999999999
OG1155,K02003,0.583
OG1156,K16169,1.4509999999999998
OG1157,K03816,1.493
OG1158,K05881,-0.035
OG1159,K03711,-0.228
OG1160,K19005,0.828
OG1162,K03293,0.111
OG1163,K07173,-0.068
OG1166,K01953,0.853
OG1168,K03595,0.493
OG1169,K07816,-0.018000000000000002
OG1170,K00858,0.09
OG1171,K05878,-0.023
OG1174,K03685,0.9179999999999999
OG1175,K02837,0.539
OG1177,K03544,0.08900000000000001
OG1178,K10823,-0.203
OG1179,K03978,0.26
OG1181,K06958,-0.159
OG1182,K06131,-0.09
OG1183,K00948,0.325
OG1184,K01869,0.149
OG1185,K15583,-0.11199999999999999
OG1186,K11072,0.128
OG1187,K09816,0.615
OG1188,K11071,0.094
OG1189,K16785,0.39299999999999996
OG1190,K11070,-0.139
OG1191,K11069,-0.03
OG1193,K00845,0.49200000000000005
OG1194,K04047,-0.21
OG1196,K02913,0.841
OG1197,K02911,1.636
OG1198,K15582,-0.055999999999999994
OG1199,K00611,0.934
OG1201,K07478,0.185
OG1202,K02621,0.745
OG1203,K02342,0.221
OG1205,K02622,0.519
OG1206,K03798,0.225
OG1207,K06191,-0.321
OG1208,K02687,-0.001
OG1209,K03647,0.141
OG1210,K00525,-0.318
OG1211,K01139,0.6679999999999999
OG1212,K00526,-0.259
OG1213,K15580,-0.294
OG1214,K00760,0.134
OG1215,K03723,-0.33899999999999997
OG1216,K03294,0.624
OG1217,K00655,0.9990000000000001
OG1218,K01056,-0.17300000000000001
OG1219,K06942,0.674
OG1221,K02338,0.02
OG1222,K02313,0.222
OG1223,K09747,-0.225
OG1226,K01929,0.579
OG1227,K03621,0.012
OG1228,K08153,0.435
OG1229,K03218,0.14800000000000002
OG1230,K05847,-0.321
OG1231,K03590,0.139
OG1232,K01867,0.042
OG1233,K01775,0.57
OG1234,K00997,0.632
OG1235,K01439,0.915
OG1236,K06153,0.195
OG1237,K02990,0.765
OG1238,K01870,-0.191
OG1240,K03111,0.486
OG1241,K02358,0.446
OG1243,K02963,0.574
OG1245,K00948,0.175
OG1247,K00962,0.5720000000000001
OG1249,K00640,0.41
OG1250,K03800,-0.187
OG1251,K00851,-0.18
OG1252,K00161,0.006
OG1253,K00162,-0.249
OG1254,K02440,1.013
OG1255,K03495,0.619
OG1256,K00382,-0.27
OG1257,K03584,0.149
OG1258,K00841,0.071
OG1259,K06187,0.667
OG1260,K01756,0.9590000000000001
OG1261,K03671,0.011000000000000001
OG1262,K07456,-0.23
OG1263,K09698,-0.125
OG1264,K02529,0.311
OG1265,K01271,0.9329999999999999
OG1266,K07444,0.257
OG1268,K07146,0.384
OG1270,K01575,-0.467
OG1271,K03168,0.619
OG1272,K04094,0.385
OG1274,K03386,-0.287
OG1275,K02959,0.322
OG1276,K02564,-0.22
OG1277,K01893,0.447
OG1279,K07568,0.878
OG1281,K09787,-0.011000000000000001
OG1284,K03979,0.55
OG1285,K04751,4.245
OG1286,K03320,4.796
OG1287,K02887,0.396
OG1288,K02916,0.5529999999999999
OG1289,K02520,0.35600000000000004
OG1290,K01834,0.248
OG1291,K03710,-0.079
OG1292,K01619,-0.16399999999999998
OG1295,K00867,-0.042
OG1296,K03601,0.289
OG1297,K03768,-0.034
OG1300,K02909,1.86
OG1302,K03523,0.887
OG1304,K05837,0.318
OG1305,K02073,-1.5190000000000001
OG1306,K02073,-1.5019999999999998
OG1307,K02073,-1.524
OG1308,K11733,0.36700000000000005
OG1309,K01696,-0.262
OG1310,K02071,-1.2590000000000001
OG1311,K02072,-1.138
OG1312,K08968,0.408
OG1313,K01915,3.801
OG1314,K07729,-0.263
OG1315,K09765,-0.23
OG1316,K02015,0.204
OG1317,K02015,-0.223
OG1318,K03713,3.815
OG1320,K01537,-0.142
OG1321,K03551,0.32799999999999996
OG1322,K00625,0.002
OG1324,K03550,0.524
OG1325,K00766,-0.135
OG1327,K03555,-0.187
OG1330,K07090,-0.183
OG1331,K00036,0.373
OG1333,K02794,-0.034
OG1334,K07015,0.18100000000000002
OG1335,K17810,0.039
OG1336,K01953,0.113
OG1337,K01955,1.041
OG1338,K03570,-0.12300000000000001
OG1339,K14983,-0.284
OG1340,K03574,0.797
OG1341,K02795,0.569
OG1344,K02796,0.009000000000000001
OG1346,K00016,0.39299999999999996
OG1347,K02968,0.72
OG1348,K01839,-0.16899999999999998
OG1349,K01803,0.168
OG1350,K03784,-0.031
OG1354,K07273,0.13699999999999998
OG1355,K01493,0.606
OG1356,K02030,0.94
OG1357,K01624,0.111
OG1358,K02028,0.24
OG1360,K00384,-0.128
OG1362,K00364,1.355
OG1363,K03650,0.597
OG1364,K01875,-0.303
OG1365,K03655,-0.496
OG1366,K07166,0.536
OG1367,K06193,0.055
OG1368,K01821,0.426
OG1370,K00574,-0.177
OG1371,K00789,-0.281
OG1372,K03705,-0.27
OG1373,K03687,-0.37200000000000005
OG1374,K04043,-0.34700000000000003
OG1376,K01598,0.289
OG1377,K18682,0.057999999999999996
OG1378,K01958,0.21899999999999997
OG1379,K03588,0.083
OG1380,K00942,0.40399999999999997
OG1381,K02913,-3.2239999999999998
OG1383,K03060,0.34
OG1384,K07139,0.21899999999999997
OG1385,K06890,-0.267
OG1386,K02355,0.75
OG1387,K18928,0.25
OG1388,K09685,0.248
OG1390,K00656,-0.122
OG1393,K12555,0.348
OG1395,K02871,0.8759999999999999
OG1396,K03073,0.129
OG1397,K02601,0.177
OG1398,K02996,0.897
OG1399,K03217,0.8490000000000001
OG1400,K03282,-0.331
OG1401,K02946,0.878
OG1403,K01889,0.11900000000000001
OG1404,K01951,0.37799999999999995
OG1405,K02886,0.516
OG1406,K02965,0.5379999999999999
OG1407,K02890,0.196
OG1408,K01258,0.005
OG1409,K15986,0.044000000000000004
OG1410,K04069,-0.639
OG1411,K03699,0.406
OG1412,K00208,0.092
OG1413,K02372,0.261
OG1414,K03701,-0.425
OG1415,K02528,0.28
OG1416,K02994,0.6559999999999999
OG1417,K02933,0.83
OG1418,K02881,0.8220000000000001
OG1420,K03076,0.20600000000000002
OG1421,K00939,0.14
OG1423,K02986,0.701
OG1424,K02948,0.64
OG1425,K03040,0.5479999999999999
OG1426,K02879,0.331
OG1427,K06959,0.024
OG1428,K12574,0.19
OG1429,K03789,-0.315
OG1430,K02356,0.315
OG1431,K01409,-0.049
OG1433,K07137,0.086
OG1434,K21064,1.024
OG1437,K01652,-0.18899999999999997
OG1439,K02041,1.508
OG1440,K06901,1.929
OG1441,K01256,-0.075
OG1444,K18891,0.293
OG1445,K18892,0.22399999999999998
OG1446,K00790,0.535
OG1447,K03702,-0.313
OG1451,K03977,0.077
OG1452,K19002,0.07200000000000001
OG1454,K11144,-0.077
OG1455,K13677,-0.188
OG1456,K07738,0.22
OG1457,K03439,0.255
OG1460,K02314,0.025
OG1461,K02939,-0.223
OG1462,K22927,0.011000000000000001
OG1463,K03305,0.317
OG1464,K00857,0.46399999999999997
OG1465,K00425,-0.047
OG1466,K03885,0.371
OG1467,K01752,0.425
OG1468,K01752,0.23
OG1470,K00426,-0.10800000000000001
OG1471,K20074,0.5489999999999999
OG1472,K01077,0.5529999999999999
OG1473,K07069,-1.024
OG1475,K00566,0.611
OG1476,K02945,0.35600000000000004
OG1478,K02835,0.19899999999999998
OG1479,K00600,0.732
OG1482,K01265,0.361
OG1483,K07058,0.055
OG1484,K06023,0.265
OG1485,K13292,0.379
OG1486,K00033,-0.25
OG1487,K03549,0.37
OG1488,K06286,-0.128
OG1489,K02357,0.5660000000000001
OG1490,K02967,0.748
OG1491,K11991,-0.61
OG1492,K04072,0.408
OG1493,K01462,0.131
OG1494,K02956,1.034
OG1498,K00134,-0.7390000000000001
OG1499,K03048,0.051
OG1500,K04042,0.48100000000000004
OG1502,K03624,0.048
OG1503,K03697,-0.68
OG1504,K00995,0.021
OG1505,K01784,-0.282
OG1506,K01243,0.33299999999999996
OG1507,K01689,0.249
OG1509,K03696,0.132
OG1510,K03708,-0.196
OG1511,K06881,0.15
OG1512,K00783,0.223
OG1513,K01424,0.257
OG1514,K01142,0.34
OG1515,K00806,0.573
OG1516,K00981,0.516
OG1517,K00537,-0.342
OG1518,K01881,0.336
OG1519,K00849,-0.662
OG1520,K07533,0.449
OG1521,K03763,0.184
OG1523,K08303,0.055999999999999994
OG1524,K01760,-0.17300000000000001
OG1525,K01962,-0.008
OG1526,K16509,1.081
OG1528,K01358,-0.318
OG1529,K01963,0.028999999999999998
OG1530,K01961,-0.083
OG1531,K02372,0.009000000000000001
OG1532,K09458,0.127
OG1533,K06180,-0.174
OG1534,K00059,-0.019
OG1535,K11068,0.247
OG1537,K02078,-0.152
OG1539,K01809,0.005
OG1540,K03530,0.257
OG1541,K02834,0.345
OG1543,K07742,0.195
OG1544,K03101,-0.315
OG1545,K02600,0.415
OG1546,K09748,0.603
OG1547,K06518,0.247
OG1548,K01990,0.242
OG1550,K02863,0.682
OG1551,K02867,0.909
OG1552,K01872,0.215
OG1555,K01372,-0.152
OG1556,K02483,-0.21899999999999997
OG1557,K00820,0.11900000000000001
OG1558,K16509,0.413
OG1559,K00243,0.011000000000000001
OG1560,K03664,0.009000000000000001
OG1561,K00790,0.147
OG1562,K00762,1.368
OG1563,K03545,0.419
OG1564,K02838,0.47200000000000003
OG1565,K09903,0.155
OG1567,K00925,0.46799999999999997
OG1568,K06207,0.249
OG1569,K01939,1.012
OG1570,K02040,-0.358
OG1571,K02445,-0.47100000000000003
OG1572,K00826,0.424
OG1573,K02040,-0.016
OG1574,K02037,0.019
OG1575,K09976,0.727
OG1576,K02038,0.094
OG1577,K03402,0.036000000000000004
OG1578,K06024,0.26
OG1579,K23675,0.305
OG1580,K10112,-0.084
OG1581,K04567,0.336
OG1582,K07029,-0.10099999999999999
OG1583,K01892,-0.131
OG1584,K02761,-0.32799999999999996
OG1585,K01876,-0.215
OG1590,K05540,1.072
OG1591,K09812,0.8029999999999999
OG1592,K02935,0.396
OG1593,K02836,0.109
OG1594,K02760,-0.01
OG1595,K23393,1.006
OG1597,K03438,0.332
OG1598,K00560,0.34600000000000003
OG1599,K18692,0.48700000000000004
OG1600,K01000,0.16899999999999998
OG1602,K04564,-0.565
OG1603,K03739,0.41700000000000004
OG1605,K00869,1.107
OG1607,K14540,-0.105
OG1609,K12574,-0.14800000000000002
OG1610,K23269,1.421
OG1611,K02341,0.19
OG1612,K00943,0.319
OG1613,K07668,0.12
OG1614,K07586,0.095
OG1615,K01933,1.472
OG1616,K00133,0.67
OG1617,K01591,1.9180000000000001
OG1619,K00615,-0.204
OG1620,K14188,0.54
OG1621,K03501,0.215
OG1622,K02036,-0.289
OG1623,K00805,0.16899999999999998
OG1624,K04077,-0.369
OG1625,K00805,0.159
OG1626,K01868,0.659
OG1627,K00963,0.23
OG1628,K00057,0.253
OG1629,K04078,-0.311
OG1631,K01866,0.43700000000000006
OG1634,K02110,0.7240000000000001
OG1635,K01443,-0.386
OG1636,K02469,0.177
OG1637,K00850,-0.042
OG1638,K00873,-0.171
OG1639,K00016,0.21600000000000003
OG1640,K23536,0.331
OG1641,K23535,0.375
OG1642,K03657,0.337
OG1643,K03316,0.083
OG1644,K23537,0.512
OG1648,K01118,0.89
OG1651,K01924,0.177
OG1652,K03402,-0.29100000000000004
OG1653,K01887,0.284
OG1654,K03151,0.54
OG1656,K03043,0.414
OG1657,K02470,-0.006999999999999999
OG1658,K03046,0.262
OG1659,K02029,-0.105
OG1662,K02028,-0.183
OG1664,K16511,-0.434
OG1665,K09013,-0.221
OG1666,K09015,-0.302
OG1668,K04488,-0.33899999999999997
OG1669,K09014,-0.321
OG1670,K01937,0.207
OG1671,K02435,0.268
OG1672,K00761,0.47100000000000003
OG1673,K02888,0.096
OG1676,K02108,0.467
OG1677,K07042,-0.042
OG1678,K02433,0.467
OG1679,K01426,-0.204
OG1680,K02109,-0.061
OG1681,K07177,-0.446
OG1682,K00954,-0.45899999999999996
OG1683,K02111,0.266
OG1684,K01520,0.247
OG1685,K03431,-0.10099999999999999
OG1686,K18672,-0.038
OG1687,K01878,0.171
OG1688,K01879,0.065
OG1691,K01956,1.3869999999999998
OG1693,K00763,-0.07
OG1694,K01810,0.096
OG1695,K01916,-0.11900000000000001
OG1696,K02003,-0.265
OG1697,K00609,1.449
OG1698,K06940,0.535
OG1699,K02824,1.541
OG1700,K02825,1.3940000000000001
OG1701,K21903,-1.015
OG1702,K02902,0.35700000000000004
OG1703,K02884,0.64
OG1704,K03106,0.38299999999999995
OG1706,K00554,0.084
OG1709,K01873,0.07200000000000001
OG1710,K02036,-0.048
OG1711,K02112,0.192
OG1712,K08659,-0.228
OG1713,K02114,0.045
OG1714,K03698,0.10099999999999999
OG1715,K07304,-0.7340000000000001
OG1717,K02039,-0.098
OG1719,K01783,-0.209
OG1720,K01736,0.161
OG1722,K00226,0.838
OG1723,K10038,2.273
OG1724,K10036,2.708
OG1724,K10037,2.708
OG1725,K03648,0.361
OG1729,K01808,-2.072
OG1730,K01783,-0.578
OG1731,K02529,-0.7240000000000001
OG1732,K00001,-0.04
OG1737,K09710,0.306
OG1741,K07574,-0.14800000000000002
OG1743,K03665,0.13
OG1744,K00088,0.884
OG1745,K01990,0.34700000000000003
OG1749,K01790,0.08
OG1754,K07030,0.32299999999999995
OG1755,K07305,0.43799999999999994
OG1756,K04758,-0.026000000000000002
OG1757,K04759,-0.083
OG1759,K02548,0.165
OG1760,K00805,-0.33899999999999997
OG1761,K06941,-0.20199999999999999
OG1762,K15770,0.446
OG1764,K15771,-0.092
OG1765,K15772,0.551
OG1766,K02004,-0.7090000000000001
OG1770,K01081,-0.787
OG1772,K02777,-0.172
OG1773,K08152,0.008
OG1775,K09963,-0.361
OG1777,K19225,-0.192
OG1778,K01934,-0.153
OG1779,K03704,0.35600000000000004
OG1781,K02434,0.461
OG1789,K03706,-0.033
OG1795,K15051,-0.11
OG1798,K06929,-0.5429999999999999
OG1800,K07104,-1.264
OG1801,K21739,0.21600000000000003
OG1803,K00773,1.431
OG1811,K07386,-0.113
OG1817,K03546,-0.733
OG1819,K03574,0.39299999999999996
OG1820,K01154,0.163
OG1821,K16210,-0.635
OG1827,K02822,-1.473
OG1831,K03492,-1.252
OG1832,K01223,-0.19
OG1835,K10119,-0.985
OG1836,K10118,-1.8090000000000002
OG1838,K02027,-0.835
OG1839,K10241,-3.017
OG1842,K15531,-1.401
OG1843,K22278,-1.4569999999999999
OG1845,K01235,0.0
OG1848,K22103,0.125
OG1851,K10117,-1.81
OG1856,K02440,-0.932
OG1867,K02864,0.7090000000000001
OG1874,K21900,0.027999999999999997
OG1877,K20265,-1.2309999999999999
OG1880,K03322,-0.05
OG1881,K03630,-0.009000000000000001
OG1891,K00675,-0.5
OG1894,K01537,-1.215
OG1895,K01537,-0.589
OG1901,K03342,0.051
OG1904,K03777,-0.28
OG1906,K09692,0.494
OG1913,K03741,-0.746
OG1917,K20486,-0.21
OG1924,K18136,-0.892
OG1925,K01897,-0.997
OG1931,K07031,-1.186
OG1933,K03271,-1.893
OG1934,K03273,-0.054000000000000006
OG1936,K04485,0.15
OG1938,K01507,-0.835
OG1939,K00986,-0.581
OG1940,K21745,-0.785
OG1955,K02483,-0.5770000000000001
OG1973,K07052,-0.7
OG1976,K02970,0.04
OG1982,K07272,-0.349
OG1985,K01854,-0.43799999999999994
OG1988,K08151,0.665
OG1998,K19577,-0.397
OG2009,K06147,-1.24
OG2010,K19591,-1.416
OG2012,K05363,-1.2
OG2013,K02952,0.332
OG2017,K02518,0.5539999999999999
OG2018,K02907,0.8859999999999999
OG2020,K02954,0.42700000000000005
OG2021,K02931,0.166
OG2022,K02895,0.262
OG2023,K01153,0.212
OG2024,K03427,0.187
OG2029,K14588,-0.32299999999999995
OG2033,K01210,-1.253
OG2034,K02874,0.256
OG2037,K02961,0.846
OG2038,K02904,0.56
OG2039,K02878,0.6940000000000001
OG2040,K18908,-0.157
OG2047,K17320,-3.622
OG2048,K02892,0.366
OG2052,K07010,-0.109
OG2054,K00700,-0.46399999999999997
OG2060,K14189,0.163
OG2061,K01181,0.49200000000000005
OG2062,K07533,-0.523
OG2063,K02926,0.8959999999999999
OG2064,K07447,0.006999999999999999
OG2066,K02906,0.5670000000000001
OG2068,K02914,0.94
OG2069,K03217,0.5379999999999999
OG2070,K03536,0.319
OG2073,K08161,0.295
OG2075,K01940,-0.93
OG2078,K02004,-0.214
OG2082,K00662,1.307
OG2083,K02913,-0.8240000000000001
OG2090,K01220,-0.295
OG2092,K02788,-0.147
OG2095,K02992,0.315
OG2096,K02950,0.499
OG2097,K00917,-0.35
OG2098,K01819,-0.35700000000000004
OG2103,K02530,-0.34700000000000003
OG2105,K01438,-0.589
OG2110,K01537,0.087
OG2111,K11936,-1.4269999999999998
OG2113,K00134,-0.079
OG2122,K10947,-0.9840000000000001
OG2124,K15772,-0.9209999999999999
OG2125,K15771,-0.935
OG2126,K15770,-0.924
OG2131,K07474,0.33899999999999997
OG2158,K20276,-0.903
OG2161,K01791,-0.584
OG2163,K24041,0.032
OG2164,K01626,-0.955
OG2168,K01198,-0.932
OG2170,K09809,-0.88
OG2171,K03366,-0.83
OG2192,K01223,0.23
OG2209,K00020,-0.031
OG2216,K01785,-2.0269999999999997
OG2232,K03366,-1.837
OG2233,K00059,-2.437
OG2244,K03499,-0.005
OG2245,K03498,-0.07200000000000001
OG2248,K01784,-0.361
OG2253,K03292,0.466
OG2254,K00651,0.596
OG2255,K03830,-0.13
OG2259,K02031,0.327
OG2260,K02032,-2.6719999999999997
OG2262,K02034,-2.688
OG2265,K03502,0.685
OG2281,K07467,0.0
OG2284,K08996,-0.049
OG2290,K02242,-0.239
OG2307,K21900,-0.004
OG2319,K02003,-0.20600000000000002
OG2320,K21562,0.5710000000000001
OG2321,K01534,0.294
OG2323,K01190,-1.04
OG2332,K01990,-0.121
OG2333,K01992,-0.2
OG2336,K00712,-0.057
OG2340,K01215,-1.35
OG2341,K12373,-1.7380000000000002
OG2342,K17318,-0.044000000000000004
OG2343,K17320,0.35
OG2344,K17319,0.165
OG2345,K01191,-0.086
OG2346,K09704,0.013000000000000001
OG2349,K01621,-0.107
OG2352,K01198,-0.179
OG2354,K13252,-0.579
OG2358,K02246,-1.43
OG2365,K02226,0.34299999999999997
OG2368,K24041,-0.156
OG2369,K01104,0.42100000000000004
OG2372,K09692,-0.265
OG2373,K09693,-0.963
OG2377,K02954,0.44
OG2378,K03588,-0.066
OG2406,K03546,-0.371
OG2412,K02003,-2.278
OG2414,K03483,-1.3880000000000001
OG2417,K03830,1.169
OG2425,K00059,0.292
OG2433,K06131,0.49700000000000005
OG2435,K01653,2.026
OG2436,K07646,0.387
OG2437,K07667,0.409
OG2439,K01546,-0.483
OG2440,K01547,0.935
OG2441,K01548,1.39
OG2443,K02502,0.28
OG2444,K06219,0.22699999999999998
OG2446,K06978,-0.253
OG2449,K02440,0.071
OG2450,K00111,-0.077
OG2452,K03316,0.39399999999999996
OG2454,K01176,0.023
OG2455,K10530,-1.07
OG2461,K20073,0.126
OG2469,K00926,-0.768
OG2470,K10536,-0.129
OG2475,K03827,0.937
OG2480,K04063,-0.107
OG2487,K02013,-0.122
OG2493,K03282,-0.8240000000000001
OG2496,K03797,-0.922
OG2503,K00059,0.019
OG2505,K01704,0.057999999999999996
OG2506,K02004,0.251
OG2509,K07052,-0.795
OG2518,K07052,-1.1079999999999999
OG2520,K20345,-0.995
OG2521,K20344,-0.655
OG2537,K01160,-0.598
OG2559,K01005,-0.701
OG2563,K02502,-1.9880000000000002
OG2572,K20265,-1.334
OG2574,K06889,-2.374
OG2583,K00712,-0.317
OG2612,K06200,-1.3459999999999999
OG2613,K06200,-0.919
OG2640,K01223,0.0
OG2649,K16210,-0.511
OG2650,K16210,-0.428
OG2656,K01992,-0.475
OG2661,K02240,
OG2664,K00925,-0.096
OG2665,K06400,0.019
OG2671,K20073,-0.76
OG2674,K11144,-0.161
OG2677,K02031,0.071
OG2684,K07052,
OG2687,K03328,
OG2694,K03111,
OG2697,K07726,0.285
OG2700,K02032,-0.085
OG2701,K00852,-0.237
OG2702,K06919,-2.436
OG2710,K00435,-0.08
OG2712,K01772,-0.145
OG2713,K03646,0.0
OG2717,K06726,0.01
OG2730,K00077,-0.983
OG2731,K07035,-0.664
OG2734,K01647,-0.53
OG2735,K06889,0.462
OG2743,K01755,-1.244
OG2746,K14260,0.638
OG2750,K01710,0.162
OG2751,K00067,0.23
OG2752,K12996,0.12
OG2753,K06948,-0.023
OG2757,K00927,-0.013999999999999999
OG2758,K03070,0.795
OG2761,K07584,0.789
OG2762,K02899,1.5290000000000001
OG2763,K01223,-0.408
OG2769,K02876,0.38
OG2770,K02988,0.502
OG2771,K02982,0.375
OG2773,K02786,-0.311
OG2774,K01635,-0.271
OG2775,K01819,-0.442
OG2777,K01361,0.013000000000000001
OG2780,K07005,-0.087
OG2782,K02034,0.009000000000000001
OG2791,K16566,0.134
OG2795,K01208,-0.20600000000000002
OG2799,K16509,0.11599999999999999
OG2800,K11741,-1.53
OG2807,K07727,0.03
OG2815,K05970,-1.745
OG2816,K10241,-1.172
OG2825,K03553,-0.56
OG2833,K02003,-1.369
OG2838,K08483,0.307
OG2839,K02784,0.203
OG2862,K01626,0.43799999999999994
OG2868,K21562,-1.369
OG2870,K03284,-0.293
OG2874,K07467,-0.483
OG2883,K07467,-3.885
OG2894,K01534,-1.5930000000000002
OG2895,K02068,0.165
OG2896,K02069,0.114
OG2904,K01759,-1.379
OG2905,K00661,-1.435
OG2907,K22305,-1.413
OG2912,K07258,0.078
OG2914,K07005,1.393
OG2915,K07052,-1.268
OG2921,K00793,-0.21899999999999997
OG2932,K03496,-0.19399999999999998
OG2935,K01759,-0.355
OG2937,K04763,-1.475
OG2942,K18673,-1.8459999999999999
OG2946,K06221,-1.305
OG2953,K07474,-2.9339999999999997
OG2956,K06139,-2.9339999999999997
OG2973,K09815,0.5660000000000001
OG2976,K16786,0.64
OG2978,K02755,0.013999999999999999
OG2979,K01534,-2.3280000000000003
OG2989,K07497,1.355
OG2990,K07483,0.33899999999999997
OG2992,K21562,-0.048
OG3003,K01533,-0.49
OG3004,K06198,-0.1
OG3012,K00018,-2.315
OG3013,K22552,-0.6459999999999999
OG3014,K21471,-0.402
OG3016,K13292,0.085
OG3030,K11752,0.879
OG3031,K11752,-0.7909999999999999
OG3042,K01156,0.409
OG3045,K15581,0.16699999999999998
OG3046,K15580,-0.055
OG3052,K03502,-2.925
OG3053,K19338,-0.502
OG3058,K16509,0.0
OG3059,K22212,0.841
OG3063,K22132,-2.6
OG3064,K07192,0.626
OG3071,K16209,-0.88
OG3093,K01154,-8.141
OG3095,K00004,-1.382
OG3096,K03366,-1.045
OG3097,K03366,-1.036
OG3099,K00752,-0.653
OG3100,K00012,-0.474
OG3111,K01154,-0.618
OG3123,K01560,-0.21600000000000003
OG3132,K04763,-0.8809999999999999
OG3140,K07313,-0.721
OG3145,K05795,0.309
OG3146,K05795,
OG3147,K05795,-0.46799999999999997
OG3153,K14155,-1.465
OG3162,K07052,-2.687
OG3167,K03549,-0.401
OG3170,K07741,0.191
OG3176,K01246,0.0
OG3178,K03827,0.494
OG3182,K01805,-2.7489999999999997
OG3194,K03549,-0.502
OG3199,K18640,-1.605
OG3212,K20485,-1.281
OG3214,K01689,-0.92
OG3217,K02026,-1.714
OG3218,K10189,-1.083
OG3220,K04844,-1.42
OG3223,K02529,-0.467
OG3227,K01791,-0.547
OG3234,K02033,-4.337
OG3235,K02034,-0.652
OG3236,K15583,-0.733
OG3237,K05349,-1.601
OG3238,K01223,-1.4409999999999998
OG3239,K18673,-1.109
OG3251,K18941,1.255
OG3261,K02246,-3.012
OG3269,K01209,-1.166
OG3271,K01854,-1.107
OG3272,K01854,-0.8009999999999999
OG3280,K09692,-0.591
OG3281,K09693,-0.885
OG3283,K07104,-1.805
OG3290,K21449,-1.459
OG3304,K16326,-1.766
OG3305,K07149,-1.818
OG3306,K00298,-1.298
OG3307,K19504,-1.879
OG3308,K00845,-2.676
OG3311,K02761,-0.574
OG3313,K03892,-1.4180000000000001
OG3315,K01551,-0.84
OG3317,K03325,-1.107
OG3327,K01662,-0.565
OG3334,K00661,-1.584
OG3335,K19425,-2.036
OG3354,K03205,
OG3373,K07497,-1.288
OG3376,K09927,-0.902
OG3381,K04041,-0.158
OG3382,K04041,-0.335
OG3390,K03321,3.091
OG3391,K03321,0.809
OG3393,K01739,0.052000000000000005
OG3396,K20345,-2.096
OG3397,K20344,-0.853
OG3405,K06950,-0.716
OG3406,K06950,1.298
OG3410,K01438,-1.361
OG3424,K19971,-1.43
OG3426,K01438,-0.222
OG3427,K01118,0.7120000000000001
OG3433,K04095,-0.1
OG3450,K13727,
OG3451,K13727,
OG3466,K12999,0.493
OG3469,K00675,
OG3470,K00675,-1.0659999999999998
OG3475,K01478,0.18100000000000002
OG3479,K12999,-0.262
OG3496,K02044,1.74
OG3511,K07317,-0.9390000000000001
OG3514,K01754,-1.43
OG3515,K01754,
OG3518,K01647,-2.6
OG3519,K18889,-1.354
OG3534,K06346,-0.574
OG3545,K07316,-1.198
OG3547,K07497,-0.485
OG3555,K01735,1.063
OG3557,K05350,0.521
OG3567,K00145,
OG3568,K00145,-1.43
OG3572,K13953,-1.426
OG3576,K03070,-0.894
OG3577,K03070,1.268
OG3578,K01154,-2.45
OG3590,K01347,-0.46799999999999997
OG3595,K16924,-0.436
OG3596,K16924,-0.765
OG3599,K06919,0.015
OG3606,K02761,-0.7240000000000001
OG3607,K06198,-0.09300000000000001
OG3612,K03701,0.293
OG3613,K07483,-1.43
OG3617,K19350,-0.638
OG3628,K00705,-0.562
OG3631,K00754,0.499
OG3640,K06904,
OG3654,K01154,-0.5770000000000001
OG3666,K00926,-1.885
OG3667,K00926,0.48700000000000004
OG3672,K00852,-0.46799999999999997
OG3673,K00852,-0.21
OG3680,K01812,-1.4709999999999999
OG3686,K01580,-0.545
OG3693,K07386,0.359
OG3698,K01198,-0.46399999999999997
OG3705,K02757,-0.426
OG3712,K01153,-0.769
OG3718,K02759,-0.624
OG3720,K03070,-1.214
OG3724,K02004,-1.43
OG3725,K07078,0.01
OG3728,K00756,-1.068
OG3730,K06221,-0.626
OG3731,K00688,-0.245
OG3734,K01421,-0.903
OG3745,K07741,
OG3750,K02501,0.0
OG3758,K03475,0.0
OG3762,K17758,0.0
OG3763,K17758,-0.39399999999999996
OG3764,K02030,-1.979
OG3768,K01048,-0.821
OG3770,K00014,0.0
OG3771,K00014,0.0
OG3772,K19267,0.0
OG3775,K01735,-0.998
OG3779,K01223,-2.517
OG3792,K07482,-0.327
OG3800,K07979,
OG3801,K00980,0.0
OG3804,K01990,0.9740000000000001
OG3813,K02004,0.308
OG3814,K02004,1.035
OG3815,K02004,0.452
OG3816,K00633,-0.551
OG3851,K06148,0.46
OG3873,K01154,0.24100000000000002
OG3874,K03427,0.282
OG3875,K01153,0.262
OG3880,K01005,-0.385
OG3881,K01005,-0.295
OG3894,K21449,0.382
OG3901,K07284,
OG3902,K07284,0.494
OG3906,K03697,-0.774
OG3928,K01790,-1.43
OG3930,K03169,0.0
OG3961,K03697,-0.46799999999999997
OG3976,K01790,-0.46799999999999997
OG3979,K03328,-1.43
OG3981,K20444,0.494
OG3992,K03111,2.99
OG4003,K01992,-1.294
OG4017,K01689,-0.532
OG4027,K15580,-0.46799999999999997
OG4031,K01154,-1.287
OG4033,K06200,-0.848
OG4034,K06200,-1.43
OG4035,K01534,-6.433
OG4039,K18929,-1.5290000000000001
OG4042,K01181,0.494
OG4045,K01625,0.467
OG4046,K03273,
OG4064,K01662,-0.6509999999999999
OG4065,K01662,0.451
OG4066,K00821,0.0
OG4067,K10118,
OG4068,K10118,0.0
OG4074,K00700,-0.48700000000000004
OG4075,K00700,-1.5759999999999998
OG4076,K12952,0.0
OG4077,K07052,0.0
OG4085,K01235,
OG4094,K07483,-0.08800000000000001
OG4100,K00878,0.191
OG4107,K03427,0.0
OG4111,K01153,0.494
OG4118,K12990,-0.46799999999999997
OG4123,K08659,-0.975
OG4124,K08659,1.9340000000000002
OG4130,K03169,-2.929
OG4144,K04043,
OG4155,K03293,0.0
OG4156,K01126,-0.184
OG4158,K02800,
OG4172,K00147,-0.32899999999999996
OG4190,K02244,
OG4191,K01537,-2.324
OG4193,K03731,0.494
OG4202,K07095,0.21600000000000003
OG4205,K03322,-1.179
OG4216,K01808,0.0
OG4233,K07483,-0.794
OG4234,K04068,0.0
OG4256,K07316,0.0
OG4264,K07271,0.541
OG4265,K03328,0.512
OG4267,K01154,-0.5670000000000001
OG4269,K00926,2.3930000000000002
OG4276,K01687,0.0
OG4287,K01533,-0.142
OG4288,K02035,0.418
OG4289,K02757,-0.191
OG4295,K00705,1.237
OG4297,K07497,-0.46799999999999997
OG4299,K00865,-1.641
OG4300,K11041,0.34700000000000003
OG4301,K21993,1.27
OG4302,K12999,-0.109
OG4309,K03311,1.008
OG4310,K01533,-0.244
OG4313,K07497,-0.6920000000000001
OG4315,K02761,-1.329
OG4317,K03704,0.355
OG4334,K02244,-1.969
OG4339,K01647,-1.2229999999999999
OG4343,K01791,-0.602
OG4344,K01990,-0.45
OG4349,K02044,1.577
OG4350,K01681,-1.281
OG4352,K01785,-0.785
OG4353,K01071,0.139
OG4354,K04096,-1.185
OG4355,K03885,-0.517
OG4356,K07483,-0.823
OG4358,K19265,-0.2
OG4364,K02757,-1.6980000000000002
OG4365,K06147,0.653
OG4371,K01520,0.579
OG4373,K03322,0.174
OG4376,K01739,-0.7859999999999999
OG4377,K03704,0.02
OG4379,K01689,-0.035
OG4381,K07010,0.779
OG4382,K03483,-2.655
OG4383,K02029,0.52
OG4387,K00688,-0.114
OG4390,K19081,-0.146
OG4392,K01223,-0.14300000000000002
OG4394,K00926,0.611
OG4395,K09936,0.6829999999999999
OG4396,K00004,-0.888
OG4397,K16785,-0.9940000000000001
OG4399,K03488,-0.040999999999999995
OG4400,K16209,-0.496
OG4401,K17319,-0.47600000000000003
OG4402,K22212,0.128
OG4403,K02757,-0.251
OG4404,K00926,0.568
OG4405,K01223,-0.155
OG4406,K15580,-0.36700000000000005
OG4407,K02042,1.489
OG4408,K03299,0.03
OG4411,K21739,-0.772
OG4413,K12952,0.578
OG4415,K00651,0.192
OG4416,K02033,0.040999999999999995
OG4422,K07010,0.617
OG4425,K06904,
OG4427,K01817,-0.919
OG4432,K03704,-0.853
OG4434,K00004,-0.831
OG4436,K12999,-0.73
OG4438,K00563,-0.742
OG4442,K01992,0.45399999999999996
OG4445,K01478,0.528
OG4446,K21993,-0.9740000000000001
OG4448,K00651,-0.11800000000000001
OG4451,K22212,-2.883
OG4452,K06904,0.299
OG4453,K16785,-0.698
OG4454,K01817,-0.52
OG4456,K07497,-0.575
OG4458,K03483,-0.46799999999999997
OG4461,K01223,-0.47600000000000003
OG4464,K00158,-1.107
OG4469,K02033,-1.515
OG4470,K01356,-1.3880000000000001
OG4471,K01791,-0.483
OG4472,K00563,-0.17
OG4474,K06889,-1.255
OG4477,K01478,1.2
OG4481,K21739,-1.304
OG4485,K07497,-1.128
OG4489,K12952,-1.395
OG4493,K03322,0.631
OG4494,K01520,-0.506
OG4497,K01647,-0.595
OG4499,K01223,-1.005
OG4500,K06889,-0.324
OG4502,K03502,-0.5429999999999999
OG4504,K09936,-0.10300000000000001
OG4511,K02757,-1.3
OG4512,K16209,-0.65
OG4513,K03885,-0.915
OG4516,K08602,0.027999999999999997
OG4517,K03322,-1.145
OG4520,K18926,0.469
OG4521,K01689,-2.423
OG4522,K01356,-0.713
OG4526,K02044,1.899
OG4528,K02244,
OG4530,K08602,-1.123
OG4532,K11041,1.463
OG4533,K00688,-0.41
OG4536,K15580,-0.736
OG4539,K07497,0.782
OG4543,K00705,-0.746
OG4547,K07497,0.132
OG4552,K03502,0.214
OG4556,K03311,1.412
OG4557,K00865,-0.414
OG4560,K06147,0.155
OG4564,K02035,-0.02
OG4567,K02035,-0.09699999999999999
OG4569,K00158,-1.088
OG4570,K03322,-0.7240000000000001
OG4572,K07497,-0.797
OG4576,K00158,-1.097
OG4578,K01739,1.4380000000000002
OG4579,K07483,-1.044
OG4585,K07497,-0.17300000000000001
OG4586,K06147,0.085
OG4587,K01739,-0.055
OG4588,K07497,-0.249
OG4590,K02761,1.2770000000000001
OG4591,K00865,-0.983
OG4593,K07498,-0.29
OG4597,K03311,-0.46799999999999997
OG4599,K07497,0.133
OG4601,K07497,-0.345
OG4603,K00705,-0.578
OG4604,K03502,0.064
OG4606,K02761,-0.6890000000000001
OG4613,K00705,0.301
OG4616,K07497,-0.46799999999999997
