OGs,TPM
OG887,0.0462018814589702
OG1626,0.061920407272557
OG1633,0.177359315517747
OG4373,0.027127385292174
OG1101,0.0802720973067443
OG1672,0.0833837686848014
OG1675,0.0417068038810488
OG380,0.00599044608976574
OG4587,0.00930474906836745
OG4415,0.00714732562223838
OG375,0.00624264125424657
OG358,0.00322754633397117
OG374,0.0215919631127248
OG1714,0.0547456748534598
OG373,0.0509511574167275
OG1719,0.0282798109757991
OG372,0.0117993862076774
OG369,0.00171763677864174
OG802,0.0469961918892467
OG4340,0.00877676510978542
OG912,0.128050066023661
OG1403,0.127056699941654
OG281,9.39850455792471e-05
OG1566,0.0285318501079109
OG913,0.000303112372701484
OG871,0.00148409888551624
OG1569,0.119460016233948
OG307,0.00526561419342962
OG289,0.00634148220699722
OG2330,0.00532916798924765
OG2329,0.0125763591806912
OG2780,0.00367973418125782
OG2914,0.00192501810467824
OG321,0.000165372276689368
OG2328,0.00759257350775775
OG1011,0.035725728579534
OG235,0.00861478876045801
OG1590,0.0173365756728016
OG1589,0.00306000122161652
OG1588,0.0286458623761241
OG1587,0.0193956777948306
OG1586,0.113481599592069
OG1585,0.0725516492261495
OG622,0.171735086082115
OG1583,0.163754466651843
OG4369,0.0140434994130271
OG2326,0.00439379115999396
OG1504,0.0417567838588747
OG461,0.0409528131041732
OG807,0.0441355536609109
OG459,0.0315033502779629
OG805,0.00358045472261534
OG450,0.0305997475794902
OG439,0.000723770416210077
OG423,0.00329900875524854
OG2325,0.0258690264538924
OG1505,0.127623580824511
OG2323,0.0219099339093988
OG21,0.0118911229360936
OG399,0.0082155166924672
OG1519,0.0193638576380712
OG4352,0.0200089836452984
OG4400,0.0135711809342304
OG1115,0.00199990617531108
OG4358,0.0441992980607849
OG1522,0.0383383126872468
OG1060,0.050081572847017
OG1523,0.16457927302249
OG2322,0.00151702887176382
OG874,0.029721815462159
OG370,0.044232860792111
OG371,0.00690736053828092
OG377,0.0144914679210199
OG378,0.0110725476898241
OG1548,0.0125569444262599
OG299,0.0183388511723878
OG381,0.03462176046081
OG382,0.000226072136663594
OG290,0.00760198706151177
OG1550,0.352618619978545
OG1551,0.309266293533028
OG2321,0.00053027725854059
OG2320,0.00129437746760085
OG1553,0.000238990544472943
OG873,0.0154703174255317
OG1559,0.0077654870272046
OG4346,0.0170668681994053
OG1564,0.0500883889317377
OG1565,0.0651954427619387
OG834,0.0181265592140833
OG394,0.0207164800071094
OG1567,0.0435438998878375
OG395,0.00835976966497549
OG396,0.0567754242051792
OG1568,0.12847788314496
OG4440,0.00447813967839107
OG729,0.0172478744381401
OG2319,0.000615610060918791
OG2506,0.000435466233874921
OG2318,0
OG732,0.000934592154118826
OG1192,0.0024002491833443
OG1193,0.0617623260065688
OG735,0.0312572578196478
OG1194,0.321691971063764
OG136,0
OG771,0.00933566130202221
OG767,0.00937409952972956
OG755,0.0295207986858588
OG4375,0.0246735577348554
OG4404,0.0488705181458456
OG4394,0.0308450960263174
OG1153,0.061217981192386
OG1199,0.052828184225252
OG4477,0.0444963895989755
OG1653,0.118469397413039
OG1652,0.103908310392839
OG1651,0.130050679666199
OG443,0.115586954463862
OG1647,0.0418621996485644
OG4949,0.0106306009695793
OG2826,0
OG91,0.000393175505628402
OG2210,0
OG4421,0.000136121605559429
OG2049,0
OG2206,2.01908012237019e-05
OG937,1.66971595604439e-05
OG2891,0
OG2890,0
OG2889,0
OG2888,0
OG2887,0
OG2886,0
OG2885,0.000159669784389734
OG2884,0
OG2883,0
OG2882,3.09802557650111e-05
OG2881,8.45725951700592e-05
OG2880,0
OG2879,0
OG2878,0
OG4950,0.00775983971961064
OG4951,0.0188597679521023
OG2836,0.000534309105934205
OG2835,0.00563842979484378
OG2834,0.00184624324197049
OG2833,0.00778023437213921
OG2832,0.00296129267140811
OG2831,0.0144727570399954
OG4317,0.105907031207984
OG4377,0.0206328267847149
OG4347,0
OG2317,0.000961009398372328
OG4576,0.030923078998003
OG4464,0.032158407474554
OG492,0.0127228356075132
OG489,0.0631532303143576
OG324,0.00413625816221455
OG1254,0.00860085257880774
OG480,0.0190764914809794
OG4381,0.00227791546066011
OG1020,0.0857950761537316
OG4411,0.00580195333695481
OG1263,0.186794978177172
OG301,0.00307111476692539
OG984,0.00180982429367398
OG471,0.0220456677836943
OG470,0.00179579889202548
OG97,0.00327372743812445
OG464,0.00179906003244518
OG460,0.000985878842366629
OG1303,0.0585822972658403
OG2053,0.00426401593748182
OG1936,0.00473870154040361
OG96,0.000365559769523865
OG1426,0.233767870505942
OG1425,0.46758200974791
OG1424,0.454074056694158
OG2013,0.53109928393348
OG2017,0.165998655859317
OG1421,0.122185202981354
OG1420,0.142698246710171
OG2769,1.24600489459244
OG2018,0.0131541218296119
OG2770,0.765439780279841
OG1418,0.0739287893390897
OG1417,0.206811185872136
OG1416,0.250215539571763
OG4465,0.00294713850253828
OG2020,0.102640106708452
OG2021,0.447006450846419
OG2022,0.446335193647787
OG2034,0.29654342378053
OG2037,0.106316713849045
OG2038,0.0562284892411749
OG2039,0.18319358630708
OG2771,1.04763473323176
OG1407,0.545685114592529
OG1406,0.37445661309609
OG1405,0.442963288744784
OG2048,0.292163354175082
OG2063,0.437556170819524
OG2066,0.414257646672767
OG1401,0.427716984007181
OG1400,0.10708069434175
OG769,0.0122243066564935
OG831,0.0386862207985611
OG1397,0.0179658825225583
OG1396,0.142953964691476
OG825,0.0645045302237274
OG1393,0.0285918798865371
OG1392,0.0178144910900629
OG1391,0.00836861123696186
OG104,0.0162043819374343
OG765,0.00194974369570051
OG1187,0.00457805384941106
OG1019,0.00318668865896397
OG2973,0.00749844657367191
OG1014,0.00564980190340116
OG2360,0
OG68,0
OG2359,0
OG2358,0
OG781,0
OG4334,0
OG353,5.41402527932232e-05
OG1521,0.0230253187293977
OG2357,0.0125449559597803
OG304,0.046145094115439
OG1518,0.0538140903767145
OG840,0.0155233132255033
OG1516,0.0723321510615491
OG1515,0.0203717115286249
OG823,0.194565141273178
OG708,0.00320858833274403
OG1512,0.00397607405300009
OG883,0.159558074133209
OG1455,0.0204968776070282
OG1452,0.0117195088733363
OG1450,0.00857576658605366
OG244,0.0344515298283035
OG1449,0.00779832847715835
OG828,0.0258672770359243
OG306,0.000219282024157381
OG4327,0.00211580879574433
OG2908,0.00167977831219942
OG4952,0.000483545494119953
OG4953,0.00155092377000991
OG120,0.000420777829202922
OG4954,0
OG4294,0.000161051656146554
OG70,0
OG4955,0.00224640056999296
OG4956,0.029172361107012
OG2008,0.042911533118278
OG1423,0.202324355964012
OG1195,0.00857548643969088
OG4351,0.00891265651344012
OG553,0.0265765422214009
OG926,0.0217276600512493
OG551,0.0183170545857075
OG1189,0.0564296731174505
OG948,0.0166485657112482
OG2976,0.0402249148978593
OG2846,0.00224215352992776
OG2845,0.000540538550369679
OG2844,0
OG91,0.00267429577186828
OG4305,0.000387184292575456
OG2843,0.00215590611592401
OG2842,0.000948312291270881
OG2841,0.000452877470026949
OG2840,0.0014757613040628
OG4,0.00101267206545202
OG148,0
OG2892,0.00125740414783691
OG7,0.0143499200160181
OG152,0.00173734739515957
OG2866,0
OG2874,0.00118791926464166
OG2893,0.0204701307523826
OG139,0.00168586851004504
OG2872,0.00405523600609778
OG2873,0.00385653325893604
OG144,0.000634465158793795
OG138,0.00176815444883812
OG4957,0.00118718624192829
OG2877,0.000805676965709298
OG2861,0.000419751195689279
OG4958,0.0422214871744039
OG2860,0.0605194055965329
OG4959,0.0186107682996564
OG4960,0.0266225250257742
OG4961,0.0270409985838313
OG73,0.00995914890118858
OG2870,0.00464044687201232
OG917,1.39488772200833
OG4385,0.681311981315087
OG279,0.25719130148862
OG4307,0.0850693313971372
OG4317,0.0377222017172708
OG4377,0.00347435861482497
OG4347,0.000207332406595625
OG4379,0.0105734138006275
OG493,0.00100774397029219
OG71,0.0117042256898255
OG1047,0.0309940574526654
OG496,0.0326109128636201
OG502,0.0124819377976203
OG503,0.03396153560769
OG504,0.0309878869631671
OG4384,0.0922588016320938
OG2759,0.0332028387066293
OG285,0.0886431749403103
OG1163,0.0598901507932372
OG1164,0.00732141016819497
OG1165,0.0886564481958908
OG508,0.0056781565774899
OG271,0.002516155906407
OG4365,0.00294347129611289
OG4586,0.00256325118713981
OG509,0.0270514003252623
OG280,0.0183045893154557
OG510,0.00638144835037479
OG179,0.00256907031078912
OG512,0.010390283753592
OG342,0.00737481984711062
OG4344,0.00465233185184864
OG2305,0.00212120137522718
OG782,0.00286055642171074
OG1108,0.0254061949524723
OG1158,0.0263874846410287
OG1042,0.0170271421235417
OG1171,0.00846506812880585
OG4398,0.000566787733992615
OG1172,0.00911505142112705
OG2757,0.574021254700792
OG2756,0.00598943365260685
OG1976,0.0120696158155189
OG1975,0.012028052711674
OG270,0.00125008378508837
OG1726,0.00613935814935116
OG930,0.000934784649862139
OG1725,0.0681299393302998
OG775,0.027713697718189
OG2755,0.114625135405023
OG1733,0.0215796688601031
OG1734,0.00385319057841198
OG863,0.0190948356609044
OG1737,0.0446879932972497
OG336,0.0240852163396251
OG1738,0.032604838242346
OG1740,0.0459265010964578
OG1741,0.0301992785055428
OG1743,0.0271263865844905
OG2754,0.03440636727918
OG2753,0.0318027415736121
OG1744,0.0650772867633606
OG2913,0.0103686488726849
OG4962,0.0341412181963149
OG1985,0.0240921126678033
OG4963,0.0459958112380932
OG4964,0.0425729314711805
OG2804,0.0552248801783455
OG4965,0.0159608068894827
OG4966,0.0630429869187594
OG4967,0.0591515593426997
OG4968,0.0556764163778718
OG4969,0.0366857159148326
OG4970,0.0326964636199988
OG4971,0.0351416487534965
OG4972,0.0337484695412346
OG756,0.0284026731438434
OG4973,0.0461672485379649
OG796,0.056704951735835
OG4974,0.0173260405232073
OG4975,0.021289434735118
OG4976,0.0101314183123724
OG4977,0.0433156295219459
OG4978,0.0377801252752837
OG4442,0.0376562128554766
OG998,0.0449252396373148
OG2752,0.0117706338608335
OG2751,0.0738345307485622
OG2750,0.0914294728554661
OG1746,0.0411670735554052
OG1749,0.223641702183524
OG2797,0.354533804297562
OG1054,0.10167250046573
OG1705,0.0268647233267614
OG1702,0.0267189360738376
OG964,0.0625825502685097
OG1754,0.0772770292764552
OG1755,0.012732334697553
OG1756,0.0187525116889451
OG1757,0.0182225606565735
OG1758,0.00071270813149182
OG777,0.0140873298463352
OG1759,0.0174909089521365
OG1760,0.0289502833447181
OG2749,0.0710114730641913
OG1761,0.0283313537658226
OG166,0.0679930097778855
OG1769,0.0170613354480969
OG1684,0.0137813865451197
OG776,0.003220729422764
OG4410,0.00163932452293249
OG1146,0.0217377718653547
OG15,0.00238481185635352
OG1775,0.00116134312509815
OG2748,0.00150201359099261
OG1145,0.0375150718870124
OG1777,0.0058069201550984
OG1778,0.00124341194090299
OG1779,0.0188159561713807
OG2747,0.00815351382222135
OG1679,0.00644411342006917
OG2300,0
OG1781,0.0393803185506018
OG2508,0.0298791762986519
OG1678,0.0417065022294744
OG1671,0.00264983590506062
OG1789,0.145562229800121
OG2746,0.0850153944252243
OG1663,0.0509031890821659
OG1053,0.000209116726413825
OG942,0.000402629140366384
OG1795,0.0163684893735697
OG1798,0.0179375029538268
OG204,0.00409165203290385
OG1799,0.0195116433785228
OG1803,0.012979158396219
OG0,0.000215489567649038
OG2050,0.00675221937983304
OG2054,0.0181218537198282
OG2059,0.0011419645691245
OG2060,0.00101771832351648
OG135,0
OG2745,0.00101771832351648
OG376,0.00145568854775444
OG2744,0.0738133121706162
OG2064,0.115371741886742
OG2065,0.694262221130596
OG182,0.000534142554696849
OG2509,0.000493315249956536
OG2510,0
OG2511,0
OG1121,0.00408734759133898
OG2068,0.0129208298594316
OG773,0.0305638525151345
OG2069,0.0274832650199018
OG2070,0.00623599420934516
OG2071,0.0221951493869927
OG2073,0.0130789322277462
OG2743,0.00247311119265682
OG2075,0.00510992202077389
OG1228,0.00282463230643407
OG2800,0
OG2735,0.00568182219481656
OG1223,0.0223987098305828
OG4316,0
OG2838,0.272084242159086
OG2839,0.0948828488765096
OG2862,0.00476083935059837
OG2758,0.0176844599337563
OG779,0.000142421438860525
OG588,0.00492520573123701
OG1217,0.0149040009320036
OG1216,0.0422614073268262
OG587,0.00283486769795159
OG39,0.00565366594172286
OG909,0.00786864671355898
OG4302,0.0140674010488361
OG1211,0.0150127900456638
OG580,0.00829925068472162
OG577,0.0116971200159166
OG1208,0.0202197601576349
OG574,0.0211565473250692
OG4459,0.00791340694875967
OG1204,0.0162382667499351
OG566,0.0202166244078657
OG251,0.00900199647801414
OG1201,0.0165136942698677
OG562,0.0144713602928436
OG791,0.0488015545988653
OG1197,0.00280211510862194
OG1196,0.048755699470887
OG128,0.0160584896770395
OG1088,0.380760453340524
OG2512,0.000999672207671876
OG2513,0
OG2514,0.000227725758064047
OG2515,0.0376804271946649
OG2516,0.00192623710289644
OG2517,0.1587015758228
OG2518,0.00611753581043995
OG4466,9.46540965810596e-05
OG2915,0.00343383068998254
OG4467,0.000612696517948845
OG2520,0.00923573896683111
OG2521,0.00894838165889171
OG1095,0.00673771574420661
OG272,0.0134603683360152
OG258,0.0122029262804566
OG368,0.00310605279862817
OG1096,0.0218519112194918
OG256,0.0113934153543166
OG1091,0.00313550246386562
OG1224,0.063228458743203
OG1225,0.0158125067157951
OG1227,0.0504384769776071
OG2102,0.000816264013845333
OG669,0.0105353284483189
OG668,0.112926743606882
OG1232,0.0111561562097079
OG209,0.00867368338628945
OG273,0.00373601196892343
OG1250,0.014376844800979
OG1252,0.069185027706217
OG1253,0.0961871512367219
OG627,0.0429881823105586
OG1256,0.107804504080203
OG2522,0.00482246365243433
OG1257,0.00595827247062872
OG1258,0.0562750578393261
OG609,0.00480818875128275
OG962,0.000113942173848168
OG644,0.00880262669169166
OG2417,0.00308465601357986
OG2917,0.0258880228155309
OG2101,0.0441320217982878
OG4419,0.0335320428289629
OG2100,0.082096503209496
OG2099,0.083425774867627
OG2812,0.0413490748527855
OG2768,0.043393865723712
OG4979,0.0924005066886961
OG4980,0.0562171711451317
OG986,0.00543253057246797
OG184,0.0778411603502764
OG2909,0.0308814634166208
OG26,0.0220773364482005
OG4443,0.0293092399454818
OG2779,0.000609787116921069
OG2828,0.00253168181284914
OG2829,0.0351350367093755
OG958,0.00121829011764138
OG70,0
OG4294,0.00222383943687074
OG2201,0
OG177,0.000147779481296882
OG111,0.00147513494628941
OG78,0.00122493558189701
OG869,0
OG197,0.000508787111904187
OG212,0.00114013565726439
OG176,0.00217948470268157
OG59,0.00249446890384202
OG852,0.000586199470519731
OG2094,0.00142407876992528
OG4359,0.000154901278825055
OG748,0
OG742,0
OG4382,4.80218369920216e-05
OG349,0
OG1206,0.170101825329551
OG1214,0.0172077181925611
OG731,0.00772013052817962
OG730,0.0129639373296012
OG728,0.0224764806954438
OG722,0.0550974198084655
OG1062,0.0201239396800995
OG2413,0.0286394678693012
OG1215,0.0349461386939454
OG1218,0.00421992000795749
OG2093,0.0109728480212089
OG2412,0.000841610538920494
OG2411,0.000134071929508794
OG2410,0.00078459350625512
OG797,0.000128622881869508
OG1219,0.0180136364334379
OG2863,0.00166624733255038
OG1220,0.00401610104911469
OG688,0.0133544536718753
OG673,0.00387844989997612
OG1221,0.0447150169259362
OG1222,0.0525491202777344
OG4981,0.000910406309569315
OG953,0
OG123,0.000105872359879555
OG2827,0.00018112162559696
OG2802,0.000271704990265344
OG936,0
OG2837,0.000220122869909289
OG98,0.000128763680934595
OG2523,0.00036133384391855
OG2524,0.0115226699363457
OG2129,0.0258012420261372
OG2818,0.10789674011157
OG2716,0.00349032771731013
OG1881,0.00310804304168196
OG1557,0.241595765605578
OG288,0.0013073609131204
OG658,0.00520710697870702
OG659,0.00231711783550219
OG1556,0.0124570178254236
OG1015,0.0251088187877628
OG312,0.0214721387764143
OG1008,0.0504501052202202
OG1533,0.0463161057663684
OG1544,0.0296151063754164
OG559,0.000366255335439528
OG560,3.5821475147218e-05
OG2921,0.000131730586025253
OG169,0.000202476350154911
OG2391,0.000313463947865632
OG2390,0.00165532621089974
OG4982,0.00173742100221221
OG2387,0.000714677008713187
OG2386,7.21856999178788e-05
OG2385,0.000587184185804715
OG1200,0.0050246310977028
OG1202,0.0223735122099166
OG565,0.00417031817953005
OG1203,0.0052364773543081
OG203,0.00399468405466803
OG1205,0.0123339099942069
OG573,0.00928608639143276
OG1207,0.00306525883575477
OG1209,0.0049864482335634
OG1210,0.0168843725051845
OG1212,0.00784124088914217
OG403,0.0968755815621222
OG1591,0.114074185659531
OG1593,0.0567240096842999
OG4420,0.0087190727161368
OG1614,0.223313374711432
OG4301,0.00853196048551146
OG2384,0.00186410042215785
OG160,0.00883022946737194
OG778,0.0112639405103787
OG2383,0.00752380535378007
OG536,0.0288004385583877
OG1180,0.036269899259436
OG1181,0.0413909343681046
OG1182,0.0200467341699057
OG1092,0.0441789140762033
OG254,0.0181548229827862
OG891,0.0133173348181907
OG255,0.0303883480147799
OG1093,0.07191474582168
OG1374,0.755641711528051
OG1373,0.704305054179083
OG1372,0.149842461824678
OG752,0.0120652789155471
OG745,0.0187464023118273
OG1369,0.0472397781031074
OG813,0.0183980026389955
OG876,0.0135860229348567
OG1366,0.0645265259586413
OG743,0.00728774068089974
OG1126,0.00782123990987169
OG2156,0.00550369421027416
OG740,0.0138164546197222
OG1127,0.00521092621086948
OG1360,0.162312822093654
OG1359,0.229912323098354
OG1358,0.0543212417100054
OG4383,0.0679357432995444
OG1356,0.123483067649976
OG983,0.00271834540066033
OG906,0.10042970683627
OG726,0.0910264009906145
OG725,0.009671637745305
OG129,0.00247049846193887
OG4983,0
OG4348,6.56052475023764e-05
OG1870,0
OG1869,0
OG4984,4.2033512847e-05
OG4985,0
OG4320,0
OG1038,0
OG2490,1.48094576139732e-05
OG2489,0
OG2488,0
OG947,0.000167364713757914
OG125,0
OG2203,0
OG978,0
OG955,0
OG2525,0
OG2526,0
OG4409,6.80608027797143e-05
OG1970,0.0444207645165703
OG2527,0
OG173,8.0064963930299e-05
OG4332,3.02642074987078e-05
OG230,3.00027456628658e-05
OG999,0
OG1965,0
OG2528,0.00904893719176641
OG4389,0.000972884420890954
OG117,0
OG2530,0
OG2820,0
OG2531,0
OG860,0
OG2532,0
OG2533,0.000125146587764927
OG2534,0
OG2535,0.00014545833761159
OG2536,0.000242454175552261
OG1963,0
OG2261,0
OG24,0.000113862879032024
OG201,0
OG2537,0.000101396140451875
OG2538,0.000176453933132593
OG2539,4.49555703621582e-05
OG2805,3.90204248368171e-05
OG2258,5.81006852997561e-05
OG2540,0.00143127005473768
OG2541,0
OG2542,0.00409564390349169
OG2543,0
OG2316,3.93740181370248e-05
OG1786,0
OG2544,0.00770425218383086
OG50,0.030565775535822
OG126,0.00310205300866654
OG2547,0.0659972108006837
OG2548,0.0412547989655061
OG2549,0.000738163352062346
OG130,0.0127784952885264
OG1350,0.137119640519854
OG916,0.115949407642698
OG1348,0.2947355060608
OG721,0.00773333801558087
OG806,0.00335337202232298
OG2170,0.00468369101137019
OG2382,0.000587167496367643
OG102,0.002419496339831
OG2381,0.00142282576412455
OG171,0.00299360243949317
OG2864,0.00186630461109643
OG2865,0.000471731535403211
OG2370,0.00188009661225746
OG2371,0.000500083470765681
OG2372,0.000657846072472143
OG2373,0.00147607697943607
OG19,0.0023742708705388
OG1911,0.000465083165439717
OG2374,0.00329639471110113
OG2901,0.000935006912612305
OG176,0.000642830228034956
OG212,0.000423904384757564
OG197,0.000378852852052006
OG869,0
OG78,0
OG111,0.000352300497820586
OG177,0
OG2900,0
OG4294,0.000372721288572589
OG70,0
OG4986,0.000601075872393625
OG4987,0.0142087207544705
OG2551,0.0247614039972209
OG184,0.0388369192413414
OG986,0.0165008145294974
OG4988,0.0134842747217186
OG2552,0.0162970500258271
OG4468,0.0242088341111336
OG4551,0.0214490236254742
OG528,0.0238221450232365
OG527,0.000767668720344698
OG1312,0.0156031525060527
OG522,0.0449601749345418
OG483,0.0409575541742777
OG1308,0.00768098701086151
OG1236,0.0145351071098261
OG1237,0.288673483486404
OG1240,0.331730565149441
OG1243,0.0544072975495972
OG618,0.007840854459477
OG1244,0.00973290793654415
OG1248,0.0248434340985875
OG367,0.00741850298136277
OG1251,0.00351891174497308
OG4989,0.0051440611071593
OG4990,0.00297466656185422
OG277,0.00331774583561397
OG1097,0.000792489678335406
OG1382,9.00606157500378e-05
OG1375,0.000605432352219385
OG4571,0.00622683759611177
OG1005,0.153198392577157
OG2113,2.88657085744442
OG2798,0.0078169748523165
OG4326,0.00684366162505152
OG896,0.00377987458356452
OG927,0.00214825953212076
OG2044,0.00225962122070844
OG176,0.000821907389532835
OG212,0.00141749005389168
OG197,0.000779605559113091
OG78,0.000672600874528941
OG111,0.000806009786538224
OG177,0.000651502326702401
OG2006,0
OG198,0
OG163,0.000794657421360267
OG101,0.000503283532435022
OG2553,0.000544247485909579
OG2554,0.0293694240167705
OG2911,0.000821021601019193
OG4991,0.0511393378568166
OG4574,0.01812041204159
OG1367,0.0081933347470821
OG1365,0.0282003554634368
OG689,0.00636156343520567
OG1363,0.0234287533304339
OG737,0.0159004688037189
OG1022,0.00188816809523064
OG1353,0.00859104137149637
OG1352,0.021468176816159
OG1351,0.0162795667539283
OG1345,0.179217458029062
OG1343,0.238812262082106
OG1342,0.392172279361593
OG753,0.0459515702118466
OG1340,0.00717269357413906
OG1338,0.014578879676826
OG1010,0.0485160961585335
OG846,0.573391916548711
OG1336,0.0400822495354266
OG1335,0.0199866081702372
OG749,0.127314533977241
OG287,0.0860428653166807
OG915,0.151958229525324
OG1119,0.0003419091400163
OG2361,4.00930969247408e-05
OG1068,0.00183991237530862
OG4417,0.000556220493703111
OG1451,0.0664771848669937
OG2175,0.0029929193370868
OG1453,0.0331560267909154
OG1454,0.0203668541590353
OG750,0.0267236580793296
OG1456,0.0302944515801134
OG1457,0.0370061495598461
OG1458,0.179785950974049
OG1459,0.119401551691101
OG1460,0.0478778928610621
OG1461,0.0859867941485122
OG1462,0.0540791524462521
OG4992,0.00761001080740371
OG4993,0.0324833894605285
OG1964,0.000569998431202339
OG703,0.00737728563423111
OG843,0.0158205652867218
OG895,0.0726140889789729
OG292,0.0926726871347997
OG819,0.0190493015005215
OG1513,0.0133299307347807
OG1511,0.0200425646737157
OG1087,0.0102073962889475
OG711,0.0106268999598717
OG712,0.0104846388256212
OG713,0.0296106772801461
OG714,0.031204518892418
OG922,0.115773915245283
OG716,0.0127436971307021
OG809,0.0158447786969908
OG847,0.00478242723487407
OG719,0.173467132810838
OG4342,0.000578191741664786
OG250,0.000199409057192198
OG1922,0.000242079652543026
OG894,9.23008055940656e-05
OG4401,8.2409473174406e-05
OG4994,0.00968243797685755
OG4995,0.0312981668498073
OG4996,0.0678246287654672
OG4997,0.0182660484095823
OG4998,0.668774926738168
OG4999,0.145986542126044
OG5000,0.467082023150809
OG5001,0.418095312391109
OG5002,0.109915609150952
OG5003,0.196043680949283
OG5004,0.230211895486213
OG5005,0.11526721382232
OG5006,0.267711746242824
OG5007,0.0203457135814298
OG5008,0.00201691631011264
OG5009,0
OG4368,0.000543266891705186
OG5010,0.000404030452916238
OG253,0
OG5011,0
OG5012,0.00576287741257056
OG1491,0.0100673842050498
OG2176,0.0187011796262331
OG1480,0.0358131328548428
OG878,0.0192147499830307
OG734,0.0455206391016757
OG1474,0.0270334521915597
OG1473,0.00624267591837449
OG1018,0.0117265435967553
OG1472,0.0077580234839341
OG284,0.0186950565032699
OG867,0.0152566516019337
OG5013,0.0159400036895018
OG155,0.00368082440381768
OG252,0.004837250923751
OG744,0.00889758662561564
OG165,0.000365559769523865
OG815,0.0299252972686404
OG746,0.0338414269298963
OG1470,0.993440378981293
OG1465,0.288195785193393
OG1463,0.0919727639380322
OG225,0.00518561632374496
OG4387,0.00401819382479925
OG238,0.00350469492295427
OG1081,0.00354500598696973
OG1082,0.00313505484664567
OG4603,0.00180761826672681
OG757,0.101711717586883
OG1432,0.17388152956654
OG1430,0.133884708935805
OG760,0.0176595690105826
OG1415,0.0130540557132368
OG762,0.0195284120650477
OG763,0.00766533561454933
OG764,0.0285825148707746
OG291,0.0158928156727831
OG766,0.00576670550449493
OG4556,0.00514726441942589
OG2288,9.26033035726745e-05
OG2287,0
OG768,0
OG2072,0
OG2111,0
OG2286,0
OG2110,0.00173465667611223
OG692,0.00517664641945443
OG297,0.00181181662141112
OG1526,0.0124068877267414
OG1527,0.0129555986238765
OG1528,0.163383857025978
OG946,0.00117264135401651
OG4350,0.000536767187327842
OG2734,0.000401809758036112
OG4497,7.21856999178788e-05
OG1378,0.0928150961611632
OG1379,0.0718669063411101
OG1381,0
OG1389,0.0199139865618035
OG770,0.0147954171677208
OG1390,0.0874053066706934
OG1120,0.00835392059090549
OG350,0.031131714220033
OG346,0.00231693727069525
OG2078,0.00224804397023097
OG343,0.00116323468605842
OG1507,1.43669635280582
OG1508,0.0621949997722775
OG1509,0.0801034109861333
OG1510,0.00375252723226127
OG1502,0.031436985183269
OG482,0.0388729798170769
OG1499,0.0197331782716809
OG1059,0.0525333069004108
OG490,0.0177360394993469
OG337,0.0089130668329757
OG836,0.00938577874642522
OG2481,0.0345382426943366
OG1497,0.0505505550400745
OG520,0.0165625392994568
OG521,0.0805374799684472
OG1496,0.00235928980977425
OG1495,0.0069849608835885
OG1487,0.0721404476851032
OG901,0.0207612646330623
OG1486,0.134311577924382
OG1006,0.151921644413577
OG865,0.145137787819329
OG1485,0.0756464929359074
OG1484,0.0663286495057286
OG322,0
OG267,0.00409651236215206
OG567,0.0178192069291454
OG1483,0.0324708371126037
OG1482,0.0537609928695197
OG317,0.0122065762202481
OG316,0.00133392534802037
OG1481,0.0521812322500272
OG639,0.0214058802810602
OG309,0.00297947116036496
OG642,0.0251311540270362
OG645,0.0128227062884668
OG648,0.0081577487855579
OG653,0.016876128711761
OG1479,0.312415495496137
OG826,0.00685512861056905
OG792,0.0045707501391016
OG675,0.0100000032244292
OG676,0.0258873942741246
OG686,0.0203733726995713
OG1478,0.0229485759484789
OG1477,0.0826333023358118
OG1464,0.0267617566885886
OG2480,0.0745172849024981
OG2479,0.00136098161476586
OG2555,0.00132145279057662
OG2478,0.000424348243223403
OG4604,0.00429053771062781
OG99,0.00206236092142624
OG2266,0.0361462384189349
OG2108,0.00754293657718434
OG2107,0.010234200486089
OG2477,0.0089603600832214
OG783,0.00742773942277554
OG980,0.00583767003471896
OG1903,0.00185582675480855
OG266,0.00243252208981436
OG2106,0.00151363323053382
OG2476,0.00582189404586605
OG2475,0.00647379531517791
OG4413,0.00304572559762172
OG1368,0.00337164586461545
OG435,0.0215269556800405
OG1376,0.0091131241515543
OG2474,0.0304351067319039
OG1394,0.285468068198405
OG1399,0.0492781164074178
OG2473,0.00122757961493538
OG2472,0.000144963115405822
OG2471,0.00262459781419143
OG1412,0.0840157533736662
OG1413,0.0322978454965281
OG2105,0.0165578286820268
OG995,0.00342594633210551
OG1447,0.0792339904279233
OG808,0.0357706633070048
OG1493,0.03991947431737
OG1498,0.0337457226394774
OG1501,0.00115980943493234
OG1503,0.163513113275418
OG413,0.283299792587047
OG1571,0.000487302063128207
OG5014,0
OG294,5.601319049156e-05
OG1114,0.165361852858133
OG340,0.0340929450208501
OG43,0.0401427427657927
OG2700,0.0436979432023932
OG4416,0.347838740173911
OG2782,0.334543255465506
OG4567,0.370209412987291
OG1103,0.0628258306711076
OG4370,0.00196310886546045
OG2783,0.012790850475062
OG1000,0.0584533567934133
OG2030,0.384924414786606
OG2029,0.16013876023226
OG4605,0.0160258230524318
OG5015,0.0104682526036631
OG5016,0.0065926843429093
OG5017,0.00832520795560959
OG120,0.0116627176665095
OG5018,0.000313155998062743
OG4294,0.00584320488010246
OG70,0.00116206134298101
OG5019,0.00298378892828848
OG5020,0.0376793539451119
OG2849,0.027001988504088
OG448,0.0190051733307569
OG1124,0.142408436009464
OG1347,0.125644425721849
OG466,0.019182258819241
OG1326,0.00968262507959472
OG479,0.0098231078411448
OG484,0.00174110810855598
OG822,0.0154892077968014
OG494,0.010306930643674
OG4390,0.00443691694855331
OG919,0.00888553400782098
OG4345,0.00907213612915981
OG298,0.0117906844605122
OG1155,0.00814746502283549
OG517,0.00147210100489654
OG515,0.0107739308484373
OG1720,0.0291140044493402
OG4331,0.00344299181303434
OG514,0.00426929056202941
OG4395,0.016569160883916
OG36,0.0283813225526453
OG14,0.00800142197253501
OG1002,0.0135025026672099
OG1724,0.0240012791210703
OG1723,0.0149998294558748
OG2420,0.0112928453533648
OG2421,0.0159998796061472
OG1713,0.840753340488011
OG1711,0.997896997828344
OG1147,0.567426457072296
OG1683,0.552601231004956
OG355,0.409895094589805
OG1680,0.86898548304057
OG1676,0.457044513434319
OG1634,0.142184099468706
OG786,0.0168222093668466
OG161,9.80928400009952e-05
OG183,0
OG1016,0.024817674661144
OG889,0.013792133951814
OG366,0.000463479068059089
OG390,0.00750881865277092
OG1554,0.0605334605994921
OG388,0.00459053691477281
OG200,0.00841150954019008
OG206,0.0106121248259712
OG2422,0.000610509491592781
OG116,0.00138478194752496
OG2423,0.000114803894561214
OG2424,0
OG2425,0.000114801354086265
OG106,0.000408413932028204
OG1669,0.0461837169191567
OG1668,0.0255734565291208
OG1667,0.0319724737667948
OG554,0.0617375207788117
OG1666,0.128797174988806
OG1665,0.087923497008038
OG557,0.0577444092679744
OG1664,0.0435267061047399
OG1662,0.000648383792925876
OG1659,0.0024642205599104
OG561,0.00836616839435089
OG1658,0.158813886541002
OG1656,0.159658179908847
OG323,0.038246364201738
OG1810,0.00652232024356733
OG1103,0.0741831981506211
OG4337,0.00208119223352147
OG1649,0.0272280988648308
OG569,0.0214875432570154
OG1812,0.003187286296439
OG1039,0.00776721349021544
OG816,0.0160532248887178
OG1074,0.021855864497095
OG1408,0.27671410572201
OG481,0.140374507111045
OG1409,0.513423661609915
OG1410,0.0348697198326807
OG1411,0.102175101221353
OG899,0.0302401551862683
OG513,0.0150240708661907
OG363,0.0132076025653277
OG1414,0.0569629084600639
OG1419,0.0077890110379831
OG2365,0.0146926753206135
OG552,0.00966425917962147
OG1422,0.00461498209102418
OG564,0.0254619399428415
OG584,0.0299866436971514
OG586,0.0037705173669043
OG589,0.0746898604976411
OG2366,0.00303971159603431
OG1277,0.0450084223726903
OG1278,0.0162575194061843
OG634,0.0404372873064517
OG1280,0.0196995396998495
OG638,0.00856897032359325
OG1282,0.747487006424261
OG2367,0.0446474206315216
OG2368,0.0477612718865254
OG2369,0.00557287729115701
OG4288,0.00347486881494028
OG232,0.0255832215863794
OG4644,0.0243103274164114
OG2869,0
OG2796,0.000148047239938991
OG1044,0
OG4566,0.000425003142096502
OG2556,0.0153465566759008
OG2118,0.0261450930325249
OG5021,0.0195995098340455
OG2120,0.0205021730775583
OG2121,0.00282785948190493
OG2122,0.0055821775343492
OG2123,0.00346356001695505
OG2730,0.0674151941038088
OG2731,0.0537519721187112
OG2732,0.00234502969105054
OG4542,0.014886675986938
OG4541,0.00595472839080516
OG956,0.00236917121859519
OG1939,0.0027260766934929
OG4598,0.00667190246145207
OG996,0.00502192296950654
OG4360,0.00324827340081317
OG4563,0.00210811174281252
OG4601,0.00206042990727902
OG4470,0.000805703086875392
OG2760,0.00366057441760592
OG210,0
OG990,0
OG932,0.000235543148884714
OG1117,0.0254274850492913
OG310,0.000170152006949286
OG652,0.00532096010333619
OG2392,0.000567301392993875
OG2393,0.000351461522550984
OG2394,0
OG2395,0.000244258229200586
OG2396,0.0012935480453899
OG2397,0
OG2398,0.000531090098828761
OG2399,0.000824294085128143
OG2400,0.00106798809302041
OG1562,0.0234416314837128
OG650,0.111753891231875
OG803,0.000722667687837099
OG558,0.0289884164962937
OG556,0.05033054539281
OG555,0.0688750746136837
OG325,0.0393864705594811
OG185,1.60778684298457
OG226,0.0362813709038961
OG327,0.0254170435290917
OG549,0.00763003090267429
OG1136,0.0227805934547724
OG1673,0.0601384195257356
OG2761,0.130944478326717
OG2762,0.0198014157926112
OG4570,0.35150191091022
OG1143,0.0509611985192393
OG541,0.037631514508418
OG1677,0.0387917576097238
OG539,0.0445665438694944
OG328,0.0262303539828105
OG23,0.000311233086200344
OG535,0.00893088548587635
OG2291,0.000356663533268029
OG533,0.0258795147645265
OG2292,0.00131471450361854
OG1687,0.0804197315436381
OG1688,0.13472701575885
OG1689,0.056532904970528
OG1690,0.00588359613280823
OG531,0.00730435915574203
OG1692,0.00209462894770204
OG1693,0.13420695913529
OG329,0.0939859796151234
OG1695,0.0432542592713131
OG1696,0.00237119356075259
OG58,0.00368102918486193
OG1132,0.0114427242439328
OG1595,0.0231075389611255
OG257,0.0464836874746852
OG1130,0.0626886763528682
OG406,0.0703902317719579
OG2067,0.011141371403905
OG1636,0.198102040373893
OG820,0.0201121231085459
OG585,0.0328996297636658
OG2293,0.00148528731932843
OG2294,0.000482073141282829
OG2295,0.00269194774632873
OG314,0.0191706418619047
OG583,0.010324904081726
OG582,0.0106636961843811
OG1642,0.0292232983901929
OG1819,0.0368229843813252
OG581,0.0374431164346421
OG579,0.0108540218330571
OG879,0.252352817897247
OG717,0.148570234905231
OG718,0.031397831985322
OG872,0.0184134770750243
OG1346,0.00524304122191234
OG720,0.00571444312165734
OG1129,0.000979826086294516
OG103,0.0102240007482927
OG724,0.0540873166921302
OG1349,0.649369280634488
OG2163,0.0193681138538398
OG213,0.0218784528187093
OG4548,0.0422375409102205
OG4363,0.0126641626558917
OG733,0.00303462103870986
OG1354,0.0349889841083084
OG1355,0.0109130776330412
OG4353,0.0251762327232167
OG1128,0.0519303095320255
OG739,0.0268576276590437
OG1362,0.0959366172431403
OG1157,0.0240833834420632
OG1156,0.0267676642865368
OG2296,0.00401801000980175
OG911,0.0024141203927103
OG534,0.0139999673493088
OG1176,0.0159525118889017
OG1177,0.0252773860458457
OG1179,0.0325148449824627
OG949,0.0201738968698219
OG537,0.031797549039721
OG538,0.0210962978165441
OG543,0.0262425275496571
OG545,0.0226364179456978
OG1063,0.0303964454178208
OG547,0.00540528845904379
OG548,0.00326103336588639
OG550,0.0227494532160643
OG801,0.0615515780967471
OG1186,0.00860825795825806
OG1188,0.0111919836541394
OG1190,0.0128451324698797
OG1191,0.0358362212867668
OG2297,0.00700052827014253
OG2298,0.000239116877950657
OG2299,0
OG122,0.00139144568740749
OG2429,0.000687886604120558
OG2430,0.000149915105455568
OG2431,0.00132419808917795
OG2432,0.00155805648743402
OG2433,0.0104921436223698
OG186,0.00756475487089148
OG759,0.0076347585920045
OG2434,0.00261699022234935
OG2084,0.00417777665118191
OG758,0.0590444868810588
OG1433,0.0344288748833929
OG245,0.016268362246896
OG1435,0.0204683170149614
OG1436,0.0255732581435054
OG1437,0.116731035907098
OG118,0.000163828748290273
OG75,0.00075208525428396
OG2436,0.00348741113046195
OG2437,0.00730135341679897
OG2438,0.000461057051088387
OG2439,7.79746144770015e-05
OG2440,0.000251924355109986
OG2441,0.000517100791324498
OG300,0.00104387711209292
OG2442,0.00504037301904348
OG405,0.00307410421788249
OG997,0.00226220482104449
OG2443,0.000652950187162007
OG172,0.00337764242968248
OG305,0.00478616058923603
OG2444,0.00750582619111768
OG497,0.00349196372590517
OG474,0.00143171214141713
OG283,0.0016396994717134
OG347,0.00347442343583907
OG354,0.00411658576472262
OG455,0.00399255248702986
OG454,0.00330292011240368
OG1268,0.0407554363244512
OG356,2.70258195367838e-05
OG357,0.000225348430124658
OG1033,0.00064569264090708
OG2505,7.23503710515983e-05
OG2487,0.000399030683515168
OG1070,0.00109693646517193
OG935,0.00106556662608422
OG2435,0.00017978325262566
OG789,0.00256350047895741
OG780,0.00193111771566882
OG1270,0.0740066692028115
OG410,0.0268485649929498
OG4354,0.000209208998312696
OG1271,0.0408970475696036
OG1272,0.0496482338798751
OG1273,0.0193844338781841
OG5022,0.00249916577086472
OG5023,0.00213541129905687
OG5024,0.0182154779920003
OG5025,0.00909293788950413
OG5026,0.00931586226999006
OG5027,0.00902784532644548
OG5028,0.000679683350567105
OG5029,0.00150801206396279
OG5030,0.0471439512599538
OG5031,0.00240429109924496
OG5032,0.0129854224250757
OG5033,0.0263013201641163
OG5034,0.00473292256586594
OG5035,0.00219580691829384
OG5036,0.000736693194812437
OG5037,0.00145981633477379
OG5038,0.0059418363302107
OG5039,0.00365263755886985
OG5040,0.0024505829783321
OG5041,0.00390893510807743
OG5042,0.00388483189317019
OG5043,0.000286417963750657
OG5044,0.000533076414334368
OG5045,0.00057637207441255
OG5046,0.00194326045624663
OG5047,0.001035392859806
OG247,0.00298335219316814
OG248,0.00301988678469714
OG5048,0.0190396335599729
OG5049,0.00103666330871935
OG5050,0.000192692123796189
OG5051,0.000796877149884488
OG5052,0
OG5053,0.0150296808647252
OG5054,0.0227990503493612
OG5055,0.00026882345747494
OG5056,0.000182158589154732
OG5057,0.0315958647021153
OG5058,0.0336744126178834
OG5059,0.0190045573319608
OG5060,0.0255331685416782
OG5061,0.000741685258569654
OG5062,0.000882812243773463
OG5063,0.000330245426020242
OG5064,0.000507990725390127
OG5065,0.000102633976154024
OG5066,0.0107326177986699
OG5067,0.00138029298931741
OG5068,0.000760699548654472
OG5069,0.000232351918237583
OG5070,0.000132340449849444
OG5071,0
OG5072,0.00031555518407909
OG5073,0.0002858553716748
OG2445,0.000437533732155306
OG2446,0.00142078888025
OG2447,0.000933463934921898
OG73,0.00328512346908103
OG917,0.0234340732216474
OG4462,0.00375274744044664
OG279,0.0522347864028771
OG4307,0.00208770665375162
OG2448,0.0196849759571566
OG2449,0.00266071041235293
OG2450,0.00223513133740946
OG614,0.00166055024785407
OG2451,0.0121253793721635
OG205,0.00411935581026747
OG2452,0.0354349222219446
OG2453,0.000439546725205623
OG2454,0.00615403207541337
OG2455,0.0309476593135643
OG2164,0.000723382106848035
OG387,0.0218359318067851
OG389,0.00367511837674087
OG391,0.0133487753431764
OG931,0.00416506420120537
OG392,0.0294774558380739
OG1620,0.0139202460924913
OG1603,0.0170650837991444
OG397,0.0123184766521103
OG151,0.00102075858951711
OG398,0.00382070636684445
OG402,0.00479039546324977
OG4100,0.00501397448874445
OG2162,0.001471996622327
OG4471,0.00329039555421355
OG2557,0
OG81,0.00329941789190075
OG1592,0.295569505916687
OG1867,0.491275893717137
OG1868,0.0128439515687594
OG624,0.00960750782340302
OG625,0.00815451110578346
OG1061,0.00602785931917499
OG1579,0.0208936107591015
OG884,0.00872069728126838
OG1578,0.0110554703234605
OG632,0.0110129246923962
OG633,0.00987331098926269
OG1113,0.0171281430923244
OG246,0.0268072802127968
OG636,0.0125057199878875
OG637,0.0287034812757448
OG1575,0.0220912035399715
OG1075,0.0089570901075423
OG640,0.0353731502399406
OG641,0.0249068002693888
OG231,0.00976563637982325
OG1572,0.0550421820501205
OG812,0.0243993969705888
OG973,0.0965534917511426
OG1877,0.088955408118575
OG259,0.00141384857927838
OG418,0.0136915899033743
OG1607,0.0128275823248368
OG925,0.00103445135492502
OG2859,0.00485854519532719
OG1848,0.0174377928575708
OG1847,0.0284098000279121
OG2858,0
OG2857,0.000144365205150942
OG64,0.000157383955496442
OG5074,0.00219978697938995
OG1846,0.00585027755633502
OG961,8.53677849520705e-05
OG1843,6.64654126407028e-05
OG1842,8.10069030555896e-05
OG1841,0
OG2816,0
OG5075,0
OG5076,9.99494306555244e-05
OG2815,4.57533114052709e-05
OG5077,0.0362936299297845
OG5078,0.0434691093625972
OG5079,0.0124492601579095
OG5080,0.0401571947711147
OG5081,0.0303465032865811
OG2807,0.00241930978746148
OG2906,0.00107194055253074
OG2907,0.000960342781243981
OG5082,0.0027808468142826
OG5083,0.0101332157533702
OG5084,0.0040553170721088
OG2905,0.0112698466313926
OG2904,0.00215707218370763
OG2903,0.00231961193924167
OG44,0.0206462932574303
OG2854,0.00663663042054212
OG2853,0.00166878278342808
OG2852,0.0316331768074396
OG2851,0.112255003405676
OG2850,0.0128410082381793
OG2409,0.00265971503140619
OG2408,0.00444962105930409
OG2160,0.0218010388411323
OG2159,0.0046136497007967
OG1901,0.0494396634464616
OG1144,0.0387017102120301
OG199,0.0114065956567766
OG181,0.0912335904323223
OG192,0.0404954600046129
OG223,0.0244946764478423
OG2407,0.0101518139037251
OG2406,0.014032644517226
OG575,0.0163234050079491
OG576,0.0184871217703624
OG207,0.0092028575721113
OG2,0.00035180510150726
OG578,0.00470209129763819
OG1645,0.0096340894933882
OG4472,0.00505905045617442
OG1644,0.0455252882775241
OG1641,0.0488019562527234
OG1640,0.0775088011741035
OG1639,0.317417117807214
OG1638,0.826327197738596
OG1637,1.03204499458487
OG1635,0.0609836903730112
OG1632,0.0148033681291454
OG787,0.0181778948190267
OG1628,0.0495029198045367
OG1627,0.0233902124994543
OG592,0.00528447717477517
OG1625,0.0278906980825664
OG1623,0.00849859538453576
OG1621,0.0163246835046523
OG2558,0.0030114099768519
OG1617,0.0025030676985637
OG832,0.00163049306978682
OG599,0.00201527472179177
OG600,0.000239544315428522
OG1604,0.0349957028933981
OG611,0.0155776337482753
OG612,0.0109756249951072
OG1027,0.00751933986903795
OG194,0.00271445631147245
OG790,0.000944614368016396
OG2404,0.000798798504913379
OG854,0.00177875889259599
OG4335,0.00123990999727477
OG326,0.000754252772348858
OG1337,0.0161669384502883
OG897,0.0197988289920174
OG2157,0.00150524794841118
OG1320,0.0648378725557515
OG1315,0.0258560848234726
OG458,0.00520354260511325
OG2402,0.0133847682309212
OG2252,0.00352051457959886
OG191,0.000332611154684219
OG190,0.0189883619870418
OG189,0.105336736439856
OG2335,0
OG1913,0.000548499366464424
OG5085,0.0108732876190712
OG2025,0.000765613699023259
OG1304,0.0146541975508355
OG1299,0.0520310813557149
OG571,0.0454418593928447
OG1297,0.0373312351530633
OG572,0.031088171150461
OG1269,0.0253398177525498
OG1151,0.0201969023070231
OG881,0.0127230778167262
OG2377,0.000989152902153772
OG2559,0.0040076708644768
OG5086,0.000194527187361697
OG2378,0.000460199231825184
OG2379,0.0101270076009186
OG1150,0.0411468576204745
OG243,0.0197136484856716
OG5087,0.0247215581251753
OG1152,0.00987922677179359
OG333,0.0295596743407207
OG1109,0.0315754202553794
OG1148,0.022248067124853
OG332,0.0105057563153676
OG523,0.170082688245128
OG818,0
OG1703,1.58259536391255
OG1040,0.0508615757794683
OG383,0.00329880915502634
OG1064,0.000923841197047175
OG944,0.00123124418279342
OG918,0.0021737786864329
OG1600,0.0301107405709824
OG411,0.0468704877851939
OG810,0.0434928975954574
OG1597,0.065076682611594
OG2364,0.0261842435099581
OG407,0.0231869461701456
OG800,0.0288438140450766
OG631,0.0507736801722016
OG1577,0.0443841962718216
OG877,0.0418508838474086
OG311,0.0353926682403559
OG4557,0.00153702990344247
OG662,0.0036598896049929
OG1296,0.0248283876196074
OG784,0.0476861237010558
OG2502,0.00121306543264262
OG511,0.0130426025945551
OG4577,0.000359418693392954
OG1721,0.0292796689182339
OG1100,0.0290479044207207
OG2501,0
OG516,0.00751160555212593
OG1718,0.00375654733854426
OG1716,0.00876541861416236
OG1105,0.0142151562441614
OG1709,0.0521989009112583
OG4473,0.00037543976329478
OG1707,0.00334087003578325
OG966,0.00178391946634559
OG1698,0.00735951573841746
OG1694,0.33309348735783
OG529,0.000974819839706927
OG880,0.000816606871613688
OG131,0.000741914120851606
OG1773,0.00476508096962687
OG817,0.0126629580089964
OG1682,0.00527430986944034
OG1681,0.0175316339980355
OG2189,0.000855378413453311
OG2823,0.000253631243252313
OG2822,0.000251196157265951
OG2188,5.03306929054597e-05
OG4414,0
OG1085,0.000371341662963005
OG1134,0
OG1492,0.223693742211927
OG799,0.109119207447732
OG1490,0.270426629812055
OG1489,0.0874714906121601
OG1488,0.0543301929597878
OG727,0.00436266412826072
OG2560,0.0130947209643364
OG140,0.00424608141331821
OG2561,0.00169915373914184
OG5088,0.00143244601599084
OG5089,0.0608436588370247
OG5090,0.244972264273528
OG2356,0.0186449517134003
OG129,0.000231521187365115
OG5091,0.0364576937670938
OG5092,0.0152734747647318
OG5093,0.0156833641073561
OG5094,0.0287135127264324
OG1427,0.0286947046435234
OG594,0.0202589216250193
OG670,0.00100826759941299
OG2306,0.00012638582881456
OG1428,0.0928484775235414
OG885,0.217230601504509
OG709,0.0508222469586445
OG1429,0.0458226070970575
OG723,0.0423917563454256
OG1431,0.0888787678221003
OG1438,0.0105497417420157
OG296,0.057910679204896
OG751,0.00483302332364471
OG4349,0.0696471728990872
OG1439,0.0217054747749665
OG754,0.0188831827342686
OG4407,0.0121141333999396
OG772,0.0102181647185578
OG276,0
OG798,0.0368419993282887
OG1441,0.144621226398683
OG1988,0.00831127680976483
OG830,0.00342975339470872
OG761,0.00878960249676436
OG1443,0.0038490450548122
OG1444,0.0438321883286019
OG1445,0.0346317663390367
OG1446,0.0381955973661665
OG1448,0.0145313730832209
OG1301,0.00501625717885429
OG1302,0.00228022454933688
OG907,0.00356994290051504
OG954,0.00472573159862757
OG1305,0.0256768861741665
OG1306,0.0415773298971648
OG1307,0.0273745626227331
OG364,0.0103241516395282
OG1310,0.0218501138515877
OG1311,0.0372690861941716
OG303,0.111895995002964
OG690,0.00844223226663778
OG4453,0.0253775238369551
OG1314,0.014854778469143
OG1137,0.0310585796178862
OG1316,0.0114084655208041
OG1317,0.00831282312847206
OG888,0.00522419546183919
OG1319,0.0116336818171285
OG923,0.000358684508807278
OG308,0.00016451786790752
OG1298,0.00595721011199759
OG473,0.010800172688432
OG1290,0.39786525546874
OG1274,1.31035204996432
OG476,0.140728433069634
OG478,0.0387328933218503
OG1259,0.010124247804249
OG875,0.107749948474985
OG1226,0.0432088382334532
OG5095,0
OG1213,0.000229158053113932
OG3046,0.0784955789906275
OG3045,0.0320624040990538
OG1198,0.0591852768301811
OG1185,0.0666996702774052
OG1178,0.115046018469588
OG1175,0.0192672742650304
OG486,0.0125931558419542
OG1168,0.0152357232459715
OG1166,0.00970868524036112
OG487,0.0150235106248329
OG1024,0.165948339531069
OG1162,0.0598977793478821
OG1026,0.0562028417620452
OG505,0.0204496734639809
OG506,0.0292802425925967
OG519,0.0486972961454427
OG1167,0.00922070421735631
OG4426,0.00124794445958743
OG1169,0.0378189381014329
OG1170,0.0610425214951562
OG524,0.0513106057457549
OG525,0.107202033835234
OG1173,0.0161610039318395
OG526,0.00918525854386544
OG530,0.0244412344134996
OG1581,0.107212589389343
OG362,0.00108289097168729
OG1116,0.000501375729142978
OG1118,0.0146253812964051
OG1874,0.00589335738842094
OG4300,0.00201929467849928
OG1654,0.00619596637027601
OG902,0.0131565764331914
OG1648,0.0361105468857435
OG1818,0.0123287357439013
OG1643,0.0146095985919215
OG440,0.0570690307924873
OG1631,0.0196092329352102
OG438,0.0677757086900013
OG945,0.0713970458611455
OG436,0.0280501141819907
OG1630,0.0921685403846809
OG434,0.0575966473107643
OG811,0.0174553220109633
OG824,0
OG1629,0.634189539046069
OG1624,0.702645416438747
OG1618,0.0167244967993485
OG844,0.0353504867091769
OG1613,0.142337788776432
OG1612,0.0597931981531149
OG1611,0.0221095948525134
OG424,0.026424137439442
OG1608,0.0100956786845258
OG422,0.0225046408359476
OG421,0.000931369435380093
OG1605,0.0199621281298038
OG416,0.0175210295323582
OG415,0.0300679067424998
OG414,0.0213364460252773
OG1602,1.05292070666864
OG1035,0.0753949686212497
OG1599,0.017105165648625
OG408,0.0179356182838121
OG1596,0.00324705080982702
OG1594,0.0263022922073921
OG1106,0.0410298515221667
OG1034,0.000356325891623348
OG1584,0.00349740033893779
OG4461,0.00160355219395291
OG2104,0.0387311434601232
OG401,0.0379751859149534
OG1582,0.123335549100659
OG1580,0.00537415339395411
OG898,0.0505477874053042
OG1686,0.0631168474188236
OG344,0.050134019753411
OG1685,0.200337149152908
OG345,0.00605143719453672
OG1772,0.00218786348426723
OG4403,0.00295917551138336
OG829,0.00136238502629675
OG469,0.00242955870543634
OG278,0.0176973748964427
OG351,0.080298260357953
OG1012,0.00238424021417461
OG465,0.0770923883070788
OG1004,0.025731587468771
OG463,0.0292013692775663
OG462,0.0129314907827198
OG1102,0.0253993761351257
OG1674,0.0557012596116032
OG4491,0.0552226370787462
OG1670,0.0997085395811048
OG456,0.00487947953046699
OG2314,0.00105377105331379
OG1661,0.107687752962324
OG1660,0.0298155483710691
OG196,0.00216905829446135
OG453,0.00162923136886905
OG1655,0.00226674124566067
OG685,0.0251623498586952
OG1535,0.00774470389318258
OG1536,0.137643395259652
OG683,0.0258363554996464
OG681,0.0236509241361096
OG680,0.00809759778210938
OG1540,0.996614229676873
OG2562,0.00464623163530788
OG5096,0.0329708800489543
OG5097,0.00873802065148894
OG50,0.0246822563035534
OG5098,0.0156735721798513
OG2898,0
OG1785,0
OG70,0.000690975045211582
OG982,0.000235624480466281
OG111,0.000561417224234411
OG78,0.000955413188660752
OG869,0
OG83,0.000906833835419088
OG120,0.00166463353025475
OG2564,0.0025976911943694
OG2565,0.00663075582580293
OG2275,0.00175147042222814
OG2274,0.000736130047989319
OG4452,0.00235497705350683
OG2566,0
OG140,0.000382502827886852
OG4323,0.000934073706001977
OG3607,0.0045536870912191
OG385,0.01272593988926
OG393,0.038947138724059
OG1440,0.0606277806885011
OG1434,0.0154351600205008
OG1387,0.0583204626761225
OG1041,0.231992143727092
OG447,0.054434452578448
OG1385,0.248222239467876
OG5099,0.00418272356687571
OG5100,0.00818721804341183
OG5101,0.0919791360445511
OG5102,0.0271473737926296
OG5103,0.0563954045543988
OG129,0
OG1334,0.105784167675294
OG1331,0.0463155614189212
OG710,0.0501638378862022
OG1330,0.0176169198618745
OG1329,0.0667490102351219
OG1328,0.0028049968550278
OG2209,0.0516408445105334
OG2567,0
OG2568,0.149908727956319
OG2569,0.000420947613391117
OG696,0.00777531211903698
OG1327,0.0287578695819571
OG5104,0.0230262069425664
OG5105,0.0521318464763699
OG657,0.0175528198005205
OG1324,0.0217551512277101
OG1321,0.0231567070459851
OG2334,0.000705895081093191
OG2570,0.00143586711602967
OG2333,0.000568523771376618
OG2332,6.93823717657281e-05
OG2331,0
OG615,0.00481913104453436
OG1318,0.0792299693250206
OG1313,0.0412662197286318
OG950,0.00344997690071005
OG1086,0.000259868519704364
OG2674,0.00220382074558526
OG2739,0.00238633173236421
OG991,0.000713249701338356
OG993,0.00169342581473163
OG1051,0.000900104472627415
OG965,0.0026598570945748
OG2821,1.08031117841605
OG5106,0.00619231948199888
OG1048,0.00123399052475164
OG1031,0.00158839190350852
OG4361,0.00289458455194909
OG4501,0.00223529967451069
OG5107,0.0330494191259079
OG2910,0.0191422601374741
OG94,0.0249585309182853
OG2571,0.0122151442155454
OG2801,0.0248023836162812
OG859,0.0433737529581679
OG4568,0.0435663928940688
OG1442,0.59263301489041
OG428,0.498367163176687
OG429,0.318189689969863
OG4357,0.102134804950102
OG430,0.0491580111648603
OG1402,0.0240312936897311
OG431,0.0245371696156501
OG331,0.0400853145198063
OG433,0.0262414042048004
OG1383,0.0567497522028176
OG1380,0.059949290921184
OG1377,0.344686317493913
OG914,0.063528938633313
OG1371,0.514299981130937
OG1370,0.297458005943075
OG437,0.00840557418265045
OG1007,0.0676956168898296
OG1078,0.0432189711708184
OG444,0.0362001086961591
OG124,0.0406463649846744
OG1357,1.55331103498754
OG218,0.00863868982863978
OG379,0.0352997547004183
OG1520,0.042779158372698
OG1552,0.0342234391259797
OG868,0.000914414093365618
OG1560,0.0117131933405953
OG1570,0.000588670402007177
OG1573,0.0439665750021649
OG1574,0.0591052632306245
OG1576,0.0264905578201126
OG1622,0.0556169714932385
OG1710,0.0156271793602091
OG1717,0.0218005890235887
OG903,0.00246896148270351
OG4374,0.000936141138806071
OG1364,0.0598646842569296
OG445,0.0212039257270089
OG446,0.0110745066514982
OG1361,0.0076188352074204
OG1344,0.674749255896287
OG1341,0.336682615126966
OG1333,0.801781266187117
OG451,0.0198304115593053
OG452,0.0157480304519838
OG457,0.0246396307071715
OG2355,0.00409850821064359
OG2354,0.000731704883596419
OG2572,0.00112168580357144
OG2470,0.000687600632636452
OG2469,0.000268840559553081
OG2468,0.00351050228325555
OG2467,0.0015367620565542
OG2573,0.00184320860419941
OG2466,0.00175388276753574
OG2283,0.0011494902098581
OG2284,0.00378924438561975
OG2465,0.00119209044528261
OG2464,0.00269613979828965
OG2463,0.00248061491458833
OG2124,5.78869830903321e-05
OG2125,0.00035870009364701
OG2126,0.00074688984747149
OG2795,0.000674361895401161
OG1083,0.000525809167893907
OG1090,0.000652980529430987
OG1057,0.000239778515161439
OG234,0.000501848787125626
OG1089,0.000684772704843348
OG1009,0.0166613886941686
OG1339,0.0296786165541919
OG864,0.00873691516794471
OG1111,0.0543370446625139
OG814,0.00527165764565218
OG4392,0.0279780139224396
OG2763,0.0123165107038898
OG774,0.00335808357065546
OG1133,0.00850728241148136
OG1332,0.0192840751226449
OG715,0.00110132021530151
OG2462,0.000326438567997044
OG2205,0.000371763069180133
OG359,0.000973531854302549
OG707,0.0138782813602204
OG706,0.00427586146687542
OG1013,1.54137921380483
OG237,0.0249132401386738
OG1135,0.0387139673688751
OG1322,0.0568673990424947
OG2215,0.0138413551471422
OG1077,0.137920505697739
OG821,0.0156154222435746
OG330,0.0325915747495141
OG532,0.0167501935210856
OG1267,0.275304022104642
OG1266,0.0568682001594521
OG2461,0.078583305439804
OG1265,0.0651809784543978
OG1264,0.0800566133355042
OG540,0.00428620948426359
OG542,0.0289857574107072
OG1262,0.0194091194377353
OG1261,1.09626141188821
OG544,0.0380993823619603
OG546,0.0107707694380015
OG1260,0.0979016234830715
OG804,0.0040492700663742
OG2701,0.00124963055099958
OG2717,0.000322393276324962
OG943,0.0013774396342994
OG320,0.00280361060075303
OG1072,0.00128896820730569
OG1646,0.0117933962116624
OG442,0.00577015752006454
OG892,0.00288521940173864
OG1131,0.00264698170177492
OG1821,0.000945752384259806
OG4378,0.000238464246902238
OG793,0.000951457099997757
OG175,0.000681554224227656
OG1112,0.00118483142150971
OG1619,0.07663878961531
OG2460,0.000168150218632235
OG1017,0.0498775563992759
OG1616,0.0337841172198298
OG427,0.0160668038225888
OG426,0.0134499072593422
OG785,0.0517142812875887
OG1609,0.0472539795609879
OG2459,0.000634494616488247
OG1704,0.0106733351204752
OG994,0.00480987541723198
OG485,0.00408542581352264
OG222,0.00589398391682088
OG221,0.00077202405628539
OG220,0
OG262,0.0135873818822462
OG970,0.0103964384178745
OG788,0.0196406167948203
OG477,0.0284492636002374
OG1701,0.00132303564286893
OG2458,0.00212037406577803
OG1700,0.0898480005004656
OG1699,0.203752595731848
OG1697,0.058511089132942
OG1691,0.0720733957191031
OG348,0.00281913714197715
OG2457,0.00561283268520267
OG2236,0.00127195075585728
OG2456,0.0221620750628697
OG1300,0.199890984530368
OG475,0.0102682728674409
OG1293,0.0699315391101072
OG1076,0.0352742123827703
OG1286,0.000473384909483778
OG1285,0.00054072557940227
OG472,0.0381282687748397
OG468,0.0277210079532803
OG467,0.0104253714331481
OG1284,0.0189026091930233
OG1283,0.00103870432495601
OG365,0.000872104425995201
OG2264,0
OG2814,0
OG12,0.000102091204169571
OG2289,0.000531879801358548
OG2311,0.000169479469372411
OG1043,0.000277213704568919
OG5108,5.60500728774117e-05
OG38,0.000333684201938278
OG60,0.000144163886576199
OG2151,0.000386152803721699
OG1279,0.00821227246377692
OG2574,0.000520395125492564
OG4474,0.000159669784389734
OG1276,0.0149052486526873
OG910,0.0343390426997434
OG384,0.0250115572289285
OG386,0.00894311829583451
OG1275,0.0221058840256185
OG1110,0.0794670636585306
OG488,0.00326042062138041
OG282,0.00322073618424119
OG491,0.011739952345999
OG1706,0.0502431561635619
OG1708,0.0305670376802579
OG908,0.0150429295949425
OG495,0.013714793545176
OG498,0.0343125052915768
OG499,0.0219783042201917
OG1712,0.0938470420346352
OG500,0.00158083822085246
OG501,0.00494316423714514
OG1739,0.00207036950436695
OG905,0.0157599174014659
OG886,0.00382926265372031
OG341,0.0114414579314154
OG1715,0.0381994784836073
OG1722,0.00259791898664891
OG845,0.00584429671619265
OG507,0.00126154615540282
OG1732,0.00728253706272638
OG4617,0.000187495023791602
OG2575,0
OG4584,9.19951737874628e-05
OG1598,0.0220651256796059
OG617,0.000794713376140844
OG1601,0.0013963184430585
OG882,0.00460235484819633
OG1079,0.00260651460456596
OG794,0.00123682852150025
OG608,0.00410469569398592
OG1606,0.00131032363716377
OG607,0.0390223578862137
OG606,0.0167474655552727
OG866,0.0395764012702843
OG1610,0.0380148405707755
OG2576,0.0113617746300292
OG604,0.0249824825970566
OG134,0.00678004108769204
OG4319,0.00565168859769264
OG1122,0.182785909615918
OG2577,0.00285030301946546
OG1615,0.056388779517035
OG601,0.025449452086815
OG100,0.0133990090757655
OG596,0.00183868276803377
OG1828,0.000208943419308478
OG1123,0.00305706161656437
OG595,0.0203631383613719
OG1125,0.00343645621524396
OG4520,6.13423544366523e-05
OG1826,0.000535565380951776
OG593,0.0115806360535406
OG591,0.0196316526256304
OG590,0.022914797141463
OG1055,0.00376340391948193
OG178,0.00033962363577689
OG157,6.17970252925219e-05
OG2216,8.36321656547385e-05
OG2578,0.367297091488125
OG2253,0.000318147145147412
OG2352,0.000267314502885084
OG5109,0.000218684158341255
OG2351,0.00449574442489237
OG2350,0
OG2349,0.00555251286465297
OG2348,0.00998110297934535
OG2347,0.00324432192299056
OG2346,0.000903539653256641
OG2345,0.00147383014516579
OG2344,0.00161757327816545
OG2343,0.00204980854303621
OG2342,0.00100254936693925
OG2341,0
OG2340,0.00010559732511219
OG2339,0.000110046488021515
OG2191,0.000138837634609098
OG2192,0.00100445549137992
OG2153,0.00299322136069386
OG893,0.00193255653499823
OG1404,0.0662529093364674
OG2338,0.0124002857042859
OG2040,0.00076324323045764
OG4341,0.000548881591102995
OG315,0.00163078846768839
OG1107,0.00163910592580521
OG113,0.0019346032082484
OG957,0.00677858294483707
OG236,0.0110292687099665
OG2337,0.000897582107424532
OG1159,0.0099120448215358
OG705,0.000205869336817908
OG704,0.000122390054994774
OG701,0.00363228452633939
OG360,0.00364033465830904
OG700,0.00439991802244324
OG699,0.00515555917634675
OG698,0.00460531054195283
OG694,0.00297368041261729
OG1325,0.0028194224102329
OG691,0.00381236064959757
OG4454,0.00315268798838233
OG2579,0.00920021569172674
OG1309,0.00870518974449338
OG672,0.00396283331432722
OG4399,0.00119308387422614
OG4289,0.000675149616911776
OG4405,0.000866063722336708
OG2580,0.000230051286747291
OG2581,0.000414870481839852
OG2582,0.000391862206306291
OG2583,0.000332544984978903
OG2336,0.000398432204524765
OG1138,0.0101056294188727
OG1139,0.0346406986761777
OG1140,0.0426197061255422
OG848,0.00805888427361759
OG159,8.85150164714602e-05
OG4548,0.00031662320400205
OG4393,0.000234678499499375
OG666,0.000141512560235049
OG1141,0.050630963290055
OG1142,0.0202059088429155
OG1295,0.00588815365039153
OG661,0.0233432619730048
OG651,0.0384876113037411
OG1294,0.000927034156171851
OG1292,0.00873981808875341
OG647,0.0184279745629762
OG646,0.0968107292301685
OG1291,0.0259589107089311
OG5110,0.0584273907574715
OG643,0.015996714866914
OG862,0.0119710220925502
OG1281,0.00372238554165342
OG90,0.00589488680685893
OG5111,0.0868929904366114
OG4291,0.0092085728303864
OG933,0.0812116219021081
OG2916,0.00463355056983247
OG5112,0.0166390348442603
OG168,0.00296337220341179
OG2737,0
OG4336,0.000829637645109527
OG127,0
OG1960,0.00372293271559782
OG1084,0.389663340143893
OG965,0.000397021349548333
OG974,0.000356316277756409
OG993,0.000177523232959497
OG991,0.000736063533824499
OG123,0.000524323514128363
OG953,0
OG1003,0
OG229,0.00151562949895231
OG201,0.00025256856803467
OG24,0.000367866781792725
OG2742,0.000364230365139376
OG5113,0.000764671627656561
OG4371,0.000522124412602855
OG860,0.000379257217940954
OG5114,0.0376216250482004
OG5115,0
OG5116,0.000486712396299599
OG5117,0.000765271522609331
OG5118,0.00150771275419682
OG2584,0.00157486422067878
OG2585,0.00141315279531457
OG5119,0
OG5120,0.00095938791573348
OG5121,0
OG1398,0.158192509115392
OG1395,0.2372668391037
OG409,0.00668512351839181
OG432,0.0147971093275684
OG441,0.0156149146996146
OG449,0.0146200665505529
OG1388,0.0177373211492182
OG1386,0.216099475878649
OG2095,0.176422155967142
OG2096,0.263243333744392
OG851,0.0133284792680039
OG1001,0.0170727137662763
OG518,0.00255159285364276
OG1384,0.0184656779584397
OG4366,0.0193299528588895
OG4621,0.0013834617951435
OG232,0.000264680899698889
OG4527,0.000997793663754632
OG1067,0.0075196334809927
OG1916,0.00446112103473974
OG2082,0.00429850113830694
OG4637,0.0014887252957129
OG5122,0.000722545723305386
OG2767,0.00884559493211511
OG5123,0.00588765579673599
OG2766,0.011655914678114
OG2765,0.00411264162507932
OG2764,0.00441633890549494
OG2085,0.259391891753009
OG2493,0.0256588080470841
OG2772,0.24407958112712
OG2090,0.677134944429347
OG2092,1.86129441603517
OG2773,3.50986047731035
OG2774,0.842910698775604
OG2097,0.96032644412787
OG2775,3.98898636045258
OG2098,0.597029937938171
OG2103,0.546888386425063
OG4583,0.186011610211442
OG917,2.33465275800654
OG4385,2.49779006051626
OG279,2.60763790656449
OG4307,0.54867102970426
OG4317,0.122542439858457
OG4377,0.0112692658182622
OG4347,0.000962399745120268
OG2586,0
OG4310,0.0651974945873724
OG4455,0.0188421860295151
OG2363,0.0148246291087836
OG4629,0.00173688544392572
OG1149,0.0274175106473657
OG1230,0.0129689187077972
OG598,0.0342603425611699
OG2799,0.00912097075557101
OG1233,0.0283691138377673
OG1234,0.0109256417465567
OG1235,0.0575274953250448
OG400,0.00670829656732775
OG1023,0.0209352901735808
OG1099,0.0182886756246264
OG361,0.0259636701770609
OG1476,0.601573117023181
OG1475,0.0223737928386938
OG286,0.00372178806229796
OG736,0.0149421720687809
OG738,0.000986457238919143
OG741,0.101865146662246
OG747,0.0284377783908022
OG1469,0.0250054820382561
OG1468,0.0234240815860868
OG1467,0.0330734656826389
OG1466,0.0833100808007747
OG4355,0.209010026532281
OG667,0.000837036839587162
OG664,0.00556750977071566
OG649,0.000307518222191609
OG4606,0.000785607410961094
OG1154,0.00355818083098303
OG1184,0.0776798408693323
OG2991,0.0535159201459095
OG1183,0.253080164821275
OG635,0.0271125495592042
OG630,0.0119527131909256
OG629,0.0189538779909587
OG2362,0.000670921382850697
OG5124,0.000178093221050088
OG5125,0.0016471498075352
OG1071,0.0134414207003643
OG3026,0.00282643104946505
OG628,0.00307958271579852
OG1161,0.0131405184514917
OG1160,0.0258455009056967
OG621,0.00553731304180911
OG1174,0.0077602631360365
OG352,0.000267740295016984
OG1104,0.000626830763765182
OG269,0.000384634499590299
OG335,0.000835332280236659
OG249,0.000438224046163729
OG319,0.0229424246818969
OG570,0.0142103141973665
OG568,0.0422065180970956
OG1650,0.00656838451706201
OG702,0.145564706772432
OG1514,0.0164692341410779
OG293,0.00842524241289042
OG841,0.0419039699590029
OG1517,0.0415405276058755
OG697,0.00778761063829016
OG334,0.0150570963620888
OG2173,0.00706955044904044
OG695,0.00354132127390419
OG2174,0.289463197726867
OG693,0.103595729130543
OG1524,0.166875233095709
OG1525,0.0708066234287536
OG1529,0.0586323856341085
OG1530,0.0684744403109141
OG1531,0.163657660556961
OG687,0.133307579501364
OG1532,0.148983378906938
OG1534,0.0443103831982221
OG684,0.0809542511401587
OG1537,0.11047370619831
OG682,0.0824381972200425
OG1538,0.105800844336581
OG1539,0.109208813561368
OG1541,0.0950894230192979
OG678,0.0823842710880004
OG1542,0.0773134388334377
OG1543,0.0574753591044494
OG1545,0.056878972829891
OG1546,0.121144649394549
OG1547,0.0104890897348895
OG1549,0.0152451712411683
OG4435,0.000187251550746223
OG195,9.50950601087356e-05
OG989,0.0313858997051184
OG1802,0.187278269541704
OG1801,0.178610384292367
OG4547,0.00644648955789893
OG132,0.00454416071014071
OG5126,0.0119988583179358
OG928,0.000237457628066784
OG2847,0
OG932,0
OG425,0.0255147667840138
OG1471,0.0618355016758149
OG420,0.0882336246087747
OG1494,0.466398048912993
OG419,0.0166417164670747
OG1500,0.0847298637780454
OG417,0.032287632722094
OG977,0.0226019944052429
OG1506,0.0777540921677102
OG412,0.000750663661909927
OG1555,0.26669017038068
OG2178,0.0042673174705517
OG5127,0.00584107433355761
OG4475,0.0125577183667709
OG339,0.0019679276355406
OG404,0.00155384045831406
OG268,0.00522611019091445
OG1229,0.0226932431370492
OG597,0.016218279285073
OG1231,0.326311203328974
OG963,0.303371434761432
OG602,0.173623459919016
OG835,0.183974954138583
OG603,0.00403438285396084
OG605,0.0922218023455588
OG610,0.121310833505116
OG1238,0.0500309432630864
OG1239,0.0019470637086051
OG613,0.0111641045519572
OG1241,1.3730264660105
OG1242,0.00705898088120285
OG616,0.0322670831391301
OG619,0.127156255714804
OG1245,0.138726421387752
OG1246,1.06705179500275
OG1247,0.0376691228251085
OG827,0.0110638705660471
OG1249,0.00323411777754445
OG2792,0.00967705913112121
OG842,0.0255357240887989
OG620,0.0181530622174909
OG1021,0.124535112566089
OG623,0.0200345437441273
OG1255,0.0801823002475435
OG626,0.00561925201953269
OG2177,0
OG2491,0.00032305281957923
OG5128,0
OG2817,0.000470031919649182
OG5129,0.000471370845243192
OG5130,0.000190291386875437
OG5131,0
OG5132,0.000928946281613534
OG5133,0.00011673337178073
OG5134,0.000321112980817278
OG5135,0.000484720417138218
OG5136,0.00898173790732324
OG5137,0.00523185535970037
OG5138,0.000316154027853009
OG5139,0
OG5140,0.000405554944271454
OG5141,0.000147687268739356
OG5142,0.00699565731325272
OG5143,0.000392893042873934
OG5144,0.000470854976344383
OG5145,0.000478092944465849
OG5146,0.00666187940582612
OG5147,0.0343899584047097
OG5148,0.00693143259950104
OG5149,0.0641212020200549
OG5150,0
OG5151,0.000533669919819424
OG5152,0.000181359099429111
OG5153,0.000696852787817804
OG5154,0.00037721932709254
OG5155,0.0195455511143499
OG5156,0
OG5157,0.018898065194294
OG5158,0.0105349419264843
OG5159,0.0202244328635393
OG5160,0.00658047518014751
OG5161,0.0100366436855788
OG5162,0.0039068116201787
OG5163,0.0190055048456929
OG5164,0.00809491545787907
OG5165,0.0130418652311755
OG5166,0.00314570307017936
OG5167,0.00577075836949921
OG5168,0.00620747640763077
OG5169,0.0145199556010748
OG5170,0.00473216761865001
OG5171,0.0140288871993722
OG5172,0.00514589196194034
OG5173,0.0182970569076053
OG5174,0.00505995729354137
OG5175,0.0170638501426219
OG5176,0.0242545715067364
OG5177,0.0150485028834415
OG5178,0.000236244108822149
OG5179,0
OG2811,0.000239504676584601
OG5180,0.000576516168437841
OG5181,0.00143063269706617
OG5182,0.0011587122991263
OG5183,0.000340304013898571
OG5184,0.00070884757626606
OG5185,0.000678553566739963
OG5186,0.000754135253850945
OG5187,0.000588613303286502
OG5188,0.00104364691306281
OG5189,0.0021524744876627
OG5190,0.00609448296250165
OG5191,0.000763058675493918
OG5192,0.00116090483377437
OG5193,0.000804597908038606
OG5194,0.000787829952225882
OG5195,0.000648007406705969
OG5196,0.00155269280913762
OG5197,0.000579023077016923
OG5198,0.0109523699699108
OG5199,0.00183176353338045
OG5200,0.0041984174065523
OG1289,0.158004635654267
OG1288,0.0251579437401788
OG1287,0.114619754719185
OG968,0.00193979062109968
OG5201,0.00192930220922441
OG107,0.00053597882189025
OG201,0
OG24,0.00567239556049036
OG1932,0.000981093266213872
OG4388,0.000207141573677391
OG2897,0
OG53,0.00211047703409773
OG4371,0.00188431524207228
OG46,0.0041373414550135
OG2920,0.00066413407081184
OG5202,0.000778700899935729
OG920,0.00473101842577417
OG1909,0.00138812697260521
OG1049,0.0412370248712223
OG951,0.0299307629555463
OG1073,0.00706340446206643
OG82,0.0079079891346573
OG187,0.0243289212262498
OG219,0
OG1657,0.125927892232026
OG563,0.0095791065451341
OG2375,0.0106955476693871
OG112,0.0117494766541657
OG1323,0.0129028408620981
OG4402,0.0209700795442391
OG233,0.00773798002767095
OG2376,0
OG1025,0.000567048321389127
OG2171,0.015850341919344
OG4396,0.016699369867745
OG5203,0.000201306599770986
OG5204,0.000866873641007895
OG5205,0.00731350891750442
OG2117,0.00318753987331657
OG4605,0.0158997740539919
OG2497,0.0185262953844235
OG2041,0.000944174841172071
OG2496,0.00537248100744314
OG2495,0.0546534018187863
OG2855,0.0183589219066988
OG5206,0.00562566588451611
OG2246,0.0224462562590233
OG2245,0.0399597952952294
OG2244,0.0482068073448846
OG2243,0.00339393986115539
OG1094,0.0320509648766475
OG2778,0.0053914571897283
OG1920,0.00207113661955024
OG4625,0.00150222532489081
OG2785,0
OG2848,0.00115837456123006
OG795,0.000603968314865516
OG2587,0
OG5207,0.000336277780351774
OG5208,0
OG5209,0
OG5210,0
OG2588,8.16065273810048e-05
OG2589,0
OG2590,0.000179898126546682
OG2591,9.22114102176774e-05
OG2592,4.64591011435013e-05
OG2593,0
OG2594,0
OG2595,0
OG2596,0
OG2597,0
OG2598,0
OG2599,0
OG2600,0
OG2601,3.32003915998606e-05
OG5211,8.07587544482797e-05
OG129,0
OG2602,0.0207468090873617
OG2603,0.0175305457597907
OG4317,0.00764150727559532
OG679,0.00554183665479682
OG677,0.00563592739160729
OG242,0.0105753903197118
OG302,0.000768281682366019
OG674,0.000550027103184127
OG208,0.000985707465610328
OG2315,0.00534764367705585
OG837,0.0790668990314043
OG671,0.00135018350377964
OG4406,0.0123099168376347
OG924,0.0754531411250745
OG313,0.125403001694533
OG665,0.010660591503516
OG663,0.0232871392381742
OG660,0.0319326208135414
OG656,0.00312426622825339
OG1558,0.0299782282670257
OG655,0.00779260976874418
OG654,0.00930999602743337
OG1561,0.0257658823076398
OG833,0.000963167438310294
OG1563,0.612873870062533
OG4463,0.00717196996242951
OG5212,0
OG1784,0
OG795,0.00102934668408954
OG5213,0.00257909111754501
OG972,0.00341178237585663
OG2919,0
OG992,0.129451025642093
OG4558,0.00750635797790363
OG263,0.00385358434456032
OG2492,0.00585409089428201
OG5214,0.000962633618313498
OG1915,0.00397046004611761
OG1914,0.000651155062877291
OG4600,0.0089911397852755
OG2940,0.000905908310705561
OG2932,0.0102238758615305
OG2922,0.0163483681630437
OG99,0.00743725100597254
OG4604,0.0047642080550834
OG2733,0.0241290582877348
OG4624,0.0058356059299472
OG1807,0.0478803353447797
OG1809,0.03323144150863
OG112,0.0010861611576127
OG5215,0
OG5216,0.000113886602260876
OG5217,0.0662279645421731
OG5218,0.0351704124001857
OG5219,0.0799961913863106
OG5220,0.0747684465743365
OG5221,0.0728218957528514
OG5222,0.0501544929900837
OG5223,0.0605540216115497
OG5224,0.107709685197746
OG5225,0.193053237737359
OG5226,0.086617004647477
OG5227,0.103182835146816
OG1000,0.0110915581261158
OG2810,0.0151969183718992
OG2809,0.00993132843297073
OG2808,0.00557692349149874
OG35,0.034232855258563
OG263,0.00160046441440338
OG2825,0.00955879413563923
OG2824,0.00623283008697948
OG4502,0.00802521774654368
OG2604,0.00116374549512056
OG4356,0.00238432246251523
OG2793,0.0876009118439661
OG971,0.0936180854340383
OG2813,0.00341656264862192
OG4620,0.0279298934775278
OG2856,0.083676118791553
OG2791,0.164889878233862
OG2790,0.161722132632851
OG2789,0.0855422003799202
OG2788,0.214438362148476
OG2787,0.0669809152200297
OG2786,0.0272468915870603
OG263,0.0266389243339022
OG4558,0.0312550744741713
OG992,0.0260856388581518
OG2777,0.0901561973616601
OG5228,0.00276341611596049
OG990,0.00136561533605618
OG210,0.0001905702477832
OG5,0
OG2606,0.000383625014878677
OG2607,0.000170901157183314
OG5229,0.000276564233372548
OG5230,0.0138033670927865
OG2729,0
OG2728,0.00156758243259375
OG2727,0.00118714078043637
OG2726,0.00218286950935582
OG2725,0.0011707484043198
OG2724,0.000822903849990532
OG2723,0.000802015866611166
OG2722,0.00215287073049773
OG5231,0.0010415710967239
OG2721,0.000528326937462373
OG2899,0.000180921121313164
OG2720,7.74368585150911e-05
OG2719,7.21856999178788e-05
OG2718,0.000306206093550129
OG218,0.251412507490643
OG188,9.40313722614473e-05
OG2673,2.62626971948289e-05
OG5232,0
OG2623,0.000163885640872698
OG2550,6.0562578744661e-05
OG2485,3.39639883665205e-05
OG2428,0
OG2419,0
OG2418,0
OG2415,0
OG2401,0
OG2380,0.000220292153633186
OG2353,8.45482120627321e-06
OG2806,0
OG1001,0.162082882862802
OG2912,0.105199640478815
OG5233,0.0605638214152551
OG2896,0.213843698848936
OG2895,0.0252478286237002
OG4626,0.0581454792538591
OG2503,0.701206651496835
OG2062,0.0190428925492982
OG4553,0.00760770573739901
OG1036,0.00248655926126871
OG5234,0.0122463476615296
OG29,0.0397013865893668
OG2875,0.0184469904405546
OG2876,0.0116967153089183
OG5235,5.96892969883292e-05
OG2608,0.00684260281143841
OG5236,0.00096495179332859
OG167,0.00711889114868189
OG4539,0.00268601008627773
OG4456,0.009810461434952
OG2609,0.0694739839579541
OG2610,0.0142738924086628
