Id,log2FoldChange.minus5614vsAll
OG0,-0.151
OG1,0.084
OG10,0.324
OG100,0.23399999999999999
OG1000,0.22899999999999998
OG1001,0.523
OG1002,0.753
OG1003,-5.254
OG1004,-0.036000000000000004
OG1005,0.40399999999999997
OG1006,-0.02
OG1007,0.20199999999999999
OG1008,0.214
OG1009,-0.5479999999999999
OG101,-0.581
OG1010,0.244
OG1011,0.046
OG1012,-0.838
OG1013,0.369
OG1014,0.122
OG1015,0.111
OG1016,-0.047
OG1017,-0.177
OG1018,-1.1320000000000001
OG1019,-0.07400000000000001
OG102,0.757
OG1020,0.052000000000000005
OG1021,-0.6609999999999999
OG1022,-1.249
OG1023,-0.107
OG1024,0.09
OG1025,-1.5619999999999998
OG1026,0.245
OG1027,-0.217
OG1028,0.028999999999999998
OG1029,2.031
OG103,0.457
OG1030,0.995
OG1031,0.5920000000000001
OG1032,-2.74
OG1033,0.063
OG1034,-2.097
OG1035,0.552
OG1036,-0.467
OG1037,-3.81
OG1038,-1.0390000000000001
OG1039,-0.313
OG104,0.095
OG1040,0.22699999999999998
OG1041,-0.08
OG1042,-0.58
OG1043,-1.15
OG1044,-2.13
OG1045,0.0
OG1046,-4.5360000000000005
OG1047,0.21600000000000003
OG1048,-0.217
OG1049,0.366
OG105,-1.629
OG1050,-3.924
OG1051,1.651
OG1052,-4.948
OG1053,1.104
OG1054,0.272
OG1055,-0.062
OG1056,0.731
OG1057,-0.063
OG1058,0.0
OG1059,0.619
OG106,-0.01
OG1060,-0.488
OG1061,-0.585
OG1062,-0.218
OG1063,0.135
OG1064,-0.264
OG1065,0.456
OG1066,-2.3890000000000002
OG1067,0.032
OG1068,0.561
OG1069,-0.43200000000000005
OG107,0.065
OG1070,0.522
OG1071,0.8009999999999999
OG1072,-0.26899999999999996
OG1073,0.366
OG1074,0.8759999999999999
OG1075,-0.133
OG1076,0.064
OG1077,0.22
OG1078,0.74
OG1079,-0.374
OG108,0.573
OG1080,-5.563
OG1081,0.03
OG1082,-0.106
OG1083,0.034
OG1084,-1.112
OG1085,-0.389
OG1086,1.966
OG1087,-0.21600000000000003
OG1088,-0.303
OG1089,-0.096
OG109,-2.4090000000000003
OG1090,-0.287
OG1091,-2.479
OG1092,0.192
OG1093,0.049
OG1094,0.24100000000000002
OG1095,0.22699999999999998
OG1096,-0.201
OG1097,-0.253
OG1098,0.067
OG1099,0.261
OG11,-2.283
OG110,0.174
OG1100,0.33299999999999996
OG1101,0.68
OG1102,-0.363
OG1103,0.608
OG1104,-1.143
OG1105,0.331
OG1106,-0.736
OG1107,-0.46399999999999997
OG1108,-0.36200000000000004
OG1109,-1.653
OG111,0.61
OG1110,0.66
OG1111,0.287
OG1112,0.35200000000000004
OG1113,-0.209
OG1114,-0.069
OG1115,-1.287
OG1116,-0.61
OG1117,0.3
OG1118,0.341
OG1119,-0.259
OG112,0.358
OG1120,-0.675
OG1121,0.084
OG1122,0.09
OG1123,0.52
OG1124,0.07400000000000001
OG1125,0.075
OG1126,-0.17
OG1127,0.337
OG1128,0.41100000000000003
OG1129,-0.413
OG113,-0.221
OG1130,0.226
OG1131,0.109
OG1132,0.138
OG1133,-0.726
OG1134,-0.589
OG1135,0.214
OG1136,0.218
OG1137,0.17800000000000002
OG1138,-0.308
OG1139,0.507
OG114,-0.17300000000000001
OG1140,0.611
OG1141,-0.024
OG1142,-0.883
OG1143,0.091
OG1144,0.281
OG1145,0.309
OG1146,0.526
OG1147,0.22399999999999998
OG1148,-0.515
OG1149,-0.11900000000000001
OG115,-1.3090000000000002
OG1150,-0.165
OG1151,0.39899999999999997
OG1152,0.318
OG1153,1.081
OG1154,-0.28600000000000003
OG1155,0.654
OG1156,0.821
OG1157,0.785
OG1158,-0.46399999999999997
OG1159,-0.998
OG116,0.983
OG1160,0.14300000000000002
OG1161,0.04
OG1162,0.278
OG1163,-0.051
OG1164,-0.33799999999999997
OG1165,-0.077
OG1166,0.315
OG1167,0.486
OG1168,-0.11900000000000001
OG1169,-0.22
OG117,-1.351
OG1170,0.26899999999999996
OG1171,-0.48100000000000004
OG1172,-0.19
OG1173,0.226
OG1174,0.35700000000000004
OG1175,0.001
OG1176,0.14800000000000002
OG1177,-0.086
OG1178,-0.35
OG1179,0.05
OG118,0.233
OG1180,-0.214
OG1181,0.018000000000000002
OG1182,-0.077
OG1183,0.14800000000000002
OG1184,0.139
OG1185,-0.46799999999999997
OG1186,0.203
OG1187,0.35700000000000004
OG1188,0.223
OG1189,0.535
OG119,0.562
OG1190,-0.25
OG1191,0.233
OG1192,0.59
OG1193,0.165
OG1194,-0.036000000000000004
OG1195,-0.293
OG1196,0.9009999999999999
OG1197,1.2409999999999999
OG1198,-0.264
OG1199,0.9079999999999999
OG12,-1.232
OG120,0.212
OG1200,0.153
OG1201,0.311
OG1202,0.20199999999999999
OG1203,0.10099999999999999
OG1204,0.105
OG1205,0.138
OG1206,0.045
OG1207,-0.6990000000000001
OG1208,0.25
OG1209,-0.054000000000000006
OG121,-0.32799999999999996
OG1210,-0.415
OG1211,0.599
OG1212,-0.6679999999999999
OG1213,-1.3619999999999999
OG1214,-0.52
OG1215,-0.017
OG1216,0.191
OG1217,0.502
OG1218,-0.077
OG1219,0.297
OG122,0.9059999999999999
OG1220,0.765
OG1221,0.39299999999999996
OG1222,0.46799999999999997
OG1223,-0.22899999999999998
OG1224,0.002
OG1225,-0.17
OG1226,0.449
OG1227,0.069
OG1228,0.065
OG1229,-0.20800000000000002
OG123,-3.2680000000000002
OG1230,-0.327
OG1231,0.18
OG1232,-0.201
OG1233,0.155
OG1234,0.253
OG1235,0.397
OG1236,0.11900000000000001
OG1237,0.478
OG1238,0.032
OG1239,0.255
OG124,-0.5670000000000001
OG1240,0.32799999999999996
OG1241,0.175
OG1242,0.23
OG1243,0.324
OG1244,0.33
OG1245,-0.059000000000000004
OG1246,0.16399999999999998
OG1247,0.368
OG1248,0.284
OG1249,-0.16399999999999998
OG125,-1.736
OG1250,-0.573
OG1251,-0.16
OG1252,-0.057
OG1253,-0.498
OG1254,0.33
OG1255,0.644
OG1256,-0.376
OG1257,0.19399999999999998
OG1258,0.33399999999999996
OG1259,0.371
OG126,-3.958
OG1260,0.331
OG1261,0.391
OG1262,-0.381
OG1263,-0.025
OG1264,0.221
OG1265,0.43200000000000005
OG1266,0.40399999999999997
OG1267,-0.145
OG1268,0.374
OG1269,-0.037000000000000005
OG127,-6.928
OG1270,-0.284
OG1271,0.41100000000000003
OG1272,0.166
OG1273,-0.284
OG1274,-0.18100000000000002
OG1275,0.16399999999999998
OG1276,0.303
OG1277,0.35700000000000004
OG1278,0.473
OG1279,0.258
OG128,-0.16399999999999998
OG1280,0.256
OG1281,-0.33299999999999996
OG1282,-0.325
OG1283,0.682
OG1284,0.207
OG1285,0.313
OG1286,0.14800000000000002
OG1287,0.18899999999999997
OG1288,-0.29
OG1289,0.271
OG129,0.255
OG1290,0.156
OG1291,-0.193
OG1292,-0.08800000000000001
OG1293,0.12300000000000001
OG1294,-0.5
OG1295,-0.385
OG1296,-0.14
OG1297,-0.111
OG1298,0.535
OG1299,-0.373
OG13,
OG130,-0.20800000000000002
OG1300,1.248
OG1301,-0.005
OG1302,0.098
OG1303,-0.113
OG1304,0.172
OG1305,-2.0140000000000002
OG1306,-1.974
OG1307,-1.933
OG1308,0.062
OG1309,0.057
OG131,-0.8959999999999999
OG1310,-1.5490000000000002
OG1311,-1.194
OG1312,0.363
OG1313,0.177
OG1314,0.14800000000000002
OG1315,-0.185
OG1316,0.43200000000000005
OG1317,0.152
OG1318,0.011000000000000001
OG1319,0.314
OG132,0.535
OG1320,-0.037000000000000005
OG1321,0.14800000000000002
OG1322,0.015
OG1323,0.27899999999999997
OG1324,0.207
OG1325,-0.26899999999999996
OG1326,0.58
OG1327,0.038
OG1328,-0.214
OG1329,0.35600000000000004
OG133,0.6509999999999999
OG1330,0.135
OG1331,0.409
OG1332,-0.551
OG1333,0.141
OG1334,0.168
OG1335,-0.19
OG1336,-0.013999999999999999
OG1337,0.354
OG1338,-0.479
OG1339,-0.935
OG134,-0.18100000000000002
OG1340,0.431
OG1341,0.521
OG1342,0.358
OG1343,0.392
OG1344,0.268
OG1345,0.125
OG1346,-0.276
OG1347,0.14800000000000002
OG1348,0.214
OG1349,0.124
OG135,-0.48
OG1350,0.16899999999999998
OG1351,-0.423
OG1352,0.017
OG1353,0.418
OG1354,0.23800000000000002
OG1355,0.478
OG1356,0.205
OG1357,-0.06
OG1358,-0.095
OG1359,0.06
OG136,-1.308
OG1360,-0.235
OG1361,0.083
OG1362,0.927
OG1363,0.207
OG1364,-0.248
OG1365,-0.316
OG1366,0.509
OG1367,0.38
OG1368,0.675
OG1369,0.132
OG137,-3.858
OG1370,0.044000000000000004
OG1371,-0.069
OG1372,-0.5579999999999999
OG1373,-0.091
OG1374,-0.155
OG1375,-0.65
OG1376,-0.017
OG1377,0.203
OG1378,0.309
OG1379,0.145
OG138,0.023
OG1380,0.33
OG1381,-2.1830000000000003
OG1382,-1.965
OG1383,0.449
OG1384,0.133
OG1385,-0.31
OG1386,0.506
OG1387,0.268
OG1388,0.04
OG1389,0.402
OG139,0.7090000000000001
OG1390,-0.045
OG1391,-0.35200000000000004
OG1392,0.035
OG1393,0.375
OG1394,0.311
OG1395,0.46299999999999997
OG1396,0.24
OG1397,-0.19899999999999998
OG1398,0.466
OG1399,0.544
OG14,0.623
OG140,0.36700000000000005
OG1400,0.156
OG1401,0.564
OG1402,-0.406
OG1403,0.368
OG1404,0.44299999999999995
OG1405,0.322
OG1406,0.254
OG1407,0.125
OG1408,0.10800000000000001
OG1409,0.341
OG141,-1.1440000000000001
OG1410,-0.779
OG1411,0.314
OG1412,-0.099
OG1413,0.175
OG1414,-0.19699999999999998
OG1415,0.34700000000000003
OG1416,0.47
OG1417,0.496
OG1418,0.35200000000000004
OG1419,-0.611
OG142,0.086
OG1420,0.258
OG1421,-0.069
OG1422,0.57
OG1423,0.452
OG1424,0.409
OG1425,0.387
OG1426,0.293
OG1427,-0.066
OG1428,0.322
OG1429,-0.266
OG143,
OG1430,0.10099999999999999
OG1431,0.221
OG1432,0.7490000000000001
OG1433,0.22899999999999998
OG1434,0.315
OG1435,0.22699999999999998
OG1436,0.455
OG1437,-0.154
OG1438,0.322
OG1439,0.769
OG144,-1.105
OG1440,0.995
OG1441,-0.12
OG1442,-0.489
OG1443,0.139
OG1444,0.46799999999999997
OG1445,0.384
OG1446,0.42100000000000004
OG1447,0.09699999999999999
OG1448,0.648
OG1449,-1.109
OG145,-5.202000000000001
OG1450,-0.14400000000000002
OG1451,0.0
OG1452,0.057999999999999996
OG1453,-0.096
OG1454,-0.301
OG1455,-0.33899999999999997
OG1456,0.368
OG1457,0.292
OG1458,0.14400000000000002
OG1459,0.452
OG146,0.655
OG1460,0.048
OG1461,-0.11
OG1462,0.11900000000000001
OG1463,0.41200000000000003
OG1464,0.441
OG1465,0.293
OG1466,0.49700000000000005
OG1467,0.36700000000000005
OG1468,0.105
OG1469,-1.337
OG147,-0.036000000000000004
OG1470,0.341
OG1471,0.396
OG1472,0.059000000000000004
OG1473,-2.7680000000000002
OG1474,-0.028999999999999998
OG1475,0.033
OG1476,0.479
OG1477,0.39299999999999996
OG1478,0.154
OG1479,0.696
OG148,-1.351
OG1480,-0.633
OG1481,0.124
OG1482,0.331
OG1483,0.07200000000000001
OG1484,0.115
OG1485,0.44799999999999995
OG1486,-0.305
OG1487,0.391
OG1488,-0.109
OG1489,0.496
OG149,-1.913
OG1490,0.43700000000000006
OG1491,-1.45
OG1492,0.218
OG1493,0.098
OG1494,0.606
OG1495,0.27
OG1496,-0.802
OG1497,-0.498
OG1498,-0.862
OG1499,-0.11900000000000001
OG15,0.256
OG150,0.0
OG1500,0.445
OG1501,-0.674
OG1502,-0.161
OG1503,-0.897
OG1504,-0.272
OG1505,0.002
OG1506,0.325
OG1507,0.11199999999999999
OG1508,-0.15
OG1509,0.142
OG151,0.408
OG1510,-0.6920000000000001
OG1511,0.201
OG1512,-0.086
OG1513,0.129
OG1514,0.13
OG1515,0.188
OG1516,0.518
OG1517,-0.115
OG1518,0.23
OG1519,-0.9470000000000001
OG152,1.041
OG1520,0.122
OG1521,0.14
OG1522,-0.46299999999999997
OG1523,0.32799999999999996
OG1524,0.315
OG1525,0.115
OG1526,0.8370000000000001
OG1527,-0.431
OG1528,-0.562
OG1529,0.14400000000000002
OG153,-1.351
OG1530,0.042
OG1531,0.075
OG1532,0.13699999999999998
OG1533,-0.099
OG1534,-0.304
OG1535,-0.32799999999999996
OG1536,-0.33899999999999997
OG1537,-0.128
OG1538,0.614
OG1539,0.228
OG154,-0.011000000000000001
OG1540,0.275
OG1541,0.342
OG1542,0.142
OG1543,-0.028999999999999998
OG1544,-0.389
OG1545,0.196
OG1546,0.568
OG1547,0.526
OG1548,0.105
OG1549,0.48700000000000004
OG155,0.29
OG1550,0.366
OG1551,0.514
OG1552,-0.028999999999999998
OG1553,1.2329999999999999
OG1554,0.21600000000000003
OG1555,-0.187
OG1556,-0.40700000000000003
OG1557,0.248
OG1558,0.026000000000000002
OG1559,-0.157
OG156,-3.6510000000000002
OG1560,-0.067
OG1561,-0.302
OG1562,0.981
OG1563,0.42700000000000005
OG1564,0.36200000000000004
OG1565,-0.008
OG1566,-0.293
OG1567,0.218
OG1568,0.10300000000000001
OG1569,0.634
OG157,-0.273
OG1570,-0.094
OG1571,-0.171
OG1572,0.37200000000000005
OG1573,0.032
OG1574,0.111
OG1575,0.648
OG1576,0.07400000000000001
OG1577,0.254
OG1578,0.292
OG1579,0.099
OG158,0.127
OG1580,-0.7
OG1581,0.17600000000000002
OG1582,0.011000000000000001
OG1583,0.098
OG1584,0.18899999999999997
OG1585,-0.142
OG1586,-0.05
OG1587,-0.20800000000000002
OG1588,0.106
OG1589,-0.6579999999999999
OG159,-3.866
OG1590,0.634
OG1591,0.496
OG1592,0.268
OG1593,-0.046
OG1594,-0.16
OG1595,0.525
OG1596,-0.7829999999999999
OG1597,0.09
OG1598,0.21100000000000002
OG1599,0.145
OG16,0.42700000000000005
OG160,-0.81
OG1600,-0.045
OG1601,0.139
OG1602,-0.7020000000000001
OG1603,0.155
OG1604,-0.309
OG1605,0.444
OG1606,-2.241
OG1607,-0.48
OG1608,0.26899999999999996
OG1609,-0.198
OG161,-0.94
OG1610,0.8029999999999999
OG1611,0.19399999999999998
OG1612,0.275
OG1613,0.27399999999999997
OG1614,-0.255
OG1615,0.687
OG1616,-0.036000000000000004
OG1617,1.234
OG1618,0.6
OG1619,-0.057999999999999996
OG162,0.9229999999999999
OG1620,0.703
OG1621,0.055999999999999994
OG1622,-0.158
OG1623,-0.09699999999999999
OG1624,-0.213
OG1625,0.172
OG1626,0.069
OG1627,0.191
OG1628,0.248
OG1629,0.109
OG163,-1.14
OG1630,-0.177
OG1631,-0.48
OG1632,0.037000000000000005
OG1633,-0.966
OG1634,0.611
OG1635,-0.053
OG1636,0.305
OG1637,0.134
OG1638,0.084
OG1639,0.335
OG164,0.573
OG1640,0.134
OG1641,0.132
OG1642,0.128
OG1643,0.18899999999999997
OG1644,0.275
OG1645,0.10099999999999999
OG1646,0.588
OG1647,0.07
OG1648,0.851
OG1649,0.484
OG165,-1.121
OG1650,-1.2570000000000001
OG1651,0.336
OG1652,0.03
OG1653,0.08
OG1654,0.10400000000000001
OG1655,0.9129999999999999
OG1656,0.348
OG1657,0.14300000000000002
OG1658,0.285
OG1659,-0.27699999999999997
OG166,0.006999999999999999
OG1660,-0.757
OG1661,0.514
OG1662,-0.799
OG1663,0.631
OG1664,-0.40399999999999997
OG1665,-0.253
OG1666,-0.24
OG1667,-0.215
OG1668,-0.473
OG1669,-0.311
OG167,-0.311
OG1670,0.187
OG1671,-0.07200000000000001
OG1672,0.24600000000000002
OG1673,0.019
OG1674,-0.21100000000000002
OG1675,-0.358
OG1676,0.505
OG1677,0.033
OG1678,0.284
OG1679,-0.644
OG168,0.7959999999999999
OG1680,0.18899999999999997
OG1681,-0.789
OG1682,-0.723
OG1683,0.45799999999999996
OG1684,0.484
OG1685,0.075
OG1686,0.045
OG1687,-0.022000000000000002
OG1688,-0.015
OG1689,-0.054000000000000006
OG169,-0.615
OG1690,0.051
OG1691,0.861
OG1692,0.675
OG1693,0.29100000000000004
OG1694,-0.040999999999999995
OG1695,0.037000000000000005
OG1696,0.03
OG1697,1.047
OG1698,-0.039
OG1699,0.946
OG17,
OG170,0.62
OG1700,0.792
OG1701,-1.128
OG1702,-0.036000000000000004
OG1703,0.48
OG1704,-0.256
OG1705,0.451
OG1706,0.157
OG1707,0.122
OG1708,0.185
OG1709,0.295
OG171,-0.05
OG1710,-0.331
OG1711,0.41
OG1712,0.057999999999999996
OG1713,0.337
OG1714,0.17600000000000002
OG1715,-0.992
OG1716,0.243
OG1717,-0.10800000000000001
OG1718,0.096
OG1719,-0.467
OG172,-1.492
OG1720,-0.175
OG1721,0.33
OG1722,0.182
OG1723,0.183
OG1724,0.68
OG1725,0.415
OG1726,-0.161
OG1727,-0.45
OG1728,0.151
OG1729,-3.2889999999999997
OG173,-0.228
OG1730,-4.655
OG1731,-1.439
OG1732,-0.474
OG1733,0.512
OG1734,-0.07200000000000001
OG1735,-0.392
OG1736,-0.46
OG1737,0.48200000000000004
OG1738,0.505
OG1739,-1.3419999999999999
OG174,-2.9760000000000004
OG1740,0.36700000000000005
OG1741,-0.217
OG1742,-0.887
OG1743,0.27399999999999997
OG1744,0.429
OG1745,0.35700000000000004
OG1746,0.799
OG1747,-1.8730000000000002
OG1748,-1.124
OG1749,0.141
OG175,0.24600000000000002
OG1750,0.914
OG1751,-3.125
OG1752,-1.8
OG1753,-1.517
OG1754,0.33299999999999996
OG1755,0.433
OG1756,0.192
OG1757,0.14
OG1758,0.147
OG1759,0.098
OG176,-0.035
OG1760,-0.747
OG1761,-0.20600000000000002
OG1762,0.875
OG1763,-3.3169999999999997
OG1764,0.924
OG1765,1.365
OG1766,-3.193
OG1767,-1.146
OG1768,-0.664
OG1769,-0.303
OG177,0.071
OG1770,-3.657
OG1771,0.848
OG1772,-0.815
OG1773,0.32299999999999995
OG1774,-2.987
OG1775,-0.24600000000000002
OG1776,-3.3110000000000004
OG1777,-0.546
OG1778,-0.821
OG1779,0.429
OG178,0.121
OG1780,-3.446
OG1781,0.361
OG1782,-3.3169999999999997
OG1783,
OG1784,-1.351
OG1785,2.2769999999999997
OG1786,0.904
OG1787,-2.3480000000000003
OG1788,-2.261
OG1789,-0.158
OG179,0.115
OG1790,0.361
OG1791,-4.104
OG1792,-1.915
OG1793,-3.8089999999999997
OG1794,-2.637
OG1795,0.099
OG1796,-0.069
OG1797,0.6509999999999999
OG1798,-1.026
OG1799,0.055
OG18,-1.723
OG180,0.0
OG1800,-4.148
OG1801,0.598
OG1802,0.61
OG1803,0.7909999999999999
OG1804,-5.122999999999999
OG1805,0.857
OG1806,-1.351
OG1807,-0.275
OG1808,-0.21
OG1809,-0.341
OG181,-0.46799999999999997
OG1810,0.29600000000000004
OG1811,-2.8989999999999996
OG1812,-0.195
OG1813,1.986
OG1814,-1.306
OG1815,-0.207
OG1816,-3.5010000000000003
OG1817,-3.7569999999999997
OG1818,0.603
OG1819,0.466
OG182,-3.5439999999999996
OG1820,0.742
OG1821,0.18100000000000002
OG1822,-2.6460000000000004
OG1823,-2.542
OG1824,-1.86
OG1825,-0.9159999999999999
OG1826,-0.04
OG1827,-3.267
OG1828,-0.348
OG1829,-4.511
OG183,-5.157
OG1830,-1.639
OG1831,-1.219
OG1832,0.614
OG1833,0.597
OG1834,-0.025
OG1835,-2.7689999999999997
OG1836,-1.391
OG1837,-0.6579999999999999
OG1838,-6.445
OG1839,-2.938
OG184,-0.047
OG1840,-1.351
OG1841,-4.276
OG1842,-4.651
OG1843,-4.965
OG1844,-1.123
OG1845,0.0
OG1846,-1.042
OG1847,-0.21899999999999997
OG1848,0.444
OG1849,-9.125
OG185,-0.305
OG1850,-2.775
OG1851,-0.721
OG1852,-4.367
OG1853,-3.801
OG1854,-2.046
OG1855,-1.195
OG1856,-3.3539999999999996
OG1857,0.0
OG1858,-5.336
OG1859,-8.163
OG186,0.064
OG1860,-4.4030000000000005
OG1861,-1.7730000000000001
OG1862,-0.212
OG1863,0.532
OG1864,-0.429
OG1865,-0.042
OG1866,-1.46
OG1867,0.49200000000000005
OG1868,0.162
OG1869,0.0
OG187,-0.348
OG1870,0.0
OG1871,-0.35700000000000004
OG1872,-0.447
OG1873,0.573
OG1874,0.179
OG1875,-0.342
OG1876,-0.9990000000000001
OG1877,-0.8420000000000001
OG1878,-0.275
OG1879,0.307
OG188,1.5030000000000001
OG1880,0.44
OG1881,-0.063
OG1882,
OG1883,0.0
OG1884,-5.872999999999999
OG1885,-2.821
OG1886,-3.305
OG1887,0.196
OG1888,0.0
OG1889,-3.679
OG189,0.589
OG1890,-1.777
OG1891,-2.988
OG1892,-8.611
OG1893,-1.595
OG1894,-1.673
OG1895,-4.1739999999999995
OG1896,-2.07
OG1897,-0.46
OG1898,-2.932
OG1899,-1.0859999999999999
OG19,-0.307
OG190,0.369
OG1900,-0.45399999999999996
OG1901,0.326
OG1902,-1.929
OG1903,0.11900000000000001
OG1904,-0.07200000000000001
OG1905,-2.98
OG1906,0.0
OG1907,0.573
OG1908,-1.351
OG1909,0.21
OG191,-0.285
OG1910,2.454
OG1911,-0.5539999999999999
OG1912,
OG1913,-0.627
OG1914,-0.415
OG1915,-0.134
OG1916,0.44299999999999995
OG1917,-0.184
OG1918,-0.6829999999999999
OG1919,-3.477
OG192,-0.698
OG1920,-0.08800000000000001
OG1921,-2.483
OG1922,-1.581
OG1923,-5.824
OG1924,-5.087
OG1925,-6.007000000000001
OG1926,-0.358
OG1927,-1.74
OG1928,-2.253
OG1929,-3.205
OG193,1.946
OG1930,0.0
OG1931,-5.848
OG1932,-0.414
OG1933,-5.205
OG1934,-2.888
OG1935,-1.714
OG1936,-0.095
OG1937,-1.185
OG1938,-3.503
OG1939,-0.22899999999999998
OG194,-1.716
OG1940,-6.072
OG1941,-4.27
OG1942,
OG1943,0.573
OG1944,
OG1945,-1.351
OG1946,-3.8560000000000003
OG1947,
OG1948,
OG1949,
OG195,-0.899
OG1950,
OG1951,
OG1952,0.0
OG1953,
OG1954,-3.8480000000000003
OG1955,-1.228
OG1956,-3.3080000000000003
OG1957,-3.136
OG1958,-3.135
OG1959,0.573
OG196,1.295
OG1960,1.0959999999999999
OG1961,-2.8680000000000003
OG1962,-6.886
OG1963,-1.351
OG1964,-0.41700000000000004
OG1965,
OG1966,-0.011000000000000001
OG1967,1.3719999999999999
OG1968,1.531
OG1969,-1.351
OG197,-0.544
OG1970,0.33399999999999996
OG1971,-1.462
OG1972,-0.821
OG1973,-0.396
OG1974,-1.069
OG1975,0.242
OG1976,-0.42200000000000004
OG1977,1.716
OG1978,0.172
OG1979,1.226
OG198,
OG1980,-1.455
OG1981,-5.202000000000001
OG1982,-4.885
OG1983,-3.343
OG1984,-0.605
OG1985,-1.28
OG1986,-4.791
OG1987,
OG1988,0.221
OG1989,-3.747
OG199,-2.046
OG1990,1.564
OG1991,-6.857
OG1992,
OG1993,
OG1994,-0.225
OG1995,0.0
OG1996,
OG1997,
OG1998,-1.1059999999999999
OG1999,-0.6970000000000001
OG2,-2.186
OG20,0.0
OG200,-0.237
OG2000,-2.73
OG2001,-3.33
OG2002,-4.52
OG2003,0.0
OG2004,0.0
OG2005,1.531
OG2006,0.0
OG2007,
OG2008,-0.057
OG2009,0.772
OG201,-1.054
OG2010,-4.4
OG2011,
OG2012,-4.107
OG2013,0.122
OG2014,-3.017
OG2015,-3.2560000000000002
OG2016,0.573
OG2017,0.27899999999999997
OG2018,0.764
OG2019,
OG202,1.9269999999999998
OG2020,0.573
OG2021,0.059000000000000004
OG2022,0.121
OG2023,0.55
OG2024,0.5660000000000001
OG2025,-1.361
OG2026,-0.389
OG2027,-1.351
OG2028,-0.7290000000000001
OG2029,0.149
OG203,-0.149
OG2030,0.032
OG2031,-1.117
OG2032,-4.811
OG2033,-3.681
OG2034,0.21600000000000003
OG2035,-3.3169999999999997
OG2036,-4.224
OG2037,0.28300000000000003
OG2038,0.397
OG2039,0.462
OG204,0.149
OG2040,-0.41200000000000003
OG2041,-0.807
OG2042,-1.765
OG2043,-1.105
OG2044,0.7390000000000001
OG2045,-2.8560000000000003
OG2046,-5.511
OG2047,-4.505
OG2048,0.385
OG2049,
OG205,0.396
OG2050,0.624
OG2051,-2.449
OG2052,-1.43
OG2053,0.092
OG2054,0.019
OG2055,-5.071000000000001
OG2056,-2.286
OG2057,-1.376
OG2058,-1.285
OG2059,-0.086
OG206,0.066
OG2060,0.182
OG2061,0.973
OG2062,-0.83
OG2063,0.627
OG2064,0.079
OG2065,0.608
OG2066,0.46
OG2067,-0.6970000000000001
OG2068,0.526
OG2069,0.349
OG207,0.034
OG2070,0.17600000000000002
OG2071,0.42700000000000005
OG2072,-1.6969999999999998
OG2073,0.402
OG2074,-1.6480000000000001
OG2075,-1.765
OG2076,-0.16699999999999998
OG2077,-1.351
OG2078,0.075
OG2079,-5.2379999999999995
OG208,-0.45399999999999996
OG2080,-5.181
OG2081,
OG2082,0.982
OG2083,-3.627
OG2084,-1.048
OG2085,0.9279999999999999
OG2086,-1.225
OG2087,0.586
OG2088,-0.315
OG2089,-4.316
OG209,0.19399999999999998
OG2090,0.22399999999999998
OG2091,0.519
OG2092,0.251
OG2093,0.135
OG2094,-0.37799999999999995
OG2095,-0.171
OG2096,0.248
OG2097,0.152
OG2098,0.155
OG2099,0.18600000000000003
OG21,0.166
OG210,-2.785
OG2100,0.363
OG2101,0.535
OG2102,-1.218
OG2103,-0.081
OG2104,-0.635
OG2105,-0.6970000000000001
OG2106,0.436
OG2107,0.374
OG2108,0.40700000000000003
OG2109,-3.386
OG211,-0.716
OG2110,0.513
OG2111,-1.756
OG2112,-3.225
OG2113,-0.040999999999999995
OG2114,-3.76
OG2115,-6.785
OG2116,-3.2030000000000003
OG2117,-0.48700000000000004
OG2118,-1.153
OG2119,-5.335
OG212,0.106
OG2120,-1.489
OG2121,-1.6640000000000001
OG2122,-1.264
OG2123,-1.129
OG2124,-2.931
OG2125,-2.0669999999999997
OG2126,-2.491
OG2127,-1.351
OG2128,
OG2129,0.10800000000000001
OG213,0.235
OG2130,
OG2131,-4.005
OG2132,-7.053999999999999
OG2133,
OG2134,
OG2135,
OG2136,
OG2137,
OG2138,
OG2139,
OG214,0.573
OG2140,
OG2141,
OG2142,
OG2143,
OG2144,
OG2145,
OG2146,
OG2147,
OG2148,
OG2149,-1.351
OG215,-0.109
OG2150,-0.526
OG2151,-1.026
OG2152,0.0
OG2153,0.402
OG2154,0.0
OG2155,-0.614
OG2156,-0.39
OG2157,-0.182
OG2158,-1.097
OG2159,0.27699999999999997
OG216,-3.9819999999999998
OG2160,0.21100000000000002
OG2161,-5.689
OG2162,-1.304
OG2163,0.083
OG2164,-1.499
OG2165,-1.203
OG2166,-2.285
OG2167,
OG2168,-3.925
OG2169,-2.225
OG217,-5.143
OG2170,-0.146
OG2171,-0.935
OG2172,-2.0540000000000003
OG2173,0.21899999999999997
OG2174,-0.8640000000000001
OG2175,-0.35700000000000004
OG2176,-0.139
OG2177,-1.527
OG2178,0.34299999999999997
OG2179,
OG218,0.55
OG2180,
OG2181,0.573
OG2182,0.0
OG2183,-1.359
OG2184,-4.105
OG2185,
OG2186,-2.218
OG2187,-4.387
OG2188,-1.331
OG2189,-0.326
OG219,0.07
OG2190,-0.292
OG2191,-0.449
OG2192,0.292
OG2193,0.0
OG2194,-0.649
OG2195,-0.765
OG2196,0.371
OG2197,-0.726
OG2198,-0.318
OG2199,-1.351
OG22,0.0
OG220,-2.113
OG2200,-1.351
OG2201,1.531
OG2202,0.0
OG2203,-6.257999999999999
OG2204,
OG2205,0.596
OG2206,-2.5780000000000003
OG2207,-0.5870000000000001
OG2208,1.003
OG2209,-0.05
OG221,-1.0070000000000001
OG2210,-2.384
OG2211,
OG2212,
OG2213,-3.092
OG2214,-1.89
OG2215,0.285
OG2216,-1.3119999999999998
OG2217,0.336
OG2218,-2.7310000000000003
OG2219,0.715
OG222,0.141
OG2220,0.311
OG2221,
OG2222,
OG2223,-0.664
OG2224,
OG2225,-2.332
OG2226,-1.351
OG2227,-0.198
OG2228,0.027000000000000003
OG2229,0.0
OG223,-0.883
OG2230,
OG2231,-2.344
OG2232,-4.462
OG2233,-2.358
OG2234,2.522
OG2235,
OG2236,-0.506
OG2237,0.0
OG2238,0.8140000000000001
OG2239,-2.855
OG224,0.0
OG2240,
OG2241,
OG2242,
OG2243,0.33799999999999997
OG2244,0.221
OG2245,0.21
OG2246,0.22399999999999998
OG2247,-0.033
OG2248,-0.019
OG2249,-0.584
OG225,0.18100000000000002
OG2250,0.145
OG2251,-4.1930000000000005
OG2252,0.662
OG2253,0.99
OG2254,0.325
OG2255,-2.6069999999999998
OG2256,-0.081
OG2257,0.573
OG2258,-6.678999999999999
OG2259,-1.351
OG226,0.223
OG2260,-4.062
OG2261,1.0
OG2262,-2.656
OG2263,-3.267
OG2264,-3.892
OG2265,1.4
OG2266,0.612
OG2267,-0.456
OG2268,-0.5870000000000001
OG2269,0.935
OG227,-2.256
OG2270,-0.389
OG2271,-0.737
OG2272,
OG2273,0.0
OG2274,0.18
OG2275,-0.013999999999999999
OG2276,0.264
OG2277,-0.593
OG2278,-2.373
OG2279,-0.746
OG228,-1.994
OG2280,
OG2281,0.0
OG2282,-0.389
OG2283,0.7659999999999999
OG2284,0.5
OG2285,-0.26899999999999996
OG2286,-0.716
OG2287,-1.351
OG2288,-0.395
OG2289,-0.855
OG229,0.67
OG2290,0.043
OG2291,1.229
OG2292,0.604
OG2293,0.434
OG2294,-0.095
OG2295,0.54
OG2296,0.851
OG2297,0.191
OG2298,-0.19699999999999998
OG2299,1.3230000000000002
OG23,-0.008
OG230,0.753
OG2300,
OG2301,-1.023
OG2302,-0.79
OG2303,-0.915
OG2304,-1.3880000000000001
OG2305,0.643
OG2306,-0.006999999999999999
OG2307,0.48700000000000004
OG2308,0.318
OG2309,
OG231,0.718
OG2310,
OG2311,-1.7990000000000002
OG2312,0.622
OG2313,
OG2314,0.846
OG2315,0.8240000000000001
OG2316,-1.3090000000000002
OG2317,0.7040000000000001
OG2318,-3.272
OG2319,-0.19
OG232,0.431
OG2320,0.614
OG2321,0.345
OG2322,0.82
OG2323,0.188
OG2324,
OG2325,0.667
OG2326,0.49
OG2327,0.519
OG2328,0.5579999999999999
OG2329,0.536
OG233,0.325
OG2330,0.706
OG2331,-1.351
OG2332,-0.652
OG2333,-0.004
OG2334,0.27399999999999997
OG2335,0.518
OG2336,0.095
OG2337,1.5730000000000002
OG2338,0.7020000000000001
OG2339,-0.023
OG234,-0.59
OG2340,-0.7809999999999999
OG2341,0.369
OG2342,0.455
OG2343,0.7959999999999999
OG2344,0.7090000000000001
OG2345,0.385
OG2346,0.297
OG2347,0.645
OG2348,0.601
OG2349,0.392
OG235,-1.054
OG2350,-1.5230000000000001
OG2351,0.64
OG2352,0.515
OG2353,-0.053
OG2354,0.085
OG2355,0.43200000000000005
OG2356,0.33899999999999997
OG2357,0.65
OG2358,-1.351
OG2359,-1.351
OG236,0.368
OG2360,-1.16
OG2361,-0.313
OG2362,0.514
OG2363,0.595
OG2364,0.596
OG2365,0.392
OG2366,0.9570000000000001
OG2367,0.447
OG2368,0.405
OG2369,0.34
OG237,0.545
OG2370,-0.152
OG2371,-0.33
OG2372,-0.048
OG2373,-0.1
OG2374,0.39399999999999996
OG2375,0.392
OG2376,
OG2377,0.29
OG2378,0.087
OG2379,0.499
OG238,-0.27399999999999997
OG2380,0.034
OG2381,-0.209
OG2382,-0.106
OG2383,0.6859999999999999
OG2384,1.057
OG2385,0.451
OG2386,-0.39399999999999996
OG2387,0.077
OG2388,0.5539999999999999
OG2389,0.7559999999999999
OG239,-3.715
OG2390,0.519
OG2391,0.009000000000000001
OG2392,0.096
OG2393,1.013
OG2394,-1.807
OG2395,0.11
OG2396,0.569
OG2397,-1.308
OG2398,1.5390000000000001
OG2399,0.391
OG24,0.607
OG240,-7.257000000000001
OG2400,-0.17
OG2401,1.069
OG2402,0.498
OG2403,-1.754
OG2404,0.8859999999999999
OG2405,-1.032
OG2406,0.273
OG2407,0.312
OG2408,0.36700000000000005
OG2409,0.354
OG241,-2.7560000000000002
OG2410,-0.62
OG2411,-0.659
OG2412,-0.20199999999999999
OG2413,0.44
OG2414,-2.271
OG2415,0.645
OG2416,0.968
OG2417,0.943
OG2418,1.022
OG2419,0.0
OG242,0.12
OG2420,0.348
OG2421,0.613
OG2422,1.014
OG2423,0.245
OG2424,1.367
OG2425,0.638
OG2426,-0.318
OG2427,1.531
OG2428,1.5
OG2429,0.748
OG243,0.426
OG2430,-0.256
OG2431,0.53
OG2432,-0.21600000000000003
OG2433,0.7120000000000001
OG2434,0.86
OG2435,0.56
OG2436,0.451
OG2437,0.5479999999999999
OG2438,3.0189999999999997
OG2439,-0.583
OG244,0.485
OG2440,0.47200000000000003
OG2441,1.7009999999999998
OG2442,-0.044000000000000004
OG2443,0.069
OG2444,0.371
OG2445,0.38
OG2446,0.235
OG2447,-0.42100000000000004
OG2448,0.5589999999999999
OG2449,0.649
OG245,0.153
OG2450,0.506
OG2451,0.445
OG2452,0.638
OG2453,0.044000000000000004
OG2454,0.37
OG2455,0.063
OG2456,0.516
OG2457,0.8959999999999999
OG2458,0.698
OG2459,0.078
OG246,-0.162
OG2460,-0.466
OG2461,0.54
OG2462,0.092
OG2463,0.9009999999999999
OG2464,0.9470000000000001
OG2465,0.775
OG2466,0.534
OG2467,0.493
OG2468,0.449
OG2469,-0.456
OG247,-0.48700000000000004
OG2470,-0.285
OG2471,0.247
OG2472,0.193
OG2473,0.389
OG2474,0.82
OG2475,1.0859999999999999
OG2476,0.83
OG2477,0.114
OG2478,1.369
OG2479,0.516
OG248,-0.8809999999999999
OG2480,0.565
OG2481,0.742
OG2482,0.0
OG2483,0.29100000000000004
OG2484,0.573
OG2485,0.273
OG2486,-0.732
OG2487,0.09
OG2488,-5.513
OG2489,-6.01
OG249,-1.526
OG2490,-5.944
OG2491,-1.9509999999999998
OG2492,0.009000000000000001
OG2493,-0.065
OG2494,-1.296
OG2495,-0.07400000000000001
OG2496,-0.001
OG2497,-0.064
OG2498,0.0
OG2499,0.0
OG25,-1.351
OG250,-0.9209999999999999
OG2500,
OG2501,
OG2502,0.131
OG2503,0.537
OG2504,-1.723
OG2505,-0.774
OG2506,0.366
OG2507,0.0
OG2508,-1.186
OG2509,-0.209
OG251,0.106
OG2510,-2.946
OG2511,-2.4
OG2512,0.106
OG2513,0.0
OG2514,1.969
OG2515,-0.106
OG2516,-1.3619999999999999
OG2517,-0.076
OG2518,0.185
OG2519,-0.389
OG252,0.191
OG2520,0.07
OG2521,0.122
OG2522,0.251
OG2523,-3.7539999999999996
OG2524,-1.453
OG2525,1.173
OG2526,0.746
OG2527,-2.594
OG2528,0.04
OG2529,
OG253,-0.493
OG2530,-2.031
OG2531,0.0
OG2532,0.0
OG2533,-0.389
OG2534,0.0
OG2535,0.187
OG2536,-0.389
OG2537,-1.305
OG2538,0.573
OG2539,-1.4269999999999998
OG254,0.15
OG2540,-0.645
OG2541,-2.8560000000000003
OG2542,0.581
OG2543,-3.2710000000000004
OG2544,-0.096
OG2545,0.0
OG2546,
OG2547,0.66
OG2548,-0.17600000000000002
OG2549,0.7040000000000001
OG255,-0.6940000000000001
OG2550,0.0
OG2551,0.45899999999999996
OG2552,-0.19899999999999998
OG2553,-1.413
OG2554,-0.175
OG2555,0.132
OG2556,-4.687
OG2557,
OG2558,0.561
OG2559,0.1
OG256,-0.6759999999999999
OG2560,-0.159
OG2561,1.0070000000000001
OG2562,0.62
OG2563,-10.818
OG2564,0.39899999999999997
OG2565,0.7190000000000001
OG2566,0.0
OG2567,0.573
OG2568,0.11199999999999999
OG2569,-1.3090000000000002
OG257,-0.113
OG2570,-1.0659999999999998
OG2571,-0.309
OG2572,0.191
OG2573,-0.275
OG2574,-0.654
OG2575,0.389
OG2576,0.309
OG2577,-0.24100000000000002
OG2578,-0.433
OG2579,-0.045
OG258,0.242
OG2580,0.40399999999999997
OG2581,0.7090000000000001
OG2582,0.26
OG2583,0.195
OG2584,-0.445
OG2585,-0.462
OG2586,-0.534
OG2587,-1.351
OG2588,-0.754
OG2589,-2.8560000000000003
OG259,-0.129
OG2590,0.45299999999999996
OG2591,-0.389
OG2592,0.573
OG2593,0.0
OG2594,0.0
OG2595,-1.351
OG2596,
OG2597,
OG2598,-2.271
OG2599,
OG26,-0.191
OG260,-6.148
OG2600,
OG2601,-2.303
OG2602,-0.151
OG2603,-0.659
OG2604,-0.31
OG2605,
OG2606,-0.48200000000000004
OG2607,-0.41100000000000003
OG2608,-0.305
OG2609,-0.034
OG261,-4.61
OG2610,-0.091
OG2611,0.0
OG2612,-2.695
OG2613,-4.768
OG2614,0.26899999999999996
OG2615,-2.269
OG2616,
OG2617,0.581
OG2618,-0.645
OG2619,-2.271
OG262,0.047
OG2620,
OG2621,-1.351
OG2622,0.573
OG2623,1.13
OG2624,0.0
OG2625,-6.481
OG2626,0.737
OG2627,
OG2628,-0.381
OG2629,-0.28600000000000003
OG263,-0.161
OG2630,0.31
OG2631,
OG2632,0.0
OG2633,
OG2634,
OG2635,1.682
OG2636,
OG2637,
OG2638,
OG2639,
OG264,-3.4219999999999997
OG2640,0.573
OG2641,-0.6859999999999999
OG2642,
OG2643,-0.151
OG2644,
OG2645,0.0
OG2646,0.0
OG2647,0.0
OG2648,0.0
OG2649,0.703
OG265,-3.425
OG2650,0.358
OG2651,1.11
OG2652,
OG2653,
OG2654,
OG2655,-0.488
OG2656,0.071
OG2657,0.695
OG2658,-1.933
OG2659,0.0
OG266,-0.684
OG2660,
OG2661,
OG2662,
OG2663,
OG2664,-0.425
OG2665,0.862
OG2666,
OG2667,0.0
OG2668,-0.134
OG2669,-8.954
OG267,0.521
OG2670,-1.8769999999999998
OG2671,-3.3160000000000003
OG2672,0.722
OG2673,-0.6559999999999999
OG2674,0.27899999999999997
OG2675,
OG2676,-1.9469999999999998
OG2677,0.098
OG2678,-2.889
OG2679,-1.652
OG268,-0.618
OG2680,-0.389
OG2681,0.0
OG2682,0.022000000000000002
OG2683,-1.081
OG2684,
OG2685,
OG2686,-0.055
OG2687,
OG2688,
OG2689,
OG269,-1.554
OG2690,1.3219999999999998
OG2691,0.601
OG2692,0.07
OG2693,
OG2694,
OG2695,
OG2696,-2.0269999999999997
OG2697,0.778
OG2698,-0.21899999999999997
OG2699,0.76
OG27,0.674
OG270,0.059000000000000004
OG2700,0.204
OG2701,0.16899999999999998
OG2702,-2.3569999999999998
OG2703,0.823
OG2704,1.042
OG2705,0.775
OG2706,-0.723
OG2707,0.158
OG2708,0.635
OG2709,-2.349
OG271,0.102
OG2710,0.748
OG2711,1.058
OG2712,0.862
OG2713,0.0
OG2714,-1.926
OG2715,
OG2716,-0.27399999999999997
OG2717,0.293
OG2718,-1.021
OG2719,-2.571
OG272,0.41600000000000004
OG2720,-2.116
OG2721,0.096
OG2722,0.212
OG2723,-0.8190000000000001
OG2724,-0.46299999999999997
OG2725,1.7180000000000002
OG2726,1.0390000000000001
OG2727,-0.32299999999999995
OG2728,1.02
OG2729,-2.271
OG273,0.375
OG2730,-0.336
OG2731,-0.11800000000000001
OG2732,-1.318
OG2733,0.552
OG2734,1.317
OG2735,0.379
OG2736,1.416
OG2737,
OG2738,
OG2739,0.302
OG274,-2.092
OG2740,
OG2741,0.0
OG2742,1.168
OG2743,-2.822
OG2744,0.115
OG2745,0.2
OG2746,0.619
OG2747,0.233
OG2748,-1.255
OG2749,-0.44
OG275,-2.175
OG2750,0.24100000000000002
OG2751,0.165
OG2752,-0.08900000000000001
OG2753,-0.259
OG2754,0.05
OG2755,0.256
OG2756,-0.507
OG2757,-0.013999999999999999
OG2758,0.32299999999999995
OG2759,-0.141
OG276,-2.762
OG2760,0.091
OG2761,0.5770000000000001
OG2762,1.033
OG2763,-0.083
OG2764,-1.141
OG2765,-0.943
OG2766,-0.40299999999999997
OG2767,-0.603
OG2768,-0.963
OG2769,0.43799999999999994
OG277,-0.682
OG2770,0.424
OG2771,0.298
OG2772,0.233
OG2773,0.165
OG2774,0.132
OG2775,0.0
OG2776,
OG2777,0.067
OG2778,0.21100000000000002
OG2779,-2.028
OG278,0.349
OG2780,-0.10400000000000001
OG2781,0.0
OG2782,0.424
OG2783,0.449
OG2784,0.315
OG2785,-3.532
OG2786,0.708
OG2787,0.33
OG2788,0.5710000000000001
OG2789,0.555
OG279,0.134
OG2790,0.5760000000000001
OG2791,0.499
OG2792,-0.397
OG2793,0.297
OG2794,-2.95
OG2795,0.165
OG2796,-1.305
OG2797,0.091
OG2798,0.039
OG2799,0.5870000000000001
OG28,-2.9419999999999997
OG280,-0.057999999999999996
OG2800,-1.1520000000000001
OG2801,0.475
OG2802,-0.297
OG2803,0.0
OG2804,0.14400000000000002
OG2805,-2.09
OG2806,-4.439
OG2807,0.525
OG2808,-0.154
OG2809,-0.23
OG281,-1.28
OG2810,-0.034
OG2811,-0.619
OG2812,-0.907
OG2813,0.605
OG2814,-3.802
OG2815,-4.763999999999999
OG2816,-5.171
OG2817,1.5530000000000002
OG2818,-0.687
OG2819,
OG282,0.258
OG2820,0.0
OG2821,0.281
OG2822,-2.041
OG2823,-1.6269999999999998
OG2824,0.114
OG2825,0.153
OG2826,-1.351
OG2827,-0.7759999999999999
OG2828,0.381
OG2829,0.003
OG283,-0.9059999999999999
OG2830,-3.492
OG2831,0.091
OG2832,-0.134
OG2833,-0.16399999999999998
OG2834,0.069
OG2835,-0.19
OG2836,-0.887
OG2837,1.327
OG2838,0.134
OG2839,0.17
OG284,0.561
OG2840,0.742
OG2841,0.975
OG2842,-0.035
OG2843,0.08900000000000001
OG2844,0.0
OG2845,-0.465
OG2846,-0.376
OG2847,-1.351
OG2848,-0.043
OG2849,0.273
OG285,0.446
OG2850,0.544
OG2851,0.5670000000000001
OG2852,0.33799999999999997
OG2853,-0.8390000000000001
OG2854,-0.272
OG2855,-0.054000000000000006
OG2856,-0.175
OG2857,0.381
OG2858,-2.27
OG2859,0.578
OG286,-2.102
OG2860,-0.15
OG2861,-1.291
OG2862,-0.17600000000000002
OG2863,-1.131
OG2864,0.011000000000000001
OG2865,-0.622
OG2866,
OG2867,0.0
OG2868,-4.939
OG2869,0.723
OG287,0.8079999999999999
OG2870,0.071
OG2871,-7.09
OG2872,0.596
OG2873,0.184
OG2874,0.5429999999999999
OG2875,0.532
OG2876,0.317
OG2877,-0.54
OG2878,
OG2879,
OG288,-2.024
OG2880,-1.351
OG2881,-1.8019999999999998
OG2882,-3.847
OG2883,-3.806
OG2884,
OG2885,-0.389
OG2886,-1.351
OG2887,
OG2888,
OG2889,-4.593
OG289,-0.294
OG2890,
OG2891,-2.271
OG2892,2.396
OG2893,0.153
OG2894,-5.638999999999999
OG2895,0.618
OG2896,0.784
OG2897,
OG2898,-2.766
OG2899,-1.3090000000000002
OG29,0.006
OG290,-0.021
OG2900,0.0
OG2901,-1.868
OG2902,-2.682
OG2903,-3.932
OG2904,-1.7519999999999998
OG2905,-0.535
OG2906,-1.615
OG2907,-2.654
OG2908,0.579
OG2909,0.672
OG291,0.4
OG2910,0.29
OG2911,-0.418
OG2912,0.628
OG2913,0.345
OG2914,1.203
OG2915,0.271
OG2916,-0.146
OG2917,0.569
OG2918,-7.942
OG2919,-2.755
OG292,0.478
OG2920,0.8109999999999999
OG2921,0.005
OG2922,-0.515
OG2923,-4.785
OG2924,-3.503
OG2925,-1.085
OG2926,-0.489
OG2927,-7.944
OG2928,-5.566
OG2929,-4.872
OG293,-0.33399999999999996
OG2930,-4.199
OG2931,-3.673
OG2932,0.182
OG2933,-2.49
OG2934,-1.465
OG2935,-3.1439999999999997
OG2936,-2.818
OG2937,-1.043
OG2938,2.528
OG2939,0.0
OG294,-0.846
OG2940,-0.218
OG2941,
OG2942,-2.6510000000000002
OG2943,-6.356
OG2944,-4.197
OG2945,-1.264
OG2946,-1.381
OG2947,-3.799
OG2948,-2.755
OG2949,0.573
OG295,-0.373
OG2950,
OG2951,0.573
OG2952,
OG2953,-1.8940000000000001
OG2954,
OG2955,-4.421
OG2956,-5.04
OG2957,-2.574
OG2958,-1.308
OG2959,
OG296,0.63
OG2960,-5.794
OG2961,0.0
OG2962,-0.69
OG2963,0.0
OG2964,0.05
OG2965,-0.337
OG2966,0.625
OG2967,0.0
OG2968,-2.504
OG2969,0.0
OG297,-0.09699999999999999
OG2970,-0.39899999999999997
OG2971,-3.0869999999999997
OG2972,0.0
OG2973,0.461
OG2974,0.212
OG2975,-2.024
OG2976,0.375
OG2977,-1.2930000000000001
OG2978,0.573
OG2979,-6.401
OG298,0.843
OG2980,2.07
OG2981,-1.294
OG2982,0.382
OG2983,-0.604
OG2984,-0.389
OG2985,0.17800000000000002
OG2986,-1.351
OG2987,0.0
OG2988,-3.1510000000000002
OG2989,1.022
OG299,-0.187
OG2990,-0.389
OG2991,0.153
OG2992,-2.872
OG2993,0.047
OG2994,
OG2995,
OG2996,
OG2997,0.0
OG2998,0.0
OG2999,-0.934
OG3,-1.125
OG30,-10.139
OG300,-2.006
OG3000,-2.184
OG3001,-0.076
OG3002,-0.313
OG3003,-2.121
OG3004,0.188
OG3005,0.732
OG3006,0.628
OG3007,0.807
OG3008,1.1520000000000001
OG3009,-3.7539999999999996
OG301,0.28800000000000003
OG3010,-0.008
OG3011,-1.949
OG3012,-3.198
OG3013,-0.74
OG3014,-0.384
OG3015,-0.389
OG3016,-0.836
OG3017,0.003
OG3018,-0.251
OG3019,
OG302,0.016
OG3020,-0.389
OG3021,0.573
OG3022,-2.608
OG3023,-2.122
OG3024,-0.652
OG3025,
OG3026,-0.07400000000000001
OG3027,-3.234
OG3028,-2.347
OG3029,0.573
OG303,-0.867
OG3030,0.214
OG3031,-0.958
OG3032,-4.303
OG3033,-0.345
OG3034,-4.062
OG3035,-2.001
OG3036,0.0
OG3037,-0.552
OG3038,-3.59
OG3039,-0.5660000000000001
OG304,0.6829999999999999
OG3040,1.5390000000000001
OG3041,-0.213
OG3042,0.7170000000000001
OG3043,0.56
OG3044,-0.389
OG3045,-0.285
OG3046,-0.611
OG3047,-4.84
OG3048,0.44299999999999995
OG3049,-2.964
OG305,-0.13
OG3050,
OG3051,-1.197
OG3052,-2.846
OG3053,-3.4210000000000003
OG3054,-1.9709999999999999
OG3055,0.5589999999999999
OG3056,0.573
OG3057,-1.827
OG3058,0.573
OG3059,1.462
OG306,-1.473
OG3060,-1.963
OG3061,0.0
OG3062,-2.7239999999999998
OG3063,-2.521
OG3064,1.131
OG3065,1.238
OG3066,
OG3067,0.358
OG3068,0.537
OG3069,0.573
OG307,0.266
OG3070,-0.39399999999999996
OG3071,-1.171
OG3072,-1.19
OG3073,-2.392
OG3074,
OG3075,1.122
OG3076,-1.351
OG3077,-1.351
OG3078,1.716
OG3079,0.573
OG308,-1.9280000000000002
OG3080,-4.1080000000000005
OG3081,0.0
OG3082,-0.38299999999999995
OG3083,0.0
OG3084,-0.205
OG3085,
OG3086,-1.4580000000000002
OG3087,-5.811
OG3088,-2.9019999999999997
OG3089,0.043
OG309,0.253
OG3090,-2.841
OG3091,-0.55
OG3092,-0.452
OG3093,-1.679
OG3094,-0.389
OG3095,-0.777
OG3096,-0.982
OG3097,-1.913
OG3098,1.3730000000000002
OG3099,0.5870000000000001
OG31,-3.675
OG310,-0.6679999999999999
OG3100,0.622
OG3101,0.0
OG3102,-0.512
OG3103,
OG3104,0.125
OG3105,1.093
OG3106,0.239
OG3107,-0.192
OG3108,0.0
OG3109,0.0
OG311,-0.09
OG3110,
OG3111,-0.42700000000000005
OG3112,-0.48
OG3113,-0.239
OG3114,-1.177
OG3115,-0.586
OG3116,-1.979
OG3117,0.5579999999999999
OG3118,
OG3119,0.045
OG312,-0.001
OG3120,-3.533
OG3121,-4.428
OG3122,-5.386
OG3123,-7.992999999999999
OG3124,0.0
OG3125,-1.351
OG3126,-1.351
OG3127,
OG3128,
OG3129,-0.46
OG313,-0.067
OG3130,-1.0759999999999998
OG3131,-0.41600000000000004
OG3132,-3.091
OG3133,0.615
OG3134,
OG3135,
OG3136,
OG3137,-3.793
OG3138,-2.1630000000000003
OG3139,-1.402
OG314,0.47
OG3140,-2.968
OG3141,1.043
OG3142,
OG3143,-1.93
OG3144,-1.351
OG3145,-1.351
OG3146,
OG3147,-0.389
OG3148,
OG3149,
OG315,-0.433
OG3150,0.0
OG3151,
OG3152,
OG3153,-6.546
OG3154,0.0
OG3155,-4.313
OG3156,-4.047
OG3157,-5.401
OG3158,-4.71
OG3159,-5.7139999999999995
OG316,0.263
OG3160,-1.351
OG3161,
OG3162,-3.57
OG3163,-5.202000000000001
OG3164,-8.49
OG3165,-8.878
OG3166,-5.064
OG3167,-4.7330000000000005
OG3168,0.198
OG3169,-1.239
OG317,-0.7490000000000001
OG3170,-5.062
OG3171,1.354
OG3172,0.573
OG3173,
OG3174,
OG3175,-1.6680000000000001
OG3176,0.0
OG3177,-4.4910000000000005
OG3178,0.573
OG3179,0.0
OG318,0.10099999999999999
OG3180,-3.147
OG3181,
OG3182,-1.709
OG3183,0.573
OG3184,-1.3
OG3185,0.0
OG3186,0.0
OG3187,-3.338
OG3188,0.0
OG3189,-7.767
OG319,-0.392
OG3190,-4.83
OG3191,-4.1530000000000005
OG3192,0.818
OG3193,-6.8660000000000005
OG3194,-7.995
OG3195,-1.351
OG3196,-5.565
OG3197,-9.387
OG3198,-4.876
OG3199,-10.112
OG32,0.215
OG320,-0.071
OG3200,-8.576
OG3201,-8.309
OG3202,-5.651
OG3203,-1.351
OG3204,-10.569
OG3205,0.0
OG3206,-3.27
OG3207,-13.03
OG3208,0.0
OG3209,-5.223
OG321,-1.5490000000000002
OG3210,-7.728
OG3211,-5.178999999999999
OG3212,-7.459
OG3213,-7.515
OG3214,-7.249
OG3215,-3.804
OG3216,-6.183
OG3217,-4.0680000000000005
OG3218,-4.965
OG3219,-5.712999999999999
OG322,-1.286
OG3220,-5.891
OG3221,-4.792
OG3222,-5.021
OG3223,-10.28
OG3224,-10.217
OG3225,-8.696
OG3226,-5.308
OG3227,-10.167
OG3228,-7.831
OG3229,-8.412
OG323,0.593
OG3230,-2.855
OG3231,-6.26
OG3232,-5.641
OG3233,-5.3389999999999995
OG3234,-5.22
OG3235,-4.835
OG3236,-3.81
OG3237,-6.235
OG3238,-5.968
OG3239,-7.301
OG324,-0.39399999999999996
OG3240,-7.497999999999999
OG3241,-1.351
OG3242,-3.5389999999999997
OG3243,-1.351
OG3244,-4.8180000000000005
OG3245,-3.608
OG3246,-8.538
OG3247,-3.205
OG3248,-2.9130000000000003
OG3249,-5.2410000000000005
OG325,0.006999999999999999
OG3250,-4.573
OG3251,-3.205
OG3252,-6.279
OG3253,-7.369
OG3254,-7.651
OG3255,-7.274
OG3256,-7.685
OG3257,-6.595
OG3258,-4.48
OG3259,-8.863
OG326,-2.937
OG3260,-10.478
OG3261,-3.895
OG3262,-7.483
OG3263,-7.361000000000001
OG3264,-8.868
OG3265,-8.857999999999999
OG3266,-8.945
OG3267,-3.8110000000000004
OG3268,-5.474
OG3269,-4.853
OG327,0.025
OG3270,-5.882000000000001
OG3271,-3.9810000000000003
OG3272,-2.457
OG3273,-4.195
OG3274,-5.485
OG3275,-6.754
OG3276,-5.756
OG3277,-3.502
OG3278,-6.132999999999999
OG3279,-5.917000000000001
OG328,-0.107
OG3280,-3.589
OG3281,-5.62
OG3282,-7.569
OG3283,-7.707000000000001
OG3284,-5.422999999999999
OG3285,-5.271
OG3286,-5.14
OG3287,-6.972
OG3288,-4.997
OG3289,-7.593999999999999
OG329,-0.27399999999999997
OG3290,-4.86
OG3291,-2.27
OG3292,-1.536
OG3293,-1.351
OG3294,-2.271
OG3295,-1.351
OG3296,-4.2989999999999995
OG3297,-3.5380000000000003
OG3298,
OG3299,-6.147
OG33,-1.495
OG330,0.09699999999999999
OG3300,-4.058
OG3301,-6.997000000000001
OG3302,-2.878
OG3303,-4.702
OG3304,-8.118
OG3305,-5.074
OG3306,-6.434
OG3307,-4.987
OG3308,-4.478
OG3309,-2.385
OG331,0.466
OG3310,-6.718
OG3311,-4.797
OG3312,-5.002
OG3313,-4.609
OG3314,-5.869
OG3315,-7.619
OG3316,-8.152999999999999
OG3317,-6.42
OG3318,0.0
OG3319,-1.351
OG332,0.708
OG3320,-2.151
OG3321,-5.205
OG3322,-4.404
OG3323,-9.607999999999999
OG3324,1.531
OG3325,
OG3326,-2.271
OG3327,-3.92
OG3328,-4.236000000000001
OG3329,-2.855
OG333,-0.385
OG3330,-6.581
OG3331,-4.809
OG3332,0.0
OG3333,-6.406000000000001
OG3334,-4.637
OG3335,-5.428999999999999
OG3336,-4.659
OG3337,0.0
OG3338,0.795
OG3339,0.10300000000000001
OG334,0.23199999999999998
OG3340,
OG3341,-0.8320000000000001
OG3342,-1.351
OG3343,-0.48700000000000004
OG3344,-1.351
OG3345,-0.48200000000000004
OG3346,
OG3347,
OG3348,
OG3349,
OG335,-0.574
OG3350,
OG3351,
OG3352,
OG3353,
OG3354,
OG3355,
OG3356,
OG3357,
OG3358,
OG3359,
OG336,-0.032
OG3360,-1.351
OG3361,
OG3362,
OG3363,
OG3364,
OG3365,
OG3366,
OG3367,
OG3368,
OG3369,
OG337,0.228
OG3370,
OG3371,
OG3372,
OG3373,-2.46
OG3374,
OG3375,
OG3376,-2.7230000000000003
OG3377,1.561
OG3378,
OG3379,0.0
OG338,0.257
OG3380,-1.351
OG3381,-1.287
OG3382,-1.646
OG3383,0.0
OG3384,-2.783
OG3385,1.3719999999999999
OG3386,-0.055
OG3387,0.627
OG3388,
OG3389,-0.087
OG339,-0.004
OG3390,1.0270000000000001
OG3391,-0.8809999999999999
OG3392,-0.389
OG3393,-0.66
OG3394,0.294
OG3395,0.0
OG3396,-1.177
OG3397,-0.9590000000000001
OG3398,-1.882
OG3399,-0.609
OG34,0.048
OG340,0.032
OG3400,0.12300000000000001
OG3401,-2.66
OG3402,0.043
OG3403,
OG3404,0.755
OG3405,-1.587
OG3406,-0.977
OG3407,-1.787
OG3408,
OG3409,0.0
OG341,-0.325
OG3410,-1.411
OG3411,-6.932
OG3412,0.0
OG3413,
OG3414,
OG3415,-1.777
OG3416,
OG3417,1.6380000000000001
OG3418,-1.351
OG3419,
OG342,-0.418
OG3420,-0.154
OG3421,-2.478
OG3422,-2.226
OG3423,-2.169
OG3424,-1.351
OG3425,-3.21
OG3426,-1.432
OG3427,-0.37
OG3428,
OG3429,-0.256
OG343,0.18100000000000002
OG3430,-0.009000000000000001
OG3431,-3.6210000000000004
OG3432,0.573
OG3433,0.7809999999999999
OG3434,0.0
OG3435,0.0
OG3436,-2.938
OG3437,0.977
OG3438,-1.351
OG3439,0.573
OG344,0.302
OG3440,
OG3441,
OG3442,-5.196000000000001
OG3443,
OG3444,
OG3445,0.0
OG3446,0.0
OG3447,0.573
OG3448,-2.013
OG3449,-1.67
OG345,0.27
OG3450,
OG3451,
OG3452,-2.8310000000000004
OG3453,-0.764
OG3454,2.066
OG3455,0.573
OG3456,-1.351
OG3457,0.0
OG3458,
OG3459,
OG346,-0.05
OG3460,
OG3461,
OG3462,
OG3463,
OG3464,
OG3465,
OG3466,0.885
OG3467,0.0
OG3468,
OG3469,
OG347,-0.11
OG3470,0.626
OG3471,0.0
OG3472,0.0
OG3473,-0.951
OG3474,
OG3475,-0.647
OG3476,-1.351
OG3477,0.573
OG3478,
OG3479,-0.9570000000000001
OG348,0.278
OG3480,-0.7190000000000001
OG3481,-1.351
OG3482,-3.197
OG3483,
OG3484,-1.995
OG3485,0.0
OG3486,-2.84
OG3487,-0.128
OG3488,0.0
OG3489,
OG349,-2.385
OG3490,-1.308
OG3491,
OG3492,
OG3493,0.423
OG3494,-1.402
OG3495,0.044000000000000004
OG3496,-2.271
OG3497,
OG3498,-7.388999999999999
OG3499,0.573
OG35,-0.002
OG350,0.376
OG3500,-0.212
OG3501,-1.351
OG3502,-1.351
OG3503,-1.8259999999999998
OG3504,0.0
OG3505,
OG3506,
OG3507,
OG3508,
OG3509,
OG351,0.455
OG3510,0.51
OG3511,-0.209
OG3512,
OG3513,
OG3514,-0.389
OG3515,
OG3516,
OG3517,-1.943
OG3518,-2.521
OG3519,0.215
OG352,-1.347
OG3520,0.0
OG3521,0.59
OG3522,-0.81
OG3523,0.653
OG3524,0.078
OG3525,
OG3526,
OG3527,-3.236
OG3528,
OG3529,
OG353,-2.048
OG3530,0.9179999999999999
OG3531,1.271
OG3532,
OG3533,
OG3534,-1.93
OG3535,0.861
OG3536,0.0
OG3537,1.166
OG3538,
OG3539,0.573
OG354,-0.013999999999999999
OG3540,-1.796
OG3541,1.3219999999999998
OG3542,0.0
OG3543,-1.351
OG3544,0.0
OG3545,0.369
OG3546,-1.546
OG3547,-1.473
OG3548,1.122
OG3549,1.107
OG355,0.294
OG3550,-3.339
OG3551,0.0
OG3552,-2.658
OG3553,-2.679
OG3554,-1.351
OG3555,-0.662
OG3556,0.0
OG3557,0.261
OG3558,-1.351
OG3559,-2.005
OG356,-0.8690000000000001
OG3560,-2.6519999999999997
OG3561,-1.69
OG3562,0.0
OG3563,
OG3564,
OG3565,
OG3566,-1.351
OG3567,
OG3568,-1.351
OG3569,-1.351
OG357,0.08900000000000001
OG3570,-1.052
OG3571,
OG3572,-0.9790000000000001
OG3573,
OG3574,0.573
OG3575,-1.49
OG3576,-1.4680000000000002
OG3577,0.573
OG3578,-1.41
OG3579,-3.264
OG358,-0.727
OG3580,-1.227
OG3581,-2.135
OG3582,-1.351
OG3583,
OG3584,
OG3585,
OG3586,
OG3587,
OG3588,0.85
OG3589,
OG359,-1.733
OG3590,-0.389
OG3591,-3.0789999999999997
OG3592,-4.209
OG3593,-1.867
OG3594,0.573
OG3595,-2.213
OG3596,-4.69
OG3597,0.578
OG3598,-5.5729999999999995
OG3599,-6.935
OG36,0.27
OG360,-0.429
OG3600,-6.406000000000001
OG3601,-5.47
OG3602,-7.301
OG3603,-5.662000000000001
OG3604,-2.872
OG3605,
OG3606,0.235
OG3607,0.379
OG3608,
OG3609,-1.351
OG361,0.045
OG3610,
OG3611,
OG3612,0.741
OG3613,-0.389
OG3614,-2.309
OG3615,0.885
OG3616,2.301
OG3617,-0.174
OG3618,
OG3619,
OG362,-0.09300000000000001
OG3620,
OG3621,
OG3622,-1.995
OG3623,
OG3624,
OG3625,-1.199
OG3626,0.306
OG3627,0.757
OG3628,0.198
OG3629,1.043
OG363,0.379
OG3630,0.912
OG3631,1.047
OG3632,0.9229999999999999
OG3633,0.7909999999999999
OG3634,1.126
OG3635,1.13
OG3636,1.264
OG3637,-2.166
OG3638,
OG3639,
OG364,-1.946
OG3640,
OG3641,
OG3642,
OG3643,
OG3644,
OG3645,
OG3646,
OG3647,
OG3648,
OG3649,
OG365,-0.42700000000000005
OG3650,
OG3651,-1.247
OG3652,0.0
OG3653,
OG3654,-0.022000000000000002
OG3655,
OG3656,1.62
OG3657,
OG3658,0.0
OG3659,0.797
OG366,-0.782
OG3660,-0.883
OG3661,-1.351
OG3662,-3.3339999999999996
OG3663,
OG3664,1.4040000000000001
OG3665,0.573
OG3666,0.139
OG3667,1.008
OG3668,
OG3669,0.0
OG367,0.11599999999999999
OG3670,0.0
OG3671,-1.351
OG3672,-0.389
OG3673,0.047
OG3674,-0.63
OG3675,-0.033
OG3676,-1.584
OG3677,-0.389
OG3678,
OG3679,0.0
OG368,0.486
OG3680,-0.691
OG3681,2.695
OG3682,0.745
OG3683,
OG3684,-1.4769999999999999
OG3685,
OG3686,-0.6709999999999999
OG3687,-2.262
OG3688,-0.361
OG3689,-0.389
OG369,-0.583
OG3690,-3.8569999999999998
OG3691,-1.351
OG3692,0.573
OG3693,-1.6059999999999999
OG3694,-2.1830000000000003
OG3695,-2.713
OG3696,
OG3697,-1.18
OG3698,-0.287
OG3699,-6.928
OG37,-0.584
OG370,0.45799999999999996
OG3700,-8.514
OG3701,-8.258
OG3702,0.0
OG3703,0.0
OG3704,-2.845
OG3705,-1.178
OG3706,-2.258
OG3707,0.573
OG3708,-1.351
OG3709,
OG371,-0.322
OG3710,
OG3711,-1.351
OG3712,-2.2569999999999997
OG3713,-2.472
OG3714,-1.3030000000000002
OG3715,-3.965
OG3716,-2.574
OG3717,
OG3718,-4.281000000000001
OG3719,-3.157
OG372,-0.033
OG3720,-2.763
OG3721,0.0
OG3722,
OG3723,-0.389
OG3724,-1.351
OG3725,-5.646
OG3726,-1.351
OG3727,-1.351
OG3728,-3.1310000000000002
OG3729,
OG373,-0.055999999999999994
OG3730,-1.3630000000000002
OG3731,-1.786
OG3732,-2.543
OG3733,-0.624
OG3734,-0.633
OG3735,-2.068
OG3736,-4.559
OG3737,0.866
OG3738,0.86
OG3739,-4.092
OG374,-0.076
OG3740,-3.202
OG3741,
OG3742,-1.351
OG3743,
OG3744,-0.762
OG3745,
OG3746,1.4040000000000001
OG3747,1.4169999999999998
OG3748,-2.363
OG3749,-1.297
OG375,-0.586
OG3750,0.0
OG3751,
OG3752,-1.6569999999999998
OG3753,-1.351
OG3754,-3.1
OG3755,-1.74
OG3756,0.573
OG3757,-1.351
OG3758,0.573
OG3759,
OG376,-0.099
OG3760,0.0
OG3761,-1.351
OG3762,0.573
OG3763,-2.497
OG3764,-3.7739999999999996
OG3765,0.573
OG3766,0.0
OG3767,
OG3768,-1.766
OG3769,-2.78
OG377,-0.361
OG3770,0.573
OG3771,0.0
OG3772,0.573
OG3773,-1.305
OG3774,0.0
OG3775,-0.825
OG3776,
OG3777,0.385
OG3778,
OG3779,-1.861
OG378,-0.57
OG3780,-2.2359999999999998
OG3781,
OG3782,0.0
OG3783,-1.351
OG3784,0.0
OG3785,
OG3786,
OG3787,
OG3788,
OG3789,0.0
OG379,0.084
OG3790,
OG3791,2.307
OG3792,-0.17800000000000002
OG3793,0.598
OG3794,0.507
OG3795,0.573
OG3796,-0.389
OG3797,
OG3798,
OG3799,
OG38,-1.432
OG380,-0.963
OG3800,
OG3801,0.0
OG3802,0.0
OG3803,2.443
OG3804,1.499
OG3805,
OG3806,0.573
OG3807,0.8270000000000001
OG3808,
OG3809,
OG381,-0.627
OG3810,-1.642
OG3811,2.454
OG3812,
OG3813,-0.389
OG3814,0.158
OG3815,0.494
OG3816,0.33799999999999997
OG3817,0.573
OG3818,0.0
OG3819,
OG382,-0.201
OG3820,
OG3821,
OG3822,
OG3823,
OG3824,
OG3825,
OG3826,
OG3827,
OG3828,
OG3829,0.0
OG383,-0.11599999999999999
OG3830,0.266
OG3831,0.95
OG3832,0.0
OG3833,-0.69
OG3834,
OG3835,
OG3836,-0.956
OG3837,0.0
OG3838,
OG3839,
OG384,-0.674
OG3840,
OG3841,
OG3842,
OG3843,
OG3844,
OG3845,
OG3846,1.011
OG3847,0.631
OG3848,0.573
OG3849,-2.182
OG385,-0.031
OG3850,1.208
OG3851,0.439
OG3852,1.464
OG3853,0.89
OG3854,1.008
OG3855,0.8340000000000001
OG3856,
OG3857,1.632
OG3858,-0.312
OG3859,1.432
OG386,-0.603
OG3860,
OG3861,0.0
OG3862,1.52
OG3863,0.0
OG3864,-0.389
OG3865,
OG3866,0.524
OG3867,-1.995
OG3868,0.599
OG3869,1.386
OG387,-2.011
OG3870,-2.26
OG3871,2.4530000000000003
OG3872,-1.048
OG3873,0.861
OG3874,0.8220000000000001
OG3875,0.821
OG3876,-0.048
OG3877,0.3
OG3878,0.342
OG3879,
OG388,-1.0659999999999998
OG3880,0.5870000000000001
OG3881,1.043
OG3882,-1.351
OG3883,0.609
OG3884,1.371
OG3885,1.4080000000000001
OG3886,0.7509999999999999
OG3887,1.226
OG3888,-1.112
OG3889,0.542
OG389,-2.2359999999999998
OG3890,0.573
OG3891,0.858
OG3892,0.9129999999999999
OG3893,0.601
OG3894,0.6
OG3895,-0.289
OG3896,0.0
OG3897,1.588
OG3898,0.07200000000000001
OG3899,0.7659999999999999
OG39,-0.442
OG390,-0.292
OG3900,0.809
OG3901,
OG3902,0.0
OG3903,0.5589999999999999
OG3904,0.361
OG3905,-1.351
OG3906,-9.587
OG3907,0.752
OG3908,1.178
OG3909,0.0
OG391,-0.6779999999999999
OG3910,-0.389
OG3911,-1.351
OG3912,0.8109999999999999
OG3913,2.3819999999999997
OG3914,0.743
OG3915,1.153
OG3916,1.001
OG3917,0.8220000000000001
OG3918,1.073
OG3919,1.2409999999999999
OG392,0.365
OG3920,-0.607
OG3921,-0.09699999999999999
OG3922,-0.682
OG3923,1.35
OG3924,0.0
OG3925,
OG3926,
OG3927,-2.261
OG3928,0.42
OG3929,
OG393,0.674
OG3930,0.0
OG3931,
OG3932,
OG3933,0.0
OG3934,-1.351
OG3935,
OG3936,-3.89
OG3937,-0.389
OG3938,0.0
OG3939,0.0
OG394,-0.19699999999999998
OG3940,0.573
OG3941,0.0
OG3942,
OG3943,1.531
OG3944,
OG3945,
OG3946,-0.14300000000000002
OG3947,
OG3948,-0.389
OG3949,-1.351
OG395,0.341
OG3950,1.716
OG3951,
OG3952,0.573
OG3953,0.0
OG3954,-1.351
OG3955,
OG3956,-2.698
OG3957,-2.7710000000000004
OG3958,0.0
OG3959,
OG396,-0.293
OG3960,
OG3961,0.546
OG3962,
OG3963,0.0
OG3964,
OG3965,-1.351
OG3966,0.0
OG3967,-6.824
OG3968,-3.207
OG3969,0.0
OG397,0.163
OG3970,0.0
OG3971,
OG3972,
OG3973,
OG3974,0.0
OG3975,
OG3976,-1.351
OG3977,
OG3978,0.43799999999999994
OG3979,-1.351
OG398,0.244
OG3980,0.0
OG3981,0.573
OG3982,0.0
OG3983,0.0
OG3984,0.0
OG3985,-0.389
OG3986,0.42100000000000004
OG3987,0.0
OG3988,1.321
OG3989,0.284
OG399,-0.69
OG3990,-3.8710000000000004
OG3991,-1.351
OG3992,2.0580000000000003
OG3993,0.818
OG3994,0.772
OG3995,
OG3996,-0.29
OG3997,0.10300000000000001
OG3998,0.064
OG3999,1.3219999999999998
OG4,0.024
OG40,2.6919999999999997
OG400,-0.084
OG4000,-1.165
OG4001,
OG4002,
OG4003,-0.722
OG4004,0.32799999999999996
OG4005,-1.146
OG4006,-0.5660000000000001
OG4007,
OG4008,
OG4009,-12.854000000000001
OG401,-0.075
OG4010,-7.044
OG4011,-9.084
OG4012,
OG4013,
OG4014,
OG4015,
OG4016,-3.804
OG4017,-2.6910000000000003
OG4018,-2.055
OG4019,
OG402,0.35700000000000004
OG4020,0.0
OG4021,-1.995
OG4022,
OG4023,
OG4024,
OG4025,0.0
OG4026,
OG4027,1.092
OG4028,0.0
OG4029,0.0
OG403,-0.094
OG4030,
OG4031,-0.368
OG4032,-1.351
OG4033,-4.79
OG4034,-1.351
OG4035,-3.082
OG4036,-3.0839999999999996
OG4037,
OG4038,-1.351
OG4039,-1.7180000000000002
OG404,-0.233
OG4040,0.0
OG4041,0.0
OG4042,0.0
OG4043,
OG4044,0.0
OG4045,2.153
OG4046,
OG4047,
OG4048,
OG4049,
OG405,-0.33799999999999997
OG4050,
OG4051,
OG4052,
OG4053,
OG4054,-1.351
OG4055,
OG4056,-1.129
OG4057,-2.1590000000000003
OG4058,
OG4059,-2.244
OG406,0.13
OG4060,
OG4061,-1.351
OG4062,
OG4063,0.0
OG4064,-1.5919999999999999
OG4065,-1.1909999999999998
OG4066,0.0
OG4067,
OG4068,1.347
OG4069,0.0
OG407,0.311
OG4070,
OG4071,
OG4072,
OG4073,-0.95
OG4074,-2.3
OG4075,-1.261
OG4076,0.0
OG4077,0.0
OG4078,
OG4079,-3.625
OG408,0.184
OG4080,
OG4081,
OG4082,
OG4083,-3.252
OG4084,
OG4085,
OG4086,-3.302
OG4087,
OG4088,0.0
OG4089,-1.351
OG409,-0.836
OG4090,-1.351
OG4091,-1.351
OG4092,0.525
OG4093,
OG4094,0.239
OG4095,
OG4096,
OG4097,
OG4098,
OG4099,-0.006999999999999999
OG41,0.652
OG410,-0.818
OG4100,0.35
OG4101,-1.6780000000000002
OG4102,0.0
OG4103,0.552
OG4104,-1.351
OG4105,
OG4106,0.0
OG4107,0.0
OG4108,0.573
OG4109,0.0
OG411,0.09
OG4110,
OG4111,1.5290000000000001
OG4112,-0.127
OG4113,-0.001
OG4114,-1.732
OG4115,
OG4116,0.0
OG4117,-1.8090000000000002
OG4118,-1.351
OG4119,0.40700000000000003
OG412,-1.8980000000000001
OG4120,-4.537
OG4121,-4.584
OG4122,
OG4123,-0.314
OG4124,0.887
OG4125,0.0
OG4126,0.8859999999999999
OG4127,
OG4128,
OG4129,
OG413,0.013000000000000001
OG4130,-2.85
OG4131,
OG4132,
OG4133,-1.351
OG4134,
OG4135,
OG4136,
OG4137,0.573
OG4138,-0.365
OG4139,-1.493
OG414,0.098
OG4140,-3.258
OG4141,-2.181
OG4142,
OG4143,
OG4144,
OG4145,-0.7609999999999999
OG4146,-1.158
OG4147,-2.764
OG4148,-3.4219999999999997
OG4149,0.203
OG415,0.304
OG4150,0.39299999999999996
OG4151,0.479
OG4152,0.573
OG4153,0.573
OG4154,1.778
OG4155,0.0
OG4156,-2.432
OG4157,0.0
OG4158,
OG4159,
OG416,-0.016
OG4160,-4.588
OG4161,-6.095
OG4162,
OG4163,-7.36
OG4164,-6.098
OG4165,-6.97
OG4166,-6.205
OG4167,-10.450999999999999
OG4168,
OG4169,-2.293
OG417,0.53
OG4170,-2.113
OG4171,-2.242
OG4172,-2.55
OG4173,0.20199999999999999
OG4174,-0.586
OG4175,-4.283
OG4176,0.0
OG4177,-2.845
OG4178,
OG4179,
OG418,-0.098
OG4180,-1.351
OG4181,
OG4182,-0.389
OG4183,2.766
OG4184,-1.81
OG4185,1.706
OG4186,0.573
OG4187,-2.126
OG4188,0.6509999999999999
OG4189,
OG419,0.086
OG4190,
OG4191,-2.245
OG4192,-1.351
OG4193,0.573
OG4194,-1.415
OG4195,
OG4196,0.0
OG4197,-2.247
OG4198,0.81
OG4199,-3.529
OG42,-4.055
OG420,0.146
OG4200,
OG4201,0.573
OG4202,0.09
OG4203,0.41
OG4204,0.46399999999999997
OG4205,-0.609
OG4206,-1.351
OG4207,-0.45399999999999996
OG4208,0.573
OG4209,
OG421,-1.1159999999999999
OG4210,
OG4211,
OG4212,1.3219999999999998
OG4213,
OG4214,1.9180000000000001
OG4215,0.97
OG4216,0.0
OG4217,0.573
OG4218,
OG4219,
OG422,0.425
OG4220,-1.021
OG4221,
OG4222,
OG4223,1.5530000000000002
OG4224,2.169
OG4225,-1.425
OG4226,
OG4227,-1.351
OG4228,-0.564
OG4229,-2.061
OG423,-0.563
OG4230,0.0
OG4231,
OG4232,-2.271
OG4233,-0.569
OG4234,0.0
OG4235,3.265
OG4236,0.19899999999999998
OG4237,-0.8859999999999999
OG4238,0.898
OG4239,
OG424,0.386
OG4240,0.0
OG4241,
OG4242,0.42100000000000004
OG4243,-0.63
OG4244,-1.081
OG4245,-1.351
OG4246,-0.95
OG4247,-2.412
OG4248,-1.639
OG4249,-1.8430000000000002
OG425,0.35600000000000004
OG4250,-2.392
OG4251,-1.995
OG4252,
OG4253,0.0
OG4254,-1.351
OG4255,-1.351
OG4256,0.0
OG4257,0.0
OG4258,-1.351
OG4259,
OG426,0.057
OG4260,0.573
OG4261,0.727
OG4262,0.9840000000000001
OG4263,0.826
OG4264,0.9159999999999999
OG4265,1.024
OG4266,0.84
OG4267,-1.7619999999999998
OG4268,-3.9960000000000004
OG4269,1.7519999999999998
OG427,-0.195
OG4270,-0.943
OG4271,1.0070000000000001
OG4272,
OG4273,0.0
OG4274,0.0
OG4275,-1.351
OG4276,0.573
OG4277,0.22
OG4278,-0.405
OG4279,-3.008
OG428,0.41600000000000004
OG4280,-1.012
OG4281,-0.8740000000000001
OG4282,
OG4283,-3.452
OG4284,
OG4285,-0.23199999999999998
OG4286,-0.043
OG4287,0.439
OG4288,0.747
OG4289,-0.018000000000000002
OG429,-0.66
OG4290,0.537
OG4291,0.428
OG4292,-1.351
OG4293,0.7759999999999999
OG4294,0.043
OG4295,0.9790000000000001
OG4296,-0.23199999999999998
OG4297,-1.351
OG4298,-0.389
OG4299,-4.404
OG43,0.33799999999999997
OG430,-0.09699999999999999
OG4300,0.52
OG4301,0.797
OG4302,-0.7070000000000001
OG4303,-1.351
OG4304,0.552
OG4305,-0.013000000000000001
OG4306,1.193
OG4307,0.085
OG4308,0.873
OG4309,-0.391
OG431,0.11
OG4310,0.215
OG4311,-0.389
OG4312,-4.649
OG4313,-1.91
OG4314,0.573
OG4315,-3.483
OG4316,-1.8780000000000001
OG4317,0.41
OG4318,-0.598
OG4319,0.248
OG432,-0.203
OG4320,-1.64
OG4321,-6.7620000000000005
OG4322,-0.552
OG4323,-0.2
OG4324,-3.517
OG4325,-2.77
OG4326,0.5529999999999999
OG4327,0.613
OG4328,0.41600000000000004
OG4329,-1.831
OG433,0.121
OG4330,0.682
OG4331,0.382
OG4332,-0.32799999999999996
OG4333,-3.492
OG4334,-2.7889999999999997
OG4335,-1.2890000000000001
OG4336,-0.222
OG4337,0.845
OG4338,
OG4339,-1.348
OG434,-0.322
OG4340,0.08900000000000001
OG4341,-0.597
OG4342,-1.247
OG4343,-0.045
OG4344,-0.6679999999999999
OG4345,-0.076
OG4346,0.114
OG4347,-0.275
OG4348,-6.829
OG4349,0.765
OG435,-0.115
OG4350,-1.079
OG4351,-0.708
OG4352,-0.384
OG4353,0.23600000000000002
OG4354,-1.8769999999999998
OG4355,-0.213
OG4356,-2.8710000000000004
OG4357,0.643
OG4358,0.317
OG4359,0.529
OG436,0.28800000000000003
OG4360,-1.227
OG4361,0.6459999999999999
OG4362,-2.125
OG4363,-0.021
OG4364,-3.103
OG4365,0.818
OG4366,0.8109999999999999
OG4367,-0.006999999999999999
OG4368,-0.667
OG4369,0.39899999999999997
OG437,-0.22899999999999998
OG4370,0.385
OG4371,0.747
OG4372,-3.318
OG4373,0.5660000000000001
OG4374,0.237
OG4375,-0.037000000000000005
OG4376,-1.3630000000000002
OG4377,0.07400000000000001
OG4378,0.049
OG4379,0.201
OG438,0.129
OG4380,-0.038
OG4381,-0.617
OG4382,-3.298
OG4383,0.264
OG4384,0.24
OG4385,0.49200000000000005
OG4386,0.609
OG4387,-0.068
OG4388,0.764
OG4389,-3.969
OG439,-0.063
OG4390,-0.47700000000000004
OG4391,-6.902
OG4392,0.039
OG4393,-1.787
OG4394,1.087
OG4395,0.9359999999999999
OG4396,-0.977
OG4397,-3.429
OG4398,0.40299999999999997
OG4399,0.017
OG44,0.33299999999999996
OG440,-0.031
OG4400,-1.0659999999999998
OG4401,-0.755
OG4402,0.256
OG4403,-0.585
OG4404,0.7120000000000001
OG4405,0.08
OG4406,-0.616
OG4407,0.833
OG4408,-0.114
OG4409,0.47200000000000003
OG441,0.257
OG4410,-1.061
OG4411,-1.318
OG4412,-4.441
OG4413,-0.171
OG4414,-2.124
OG4415,-0.7559999999999999
OG4416,0.37799999999999995
OG4417,-0.111
OG4418,
OG4419,0.386
OG442,0.22899999999999998
OG4420,0.517
OG4421,-1.07
OG4422,-0.978
OG4423,-1.651
OG4424,-4.4319999999999995
OG4425,
OG4426,-0.423
OG4427,-2.334
OG4428,-3.4130000000000003
OG4429,0.9059999999999999
OG443,-0.247
OG4430,-5.218999999999999
OG4431,-4.37
OG4432,-3.9010000000000002
OG4433,-7.226
OG4434,-1.0270000000000001
OG4435,0.17300000000000001
OG4436,-0.8290000000000001
OG4437,-1.163
OG4438,-2.873
OG4439,-6.68
OG444,-0.11800000000000001
OG4440,0.629
OG4441,-4.99
OG4442,0.757
OG4443,0.507
OG4444,1.067
OG4445,-2.65
OG4446,-1.4569999999999999
OG4447,-0.125
OG4448,-1.178
OG4449,0.573
OG445,-0.34700000000000003
OG4450,0.605
OG4451,-0.623
OG4452,0.387
OG4453,-0.024
OG4454,0.03
OG4455,0.6509999999999999
OG4456,-0.945
OG4457,0.6579999999999999
OG4458,-0.389
OG4459,0.727
OG446,0.396
OG4460,0.067
OG4461,-0.086
OG4462,0.809
OG4463,0.469
OG4464,-0.266
OG4465,-0.335
OG4466,-0.573
OG4467,-0.747
OG4468,-1.786
OG4469,-4.288
OG447,-0.026000000000000002
OG4470,-0.6509999999999999
OG4471,0.297
OG4472,0.12300000000000001
OG4473,0.105
OG4474,-0.527
OG4475,0.698
OG4476,-1.8419999999999999
OG4477,1.082
OG4478,0.0
OG4479,-2.6710000000000003
OG448,-0.6859999999999999
OG4480,2.434
OG4481,-2.9339999999999997
OG4482,0.0
OG4483,
OG4484,-1.094
OG4485,-3.97
OG4486,-1.876
OG4487,0.573
OG4488,1.141
OG4489,-3.9330000000000003
OG449,0.223
OG4490,0.0
OG4491,-0.6509999999999999
OG4492,
OG4493,-1.393
OG4494,-0.452
OG4495,
OG4496,0.573
OG4497,-0.436
OG4498,-2.655
OG4499,-3.2889999999999997
OG45,0.0
OG450,0.21899999999999997
OG4500,-0.885
OG4501,0.3
OG4502,0.265
OG4503,-1.0070000000000001
OG4504,-2.283
OG4505,-0.607
OG4506,
OG4507,-4.382
OG4508,-2.401
OG4509,-0.389
OG451,0.02
OG4510,-0.883
OG4511,0.7070000000000001
OG4512,-2.2969999999999997
OG4513,0.03
OG4514,-3.535
OG4515,-0.619
OG4516,0.40299999999999997
OG4517,-1.851
OG4518,-1.587
OG4519,-2.0
OG452,-0.145
OG4520,0.764
OG4521,-2.344
OG4522,-0.7509999999999999
OG4523,0.624
OG4524,-2.755
OG4525,-1.351
OG4526,-1.786
OG4527,0.126
OG4528,
OG4529,1.02
OG453,0.6940000000000001
OG4530,-3.944
OG4531,0.0
OG4532,0.0
OG4533,-1.9040000000000001
OG4534,-0.635
OG4535,-4.538
OG4536,-0.537
OG4537,0.0
OG4538,
OG4539,0.255
OG454,-0.879
OG4540,0.151
OG4541,0.374
OG4542,-0.19399999999999998
OG4543,-0.1
OG4544,1.015
OG4545,-0.754
OG4546,-0.9620000000000001
OG4547,0.33299999999999996
OG4548,0.011000000000000001
OG4549,0.069
OG455,-0.8059999999999999
OG4550,-0.106
OG4551,0.551
OG4552,0.789
OG4553,0.642
OG4554,1.858
OG4555,-2.03
OG4556,0.847
OG4557,-0.07
OG4558,0.784
OG4559,0.524
OG456,0.377
OG4560,0.151
OG4561,0.2
OG4562,-2.101
OG4563,-1.25
OG4564,0.273
OG4565,0.262
OG4566,-1.254
OG4567,0.405
OG4568,0.35700000000000004
OG4569,-1.224
OG457,0.45299999999999996
OG4570,-0.426
OG4571,0.353
OG4572,-0.249
OG4573,-0.389
OG4574,0.777
OG4575,-0.708
OG4576,-0.157
OG4577,-1.001
OG4578,0.573
OG4579,-3.8139999999999996
OG458,0.34
OG4580,-0.47
OG4581,
OG4582,0.213
OG4583,0.392
OG4584,0.152
OG4585,0.102
OG4586,0.16899999999999998
OG4587,-0.802
OG4588,-0.41
OG4589,
OG459,-0.364
OG4590,0.0
OG4591,-3.222
OG4592,1.274
OG4593,0.10300000000000001
OG4594,-0.865
OG4595,
OG4596,-2.438
OG4597,-1.351
OG4598,0.139
OG4599,-0.726
OG46,0.21
OG460,-0.9890000000000001
OG4600,0.228
OG4601,-0.11599999999999999
OG4602,-0.578
OG4603,-0.6890000000000001
OG4604,0.47600000000000003
OG4605,-0.218
OG4606,-0.823
OG4607,-4.2410000000000005
OG4608,-1.248
OG4609,-0.113
OG461,0.079
OG4610,-1.7990000000000002
OG4611,-4.834
OG4612,-4.723
OG4613,-0.9890000000000001
OG4614,0.259
OG4615,0.035
OG4616,-0.253
OG4617,0.925
OG4618,-1.121
OG4619,-3.928
OG462,-1.051
OG4620,0.851
OG4621,-0.58
OG4622,-0.507
OG4623,0.573
OG4624,-0.217
OG4625,0.222
OG4626,0.13699999999999998
OG4627,0.42100000000000004
OG4628,0.71
OG4629,0.816
OG463,-0.10099999999999999
OG4630,-6.702000000000001
OG4631,0.573
OG4632,0.0
OG4633,-0.301
OG4634,0.506
OG4635,0.52
OG4636,-2.22
OG4637,0.327
OG4638,-0.133
OG4639,0.76
OG464,-0.8240000000000001
OG4640,0.898
OG4641,-0.852
OG4642,-1.8730000000000002
OG4643,0.5660000000000001
OG4644,0.042
OG4645,
OG4646,
OG4647,
OG4648,
OG4649,1.2830000000000001
OG465,0.213
OG4650,-0.389
OG4651,
OG4652,
OG4653,
OG4654,
OG4655,
OG4656,2.454
OG4657,2.174
OG4658,0.36200000000000004
OG4659,-1.439
OG466,0.43
OG4660,-0.016
OG4661,1.3030000000000002
OG4662,0.541
OG4663,0.568
OG4664,-0.732
OG4665,0.638
OG4666,0.11900000000000001
OG4667,0.434
OG4668,-1.0290000000000001
OG4669,0.735
OG467,-0.37
OG4670,
OG4671,0.0
OG4672,
OG4673,-2.261
OG4674,0.0
OG4675,-1.351
OG4676,0.573
OG4677,0.513
OG4678,0.7070000000000001
OG4679,-0.18899999999999997
OG468,0.501
OG4680,1.0490000000000002
OG4681,0.177
OG4682,1.054
OG4683,2.82
OG4684,-2.8560000000000003
OG4685,
OG4686,0.645
OG4687,0.0
OG4688,
OG4689,0.0
OG469,-0.725
OG4690,
OG4691,
OG4692,
OG4693,
OG4694,
OG4695,0.0
OG4696,
OG4697,-0.389
OG4698,-1.351
OG4699,
OG47,0.179
OG470,-1.003
OG4700,
OG4701,
OG4702,
OG4703,
OG4704,
OG4705,
OG4706,
OG4707,
OG4708,
OG4709,-0.758
OG471,0.457
OG4710,-0.121
OG4711,-1.351
OG4712,
OG4713,
OG4714,
OG4715,
OG4716,-3.4930000000000003
OG4717,
OG4718,
OG4719,-1.955
OG472,0.14400000000000002
OG4720,
OG4721,
OG4722,
OG4723,
OG4724,
OG4725,
OG4726,0.0
OG4727,-1.351
OG4728,-1.351
OG4729,-1.379
OG473,0.467
OG4730,0.0
OG4731,-1.952
OG4732,-3.495
OG4733,
OG4734,0.0
OG4735,0.0
OG4736,
OG4737,
OG4738,
OG4739,
OG474,-1.194
OG4740,
OG4741,0.0
OG4742,
OG4743,-0.431
OG4744,1.04
OG4745,0.805
OG4746,0.573
OG4747,-0.233
OG4748,-1.006
OG4749,-1.351
OG475,-0.179
OG4750,
OG4751,
OG4752,
OG4753,
OG4754,
OG4755,
OG4756,
OG4757,
OG4758,
OG4759,0.0
OG476,-1.7269999999999999
OG4760,
OG4761,
OG4762,
OG4763,
OG4764,
OG4765,0.0
OG4766,
OG4767,0.38799999999999996
OG4768,1.011
OG4769,0.573
OG477,0.047
OG4770,-3.312
OG4771,
OG4772,0.573
OG4773,-0.389
OG4774,
OG4775,
OG4776,
OG4777,
OG4778,
OG4779,
OG478,0.379
OG4780,
OG4781,
OG4782,1.005
OG4783,
OG4784,-1.883
OG4785,0.0
OG4786,-1.351
OG4787,0.0
OG4788,0.0
OG4789,
OG479,0.217
OG4790,
OG4791,-1.351
OG4792,
OG4793,0.0
OG4794,-0.898
OG4795,1.551
OG4796,
OG4797,0.573
OG4798,0.0
OG4799,0.0
OG48,-0.574
OG480,-0.128
OG4800,
OG4801,
OG4802,0.298
OG4803,
OG4804,
OG4805,
OG4806,
OG4807,0.573
OG4808,0.305
OG4809,0.573
OG481,0.063
OG4810,
OG4811,0.314
OG4812,0.0
OG4813,0.326
OG4814,
OG4815,
OG4816,
OG4817,
OG4818,
OG4819,
OG482,0.078
OG4820,
OG4821,
OG4822,
OG4823,
OG4824,
OG4825,
OG4826,
OG4827,
OG4828,
OG4829,
OG483,0.289
OG4830,0.0
OG4831,-1.444
OG4832,-2.246
OG4833,-0.711
OG4834,-1.351
OG4835,0.499
OG4836,0.573
OG4837,-0.389
OG4838,
OG4839,-1.351
OG484,-0.563
OG4840,
OG4841,0.0
OG4842,-0.022000000000000002
OG4843,0.501
OG4844,
OG4845,
OG4846,
OG4847,
OG4848,
OG4849,
OG485,-2.239
OG4850,
OG4851,
OG4852,
OG4853,
OG4854,
OG4855,
OG4856,
OG4857,
OG4858,
OG4859,
OG486,0.307
OG4860,
OG4861,
OG4862,
OG4863,0.527
OG4864,
OG4865,
OG4866,
OG4867,
OG4868,
OG4869,
OG487,0.299
OG4870,
OG4871,
OG4872,
OG4873,
OG4874,
OG4875,
OG4876,
OG4877,
OG4878,0.0
OG4879,
OG488,0.429
OG4880,
OG4881,
OG4882,
OG4883,-0.446
OG4884,-2.126
OG4885,-1.476
OG4886,-0.35700000000000004
OG4887,-0.9
OG4888,0.625
OG4889,-1.845
OG489,-0.10300000000000001
OG4890,
OG4891,-2.487
OG4892,
OG4893,
OG4894,0.0
OG4895,0.0
OG4896,0.7879999999999999
OG4897,0.583
OG4898,0.162
OG4899,0.0
OG49,0.948
OG490,0.139
OG4900,
OG4901,
OG4902,
OG4903,
OG4904,0.573
OG4905,1.2790000000000001
OG4906,
OG4907,
OG4908,2.08
OG4909,0.573
OG491,0.138
OG4910,-0.7559999999999999
OG4911,-1.079
OG4912,-0.474
OG4913,-2.124
OG4914,0.878
OG4915,-0.39799999999999996
OG4916,0.96
OG4917,-0.267
OG4918,-1.101
OG4919,0.0
OG492,-0.055
OG4920,
OG4921,0.9490000000000001
OG4922,-1.294
OG4923,0.603
OG4924,0.2
OG4925,-0.63
OG4926,
OG4927,0.573
OG4928,0.6459999999999999
OG4929,0.865
OG493,-0.009000000000000001
OG4930,0.294
OG4931,0.0
OG4932,-1.2930000000000001
OG4933,0.435
OG4934,0.9259999999999999
OG4935,-0.20800000000000002
OG4936,1.3980000000000001
OG4937,-1.1520000000000001
OG4938,
OG4939,1.8
OG494,0.11800000000000001
OG4940,-0.8590000000000001
OG4941,-0.057
OG4942,
OG4943,
OG4944,0.917
OG4945,-0.306
OG4946,-1.2830000000000001
OG4947,0.991
OG4948,1.41
OG4949,-0.268
OG495,-0.239
OG4950,-0.139
OG4951,-0.358
OG4952,-0.6509999999999999
OG4953,-0.252
OG4954,
OG4955,-0.225
OG4956,-0.11800000000000001
OG4957,0.12
OG4958,-0.24100000000000002
OG4959,-0.294
OG496,0.235
OG4960,-0.136
OG4961,-0.322
OG4962,0.159
OG4963,-0.006999999999999999
OG4964,0.055
OG4965,0.213
OG4966,0.025
OG4967,0.071
OG4968,-0.07
OG4969,0.063
OG497,-0.466
OG4970,0.09
OG4971,0.052000000000000005
OG4972,0.151
OG4973,-0.184
OG4974,0.067
OG4975,0.028999999999999998
OG4976,0.177
OG4977,-0.016
OG4978,-0.032
OG4979,-0.048
OG498,-0.44299999999999995
OG4980,0.309
OG4981,0.265
OG4982,-0.47100000000000003
OG4983,-1.351
OG4984,-1.3090000000000002
OG4985,-1.351
OG4986,-1.57
OG4987,0.331
OG4988,-0.19
OG4989,0.602
OG499,-0.29600000000000004
OG4990,-0.069
OG4991,0.212
OG4992,0.9179999999999999
OG4993,0.364
OG4994,-0.008
OG4995,0.037000000000000005
OG4996,-0.095
OG4997,-0.14800000000000002
OG4998,-0.098
OG4999,-0.039
OG5,
OG50,0.121
OG500,-0.317
OG5000,-0.151
OG5001,-0.24100000000000002
OG5002,-0.21
OG5003,-0.249
OG5004,-0.256
OG5005,-0.3
OG5006,-0.254
OG5007,-0.235
OG5008,-0.14
OG5009,-1.351
OG501,-0.057999999999999996
OG5010,0.032
OG5011,0.0
OG5012,-0.061
OG5013,0.531
OG5014,
OG5015,0.636
OG5016,0.375
OG5017,0.147
OG5018,1.369
OG5019,-0.6920000000000001
OG502,0.431
OG5020,-0.127
OG5021,-0.733
OG5022,-0.597
OG5023,-1.186
OG5024,-0.183
OG5025,-0.155
OG5026,-0.196
OG5027,0.073
OG5028,-0.48
OG5029,0.214
OG503,-0.413
OG5030,-0.022000000000000002
OG5031,0.31
OG5032,0.044000000000000004
OG5033,-0.765
OG5034,0.146
OG5035,0.158
OG5036,0.785
OG5037,0.163
OG5038,0.055
OG5039,0.233
OG504,-0.071
OG5040,1.2919999999999998
OG5041,-0.099
OG5042,0.184
OG5043,0.42
OG5044,1.194
OG5045,-0.47
OG5046,0.092
OG5047,0.5710000000000001
OG5048,-0.8540000000000001
OG5049,-0.195
OG505,0.183
OG5050,-1.3459999999999999
OG5051,0.049
OG5052,-1.351
OG5053,-0.025
OG5054,0.015
OG5055,-0.221
OG5056,0.136
OG5057,-0.287
OG5058,-0.09699999999999999
OG5059,-0.23
OG506,-0.156
OG5060,-0.129
OG5061,-1.063
OG5062,-0.5539999999999999
OG5063,0.18899999999999997
OG5064,-0.873
OG5065,-2.247
OG5066,-0.018000000000000002
OG5067,-0.741
OG5068,-0.226
OG5069,0.654
OG507,0.48200000000000004
OG5070,0.573
OG5071,
OG5072,-1.3869999999999998
OG5073,-1.168
OG5074,0.563
OG5075,-3.85
OG5076,0.573
OG5077,0.09699999999999999
OG5078,0.044000000000000004
OG5079,-0.098
OG508,0.271
OG5080,0.193
OG5081,0.095
OG5082,0.249
OG5083,0.465
OG5084,-0.345
OG5085,0.191
OG5086,0.573
OG5087,0.8240000000000001
OG5088,0.158
OG5089,-0.003
OG509,0.223
OG5090,-0.039
OG5091,0.397
OG5092,0.153
OG5093,0.237
OG5094,-0.265
OG5095,-2.269
OG5096,-0.192
OG5097,-0.061
OG5098,0.028999999999999998
OG5099,0.065
OG51,-5.039
OG510,0.08900000000000001
OG5100,0.385
OG5101,-0.242
OG5102,-0.364
OG5103,-0.366
OG5104,0.157
OG5105,0.040999999999999995
OG5106,0.736
OG5107,-0.703
OG5108,-3.264
OG5109,1.6780000000000002
OG511,-0.527
OG5110,-0.915
OG5111,-0.040999999999999995
OG5112,-0.209
OG5113,1.925
OG5114,-0.28300000000000003
OG5115,-2.8369999999999997
OG5116,-1.301
OG5117,-0.541
OG5118,0.778
OG5119,-1.351
OG512,0.326
OG5120,-0.304
OG5121,-2.271
OG5122,-0.396
OG5123,-0.674
OG5124,-1.739
OG5125,0.092
OG5126,-0.423
OG5127,-0.146
OG5128,-1.351
OG5129,-0.213
OG513,0.047
OG5130,0.573
OG5131,-1.351
OG5132,0.634
OG5133,-1.1909999999999998
OG5134,-0.871
OG5135,-0.575
OG5136,-0.175
OG5137,0.17300000000000001
OG5138,-0.757
OG5139,-1.351
OG514,0.32
OG5140,1.3869999999999998
OG5141,-1.6059999999999999
OG5142,-0.158
OG5143,0.043
OG5144,-0.018000000000000002
OG5145,-0.809
OG5146,-0.8759999999999999
OG5147,-0.20600000000000002
OG5148,0.11699999999999999
OG5149,-0.203
OG515,0.44
OG5150,
OG5151,0.5579999999999999
OG5152,-0.8759999999999999
OG5153,0.15
OG5154,-1.3019999999999998
OG5155,-0.265
OG5156,-1.351
OG5157,-0.12300000000000001
OG5158,-0.384
OG5159,-0.34600000000000003
OG516,-0.04
OG5160,-0.324
OG5161,-0.431
OG5162,-0.557
OG5163,-0.384
OG5164,-0.341
OG5165,-0.38299999999999995
OG5166,0.268
OG5167,-0.22699999999999998
OG5168,-0.406
OG5169,-0.514
OG517,0.451
OG5170,-0.377
OG5171,-0.348
OG5172,0.247
OG5173,-0.15
OG5174,1.1340000000000001
OG5175,-0.364
OG5176,-0.035
OG5177,-0.359
OG5178,-0.904
OG5179,-3.198
OG518,-0.713
OG5180,-0.434
OG5181,-0.109
OG5182,-0.51
OG5183,1.3769999999999998
OG5184,-0.741
OG5185,-0.82
OG5186,0.8170000000000001
OG5187,-0.267
OG5188,0.158
OG5189,-0.855
OG519,-0.493
OG5190,-0.297
OG5191,-0.7490000000000001
OG5192,0.46
OG5193,-0.19399999999999998
OG5194,-0.126
OG5195,-0.011000000000000001
OG5196,0.129
OG5197,-0.22899999999999998
OG5198,0.099
OG5199,-1.035
OG52,
OG520,-0.9209999999999999
OG5200,-0.063
OG5201,0.158
OG5202,0.413
OG5203,-3.037
OG5204,-1.676
OG5205,-0.12300000000000001
OG5206,-0.287
OG5207,-0.35700000000000004
OG5208,-2.271
OG5209,-2.271
OG521,0.23
OG5210,-2.8560000000000003
OG5211,-1.2
OG5212,0.0
OG5213,-0.37
OG5214,1.0090000000000001
OG5215,-4.832
OG5216,-3.365
OG5217,-0.002
OG5218,0.079
OG5219,0.054000000000000006
OG522,0.187
OG5220,-0.078
OG5221,-0.004
OG5222,-0.23399999999999999
OG5223,-0.16
OG5224,0.068
OG5225,-0.073
OG5226,-0.133
OG5227,-0.196
OG5228,-0.705
OG5229,-0.616
OG523,-0.381
OG5230,-0.644
OG5231,1.3
OG5232,
OG5233,0.155
OG5234,0.603
OG5235,-2.969
OG5236,0.20199999999999999
OG5237,
OG5238,0.447
OG5239,-1.879
OG524,0.12300000000000001
OG5240,-0.26899999999999996
OG5241,
OG5242,0.573
OG5243,
OG5244,1.954
OG5245,0.573
OG5246,0.564
OG5247,0.573
OG5248,-5.46
OG5249,0.573
OG525,0.125
OG5250,0.0
OG5251,-2.122
OG5252,
OG5253,0.0
OG5254,
OG5255,
OG5256,
OG5257,
OG5258,
OG5259,1.381
OG526,-0.316
OG5260,
OG5261,1.3969999999999998
OG5262,-0.389
OG5263,
OG5264,0.0
OG5265,0.6970000000000001
OG5266,1.0090000000000001
OG5267,-1.9909999999999999
OG5268,1.338
OG5269,0.0
OG527,-1.5830000000000002
OG5270,
OG5271,0.0
OG5272,-4.002
OG5273,-0.598
OG5274,0.588
OG5275,-1.6119999999999999
OG5276,0.7879999999999999
OG5277,
OG5278,-0.9570000000000001
OG5279,0.907
OG528,0.048
OG5280,0.0
OG5281,1.304
OG5282,-1.351
OG5283,-1.351
OG5284,-2.4
OG5285,-0.389
OG5286,0.514
OG5287,0.418
OG5288,1.517
OG5289,-0.081
OG529,-0.09699999999999999
OG5290,0.0
OG5291,
OG5292,0.434
OG5293,1.47
OG5294,0.0
OG5295,0.0
OG5296,-1.351
OG5297,
OG5298,1.9269999999999998
OG5299,1.34
OG53,0.185
OG530,0.235
OG5300,
OG5301,0.5489999999999999
OG5302,0.0
OG5303,0.655
OG5304,2.1830000000000003
OG5305,
OG5306,-0.32
OG5307,-0.135
OG5308,-0.107
OG5309,0.043
OG531,0.452
OG5310,-0.085
OG5311,-0.526
OG5312,0.025
OG5313,-0.47600000000000003
OG5314,-0.133
OG5315,0.019
OG5316,0.034
OG5317,0.133
OG5318,-0.131
OG5319,0.9309999999999999
OG532,0.005
OG5320,0.0
OG5321,-0.344
OG5322,0.562
OG5323,1.524
OG5324,0.0
OG5325,-2.262
OG5326,
OG5327,-0.389
OG5328,-0.389
OG5329,1.3769999999999998
OG533,0.722
OG5330,0.40399999999999997
OG5331,0.0
OG5332,0.0
OG5333,-0.389
OG5334,1.122
OG5335,1.3630000000000002
OG5336,0.0
OG5337,-2.161
OG5338,-2.521
OG5339,
OG534,-0.23199999999999998
OG5340,1.389
OG5341,
OG5342,-0.036000000000000004
OG5343,0.262
OG5344,-0.271
OG5345,1.4040000000000001
OG5346,
OG5347,
OG5348,
OG5349,0.573
OG535,0.647
OG5350,
OG5351,-1.044
OG5352,
OG5353,
OG5354,
OG5355,
OG5356,
OG5357,
OG5358,0.0
OG5359,0.0
OG536,-0.073
OG5360,
OG5361,-2.648
OG5362,
OG5363,-0.389
OG5364,-0.593
OG5365,
OG5366,
OG5367,0.204
OG5368,1.275
OG5369,-1.193
OG537,0.353
OG5370,-1.069
OG5371,-0.8290000000000001
OG5372,-3.2030000000000003
OG5373,
OG5374,-2.256
OG5375,
OG5376,1.01
OG5377,-4.135
OG5378,
OG5379,-1.351
OG538,0.207
OG5380,0.0
OG5381,0.264
OG5382,
OG5383,-0.389
OG5384,0.0
OG5385,0.715
OG5386,0.66
OG5387,
OG5388,-1.351
OG5389,0.0
OG539,0.447
OG5390,
OG5391,0.0
OG5392,-0.731
OG5393,0.0
OG5394,0.573
OG5395,0.573
OG5396,-2.918
OG5397,-1.351
OG5398,0.0
OG5399,0.0
OG54,0.573
OG540,-1.111
OG5400,
OG5401,0.542
OG5402,0.146
OG5403,-0.509
OG5404,0.0
OG5405,-0.6629999999999999
OG5406,-0.895
OG5407,-1.415
OG5408,-5.353
OG5409,0.0
OG541,-0.451
OG5410,-0.381
OG5411,0.39
OG5412,0.011000000000000001
OG5413,0.0
OG5414,-0.012
OG5415,-2.758
OG5416,0.551
OG5417,-0.349
OG5418,1.044
OG5419,0.568
OG542,-0.251
OG5420,-0.106
OG5421,-0.5770000000000001
OG5422,-0.452
OG5423,-0.35200000000000004
OG5424,-0.373
OG5425,-0.507
OG5426,-1.351
OG5427,-0.389
OG5428,-0.001
OG5429,-0.039
OG543,0.39799999999999996
OG5430,0.568
OG5431,-1.766
OG5432,0.56
OG5433,0.0
OG5434,
OG5435,-4.039
OG5436,
OG5437,-0.455
OG5438,2.827
OG5439,-1.351
OG544,-0.306
OG5440,
OG5441,-0.039
OG5442,0.54
OG5443,1.882
OG5444,
OG5445,-4.538
OG5446,0.0
OG5447,-0.674
OG5448,-2.154
OG5449,-0.8759999999999999
OG545,0.214
OG5450,-1.351
OG5451,0.28300000000000003
OG5452,-1.111
OG5453,2.2969999999999997
OG5454,0.07400000000000001
OG5455,0.461
OG5456,
OG5457,
OG5458,
OG5459,
OG546,-1.5330000000000001
OG5460,1.537
OG5461,0.0
OG5462,0.0
OG5463,0.036000000000000004
OG5464,-1.351
OG5465,1.661
OG5466,-0.389
OG5467,0.0
OG5468,-1.0959999999999999
OG5469,0.0
OG547,-0.331
OG5470,0.573
OG5471,-2.7560000000000002
OG5472,-1.335
OG5473,0.011000000000000001
OG5474,
OG5475,0.293
OG5476,-1.3030000000000002
OG5477,0.094
OG5478,-1.351
OG5479,0.0
OG548,-0.033
OG5480,1.5819999999999999
OG5481,0.588
OG5482,0.083
OG5483,-0.385
OG5484,0.66
OG5485,-0.389
OG5486,0.6559999999999999
OG5487,-1.351
OG5488,0.0
OG5489,-0.47
OG549,-0.011000000000000001
OG5490,0.0
OG5491,0.573
OG5492,-0.145
OG5493,0.14800000000000002
OG5494,-1.0390000000000001
OG5495,-0.151
OG5496,
OG5497,-0.536
OG5498,
OG5499,0.551
OG55,
OG550,-0.146
OG5500,-0.408
OG5501,0.0
OG5502,0.0
OG5503,-3.266
OG5504,-1.04
OG5505,-3.841
OG5506,0.308
OG5507,-0.6659999999999999
OG5508,0.721
OG5509,1.511
OG551,0.11
OG5510,
OG5511,
OG5512,0.124
OG5513,-1.351
OG5514,-1.351
OG5515,
OG5516,
OG5517,
OG5518,
OG5519,
OG552,0.359
OG5520,
OG5521,
OG5522,
OG5523,
OG5524,
OG5525,
OG5526,
OG5527,
OG5528,
OG5529,
OG553,0.557
OG5530,
OG5531,
OG5532,
OG5533,
OG5534,
OG5535,
OG5536,
OG5537,
OG5538,
OG5539,
OG554,-0.6579999999999999
OG5540,
OG5541,
OG5542,
OG5543,
OG5544,
OG5545,
OG5546,
OG5547,
OG5548,
OG5549,
OG555,-0.316
OG5550,
OG5551,
OG5552,
OG5553,
OG5554,
OG5555,
OG5556,
OG5557,
OG5558,
OG5559,
OG556,0.255
OG5560,
OG5561,
OG5562,
OG5563,
OG5564,
OG5565,
OG5566,
OG5567,
OG5568,
OG5569,
OG557,-0.196
OG5570,
OG5571,
OG5572,
OG5573,
OG5574,
OG5575,
OG5576,
OG5577,
OG5578,
OG5579,
OG558,0.225
OG5580,
OG5581,
OG5582,
OG5583,
OG5584,
OG5585,
OG5586,
OG5587,
OG5588,
OG5589,
OG559,-0.563
OG5590,
OG5591,
OG5592,
OG5593,
OG5594,
OG5595,
OG5596,
OG5597,
OG5598,
OG5599,
OG56,-1.7730000000000001
OG560,-1.275
OG5600,
OG5601,
OG5602,
OG5603,
OG5604,
OG5605,
OG5606,
OG5607,
OG5608,
OG5609,
OG561,0.06
OG5610,
OG5611,
OG5612,
OG5613,
OG5614,
OG5615,
OG5616,
OG5617,
OG5618,
OG5619,
OG562,0.26899999999999996
OG5620,
OG5621,
OG5622,
OG5623,
OG5624,
OG5625,
OG5626,
OG5627,
OG5628,
OG5629,
OG563,-0.52
OG5630,
OG5631,
OG5632,
OG5633,
OG5634,
OG5635,
OG5636,
OG5637,
OG5638,
OG5639,
OG564,-0.135
OG5640,
OG5641,
OG5642,
OG5643,
OG5644,
OG5645,
OG5646,
OG5647,
OG5648,
OG5649,
OG565,0.11
OG5650,
OG5651,0.0
OG5652,-0.38799999999999996
OG5653,0.122
OG5654,1.3330000000000002
OG5655,0.0
OG5656,0.098
OG5657,
OG5658,
OG5659,0.972
OG566,0.07
OG5660,0.92
OG5661,0.98
OG5662,0.847
OG5663,0.7659999999999999
OG5664,0.8029999999999999
OG5665,0.626
OG5666,0.0
OG5667,
OG5668,0.0
OG5669,0.0
OG567,0.535
OG5670,0.0
OG5671,0.0
OG5672,0.573
OG5673,0.851
OG5674,
OG5675,
OG5676,-0.389
OG5677,
OG5678,0.0
OG5679,
OG568,-0.49
OG5680,
OG5681,
OG5682,
OG5683,
OG5684,
OG5685,
OG5686,0.0
OG5687,-0.34600000000000003
OG5688,
OG5689,
OG569,-0.044000000000000004
OG5690,0.013999999999999999
OG5691,-0.523
OG5692,
OG5693,-2.521
OG5694,-3.2569999999999997
OG5695,
OG5696,
OG5697,
OG5698,
OG5699,
OG57,-0.517
OG570,0.938
OG5700,
OG5701,
OG5702,
OG5703,
OG5704,
OG5705,
OG5706,
OG5707,
OG5708,-2.255
OG5709,1.028
OG571,0.048
OG5710,
OG5711,
OG5712,
OG5713,
OG5714,
OG5715,
OG5716,-1.351
OG5717,
OG5718,
OG5719,
OG572,-0.136
OG5720,
OG5721,
OG5722,
OG5723,
OG5724,
OG5725,0.0
OG5726,-1.351
OG5727,0.0
OG5728,
OG5729,
OG573,0.39799999999999996
OG5730,
OG5731,
OG5732,
OG5733,
OG5734,
OG5735,-1.351
OG5736,0.0
OG5737,-4.785
OG5738,
OG5739,
OG574,0.313
OG5740,-2.539
OG5741,
OG5742,0.573
OG5743,
OG5744,
OG5745,
OG5746,
OG5747,
OG5748,
OG5749,
OG575,0.297
OG5750,
OG5751,
OG5752,
OG5753,
OG5754,
OG5755,0.637
OG5756,
OG5757,
OG5758,
OG5759,
OG576,0.486
OG5760,0.0
OG5761,
OG5762,-3.5380000000000003
OG5763,-3.207
OG5764,
OG5765,-3.424
OG5766,-1.351
OG5767,
OG5768,
OG5769,
OG577,0.018000000000000002
OG5770,0.0
OG5771,-4.185
OG5772,-2.577
OG5773,
OG5774,0.0
OG5775,0.0
OG5776,0.0
OG5777,0.573
OG5778,-0.389
OG5779,-0.68
OG578,0.214
OG5780,-1.2229999999999999
OG5781,-0.027000000000000003
OG5782,
OG5783,
OG5784,
OG5785,
OG5786,
OG5787,
OG5788,0.573
OG5789,
OG579,-0.6729999999999999
OG5790,0.182
OG5791,
OG5792,-2.342
OG5793,-2.762
OG5794,0.0
OG5795,
OG5796,
OG5797,-0.389
OG5798,-1.413
OG5799,
OG58,-0.151
OG580,0.20800000000000002
OG5800,0.573
OG5801,-2.262
OG5802,-1.995
OG5803,-3.5069999999999997
OG5804,-3.533
OG5805,-1.176
OG5806,
OG5807,
OG5808,
OG5809,
OG581,0.289
OG5810,-4.381
OG5811,-2.699
OG5812,-2.397
OG5813,
OG5814,-2.755
OG5815,-0.384
OG5816,-0.23600000000000002
OG5817,0.0
OG5818,-1.3319999999999999
OG5819,-1.8840000000000001
OG582,-0.414
OG5820,-1.376
OG5821,-2.573
OG5822,-2.3890000000000002
OG5823,-2.563
OG5824,-2.716
OG5825,-1.891
OG5826,-2.417
OG5827,-2.128
OG5828,
OG5829,-1.946
OG583,0.40399999999999997
OG5830,-2.059
OG5831,-2.271
OG5832,-1.7990000000000002
OG5833,
OG5834,
OG5835,
OG5836,-1.167
OG5837,-2.1590000000000003
OG5838,-2.251
OG5839,-2.801
OG584,-0.047
OG5840,-2.8280000000000003
OG5841,-2.29
OG5842,-2.609
OG5843,-3.128
OG5844,-2.499
OG5845,-2.855
OG5846,
OG5847,1.3719999999999999
OG5848,-2.3609999999999998
OG5849,-1.528
OG585,-0.539
OG5850,-1.964
OG5851,
OG5852,
OG5853,-1.351
OG5854,
OG5855,1.381
OG5856,-0.389
OG5857,-2.261
OG5858,
OG5859,0.573
OG586,-1.177
OG5860,0.0
OG5861,0.0
OG5862,1.115
OG5863,-0.5760000000000001
OG5864,0.146
OG5865,
OG5866,0.573
OG5867,
OG5868,-3.4760000000000004
OG5869,0.573
OG587,-0.655
OG5870,
OG5871,
OG5872,0.573
OG5873,0.0
OG5874,0.14
OG5875,1.4769999999999999
OG5876,0.0
OG5877,-0.5329999999999999
OG5878,0.573
OG5879,
OG588,0.086
OG5880,-1.995
OG5881,-0.036000000000000004
OG5882,0.223
OG5883,
OG5884,0.012
OG5885,0.40299999999999997
OG5886,
OG5887,
OG5888,0.0
OG5889,
OG589,0.212
OG5890,-1.351
OG5891,0.0
OG5892,
OG5893,0.0
OG5894,
OG5895,
OG5896,
OG5897,-1.351
OG5898,0.821
OG5899,0.0
OG59,0.353
OG590,0.789
OG5900,0.0
OG5901,0.0
OG5902,0.0
OG5903,1.5630000000000002
OG5904,
OG5905,0.0
OG5906,
OG5907,
OG5908,0.0
OG5909,-1.351
OG591,1.094
OG5910,0.0
OG5911,-1.351
OG5912,1.482
OG5913,
OG5914,
OG5915,
OG5916,
OG5917,
OG5918,
OG5919,
OG592,0.527
OG5920,
OG5921,
OG5922,-1.351
OG5923,0.0
OG5924,
OG5925,
OG5926,
OG5927,
OG5928,
OG5929,
OG593,0.804
OG5930,
OG5931,
OG5932,0.573
OG5933,-1.351
OG5934,-2.396
OG5935,
OG5936,
OG5937,-1.351
OG5938,-2.602
OG5939,
OG594,0.307
OG5940,
OG5941,
OG5942,
OG5943,-0.713
OG5944,
OG5945,
OG5946,
OG5947,
OG5948,
OG5949,
OG595,0.642
OG5950,-1.395
OG5951,0.0
OG5952,
OG5953,0.573
OG5954,-0.629
OG5955,-1.546
OG5956,-0.636
OG5957,
OG5958,
OG5959,
OG596,-0.187
OG5960,1.219
OG5961,
OG5962,
OG5963,
OG5964,
OG5965,
OG5966,
OG5967,0.41100000000000003
OG5968,-0.44299999999999995
OG5969,
OG597,0.32799999999999996
OG5970,-1.8730000000000002
OG5971,
OG5972,-1.801
OG5973,0.0
OG5974,
OG5975,
OG5976,
OG5977,
OG5978,
OG5979,
OG598,-0.228
OG5980,
OG5981,
OG5982,
OG5983,
OG5984,0.0
OG5985,
OG5986,
OG5987,
OG5988,
OG5989,
OG599,1.133
OG5990,
OG5991,-1.351
OG5992,0.564
OG5993,-0.389
OG5994,0.956
OG5995,0.0
OG5996,
OG5997,0.573
OG5998,
OG5999,-1.351
OG6,-1.402
OG60,-1.074
OG600,-0.11199999999999999
OG6000,-0.389
OG6001,
OG6002,
OG6003,-1.351
OG6004,0.0
OG6005,
OG6006,-2.847
OG6007,
OG6008,
OG6009,0.573
OG601,0.44299999999999995
OG6010,
OG6011,
OG6012,
OG6013,-2.269
OG6014,
OG6015,0.0
OG6016,0.0
OG6017,-0.74
OG6018,0.0
OG6019,-1.76
OG602,0.16
OG6020,2.75
OG6021,0.23800000000000002
OG6022,0.0
OG6023,
OG6024,0.0
OG6025,
OG6026,1.347
OG6027,-1.954
OG6028,
OG6029,
OG603,0.034
OG6030,0.0
OG6031,
OG6032,0.0
OG6033,
OG6034,-3.717
OG6035,0.573
OG6036,-2.7319999999999998
OG6037,0.0
OG6038,0.573
OG6039,
OG604,0.636
OG6040,
OG6041,
OG6042,
OG6043,
OG6044,
OG6045,
OG6046,
OG6047,
OG6048,0.0
OG6049,
OG605,0.406
OG6050,
OG6051,
OG6052,
OG6053,
OG6054,
OG6055,
OG6056,
OG6057,
OG6058,-2.839
OG6059,0.0
OG606,1.002
OG6060,
OG6061,0.0
OG6062,0.0
OG6063,
OG6064,
OG6065,2.303
OG6066,
OG6067,
OG6068,
OG6069,
OG607,0.9009999999999999
OG6070,
OG6071,-0.071
OG6072,
OG6073,
OG6074,
OG6075,-0.861
OG6076,0.196
OG6077,-1.351
OG6078,-2.846
OG6079,0.573
OG608,-0.34
OG6080,
OG6081,-1.6019999999999999
OG6082,-0.49200000000000005
OG6083,0.522
OG6084,-1.351
OG6085,
OG6086,
OG6087,0.0
OG6088,
OG6089,
OG609,-0.43
OG6090,0.0
OG6091,-1.351
OG6092,-0.223
OG6093,-1.288
OG6094,0.0
OG6095,
OG6096,0.0
OG6097,-2.251
OG6098,-2.8160000000000003
OG6099,-1.351
OG61,-1.8869999999999998
OG610,-0.268
OG6100,
OG6101,-3.855
OG6102,
OG6103,
OG6104,0.0
OG6105,-1.351
OG6106,
OG6107,
OG6108,0.0
OG6109,-0.38
OG611,-0.247
OG6110,
OG6111,
OG6112,
OG6113,-3.25
OG6114,
OG6115,
OG6116,
OG6117,
OG6118,
OG6119,
OG612,-0.306
OG6120,
OG6121,
OG6122,
OG6123,
OG6124,
OG6125,-1.351
OG6126,0.0
OG6127,
OG6128,-4.8180000000000005
OG6129,-1.9469999999999998
OG613,0.247
OG6130,0.0
OG6131,0.736
OG6132,
OG6133,-0.7959999999999999
OG6134,-1.81
OG6135,0.0
OG6136,-1.137
OG6137,1.0859999999999999
OG6138,-1.351
OG6139,0.0
OG614,-0.325
OG6140,1.393
OG6141,
OG6142,
OG6143,
OG6144,0.402
OG6145,-1.351
OG6146,1.8
OG6147,-1.351
OG6148,
OG6149,
OG615,0.044000000000000004
OG6150,-1.351
OG6151,0.0
OG6152,
OG6153,
OG6154,
OG6155,-1.198
OG6156,
OG6157,-4.417
OG6158,-2.833
OG6159,-1.567
OG616,0.314
OG6160,
OG6161,
OG6162,0.0
OG6163,-0.389
OG6164,-0.113
OG6165,0.573
OG6166,-2.002
OG6167,0.0
OG6168,0.0
OG6169,1.5530000000000002
OG617,0.37200000000000005
OG6170,
OG6171,
OG6172,-1.351
OG6173,
OG6174,
OG6175,
OG6176,
OG6177,
OG6178,0.573
OG6179,1.084
OG618,0.18100000000000002
OG6180,
OG6181,0.0
OG6182,0.573
OG6183,
OG6184,1.379
OG6185,
OG6186,
OG6187,
OG6188,
OG6189,
OG619,0.14300000000000002
OG6190,
OG6191,
OG6192,
OG6193,
OG6194,1.827
OG6195,
OG6196,0.657
OG6197,
OG6198,0.866
OG6199,-1.351
OG62,-1.052
OG620,0.085
OG6200,
OG6201,
OG6202,-2.7489999999999997
OG6203,
OG6204,-1.351
OG6205,0.0
OG6206,
OG6207,
OG6208,-1.351
OG6209,0.573
OG621,0.193
OG6210,
OG6211,
OG6212,-0.389
OG6213,
OG6214,-1.351
OG6215,-1.335
OG6216,-3.9539999999999997
OG6217,-4.728
OG6218,-4.582
OG6219,-4.021
OG622,-0.04
OG6220,-8.075
OG6221,-5.989
OG6222,-6.582999999999999
OG6223,-5.365
OG6224,-13.169
OG6225,-2.133
OG6226,-3.892
OG6227,-4.565
OG6228,-4.248
OG6229,-3.2710000000000004
OG623,-0.175
OG6230,0.0
OG6231,0.0
OG6232,-6.425
OG6233,-12.433
OG6234,-12.572000000000001
OG6235,-10.27
OG6236,-13.187000000000001
OG6237,-2.93
OG6238,-2.755
OG6239,-2.364
OG624,0.094
OG6240,-4.511
OG6241,-2.7880000000000003
OG6242,-4.702
OG6243,-5.341
OG6244,
OG6245,0.0
OG6246,-6.468999999999999
OG6247,-1.351
OG6248,-1.351
OG6249,-5.8
OG625,-0.221
OG6250,-2.17
OG6251,-4.442
OG6252,-3.2030000000000003
OG6253,-4.356
OG6254,-4.758
OG6255,-4.599
OG6256,-6.011
OG6257,-3.263
OG6258,-2.122
OG6259,0.0
OG626,0.091
OG6260,-4.698
OG6261,-10.124
OG6262,-4.611000000000001
OG6263,-4.609
OG6264,-5.153
OG6265,-2.27
OG6266,-2.64
OG6267,-3.258
OG6268,0.0
OG6269,-1.351
OG627,-0.475
OG6270,-4.2010000000000005
OG6271,-9.5
OG6272,-6.5329999999999995
OG6273,-4.081
OG6274,-7.232
OG6275,
OG6276,-3.51
OG6277,-4.037
OG6278,-5.465
OG6279,-4.271
OG628,-0.075
OG6280,-4.407
OG6281,-3.27
OG6282,0.0
OG6283,-1.351
OG6284,-11.908
OG6285,-5.611000000000001
OG6286,-3.8739999999999997
OG6287,-3.719
OG6288,0.0
OG6289,-7.0760000000000005
OG629,0.044000000000000004
OG6290,-4.9719999999999995
OG6291,-5.577000000000001
OG6292,-10.174
OG6293,-9.908
OG6294,-12.224
OG6295,-12.520999999999999
OG6296,-11.615
OG6297,-11.569
OG6298,-13.194
OG6299,-3.679
OG63,0.573
OG630,0.012
OG6300,-7.013
OG6301,-4.609
OG6302,-8.451
OG6303,-6.254
OG6304,-7.665
OG6305,-4.894
OG6306,-5.109
OG6307,-3.715
OG6308,-5.704
OG6309,-7.574
OG631,0.33
OG6310,-11.692
OG6311,-11.459000000000001
OG6312,-12.253
OG6313,-1.351
OG6314,0.0
OG6315,-6.989
OG6316,-8.707
OG6317,-5.047
OG6318,-4.763
OG6319,-5.537000000000001
OG632,-0.21100000000000002
OG6320,-5.364
OG6321,-3.825
OG6322,-9.419
OG6323,-6.2139999999999995
OG6324,-10.275
OG6325,-9.031
OG6326,-11.056
OG6327,-7.872999999999999
OG6328,-3.1310000000000002
OG6329,-3.5989999999999998
OG633,0.508
OG6330,-12.088
OG6331,-4.792
OG6332,-5.559
OG6333,-1.351
OG6334,-2.394
OG6335,-12.681
OG6336,-6.657
OG6337,-6.03
OG6338,-2.787
OG6339,-6.492999999999999
OG634,0.544
OG6340,-9.887
OG6341,-10.276
OG6342,-9.421
OG6343,-1.351
OG6344,-5.524
OG6345,-5.985
OG6346,-8.474
OG6347,-5.234
OG6348,
OG6349,
OG635,0.159
OG6350,
OG6351,
OG6352,
OG6353,
OG6354,
OG6355,
OG6356,
OG6357,
OG6358,0.42100000000000004
OG6359,0.23399999999999999
OG636,0.222
OG6360,0.586
OG6361,0.7190000000000001
OG6362,0.68
OG6363,0.37200000000000005
OG6364,0.521
OG6365,-0.254
OG6366,0.648
OG6367,0.518
OG6368,-0.096
OG6369,0.22
OG637,0.371
OG6370,0.23600000000000002
OG6371,0.08
OG6372,0.251
OG6373,0.647
OG6374,
OG6375,
OG6376,
OG6377,
OG6378,
OG6379,-2.847
OG638,0.09300000000000001
OG6380,0.61
OG6381,
OG6382,
OG6383,
OG6384,
OG6385,
OG6386,
OG6387,
OG6388,
OG6389,
OG639,0.262
OG6390,
OG6391,
OG6392,
OG6393,
OG6394,
OG6395,
OG6396,
OG6397,
OG6398,
OG6399,0.0
OG64,0.073
OG640,0.107
OG6400,-1.016
OG6401,
OG6402,
OG6403,
OG6404,-0.076
OG6405,
OG6406,
OG6407,
OG6408,-1.3
OG6409,
OG641,-0.021
OG6410,
OG6411,
OG6412,
OG6413,-1.114
OG6414,0.044000000000000004
OG6415,
OG6416,
OG6417,0.0
OG6418,
OG6419,
OG642,0.41
OG6420,-1.351
OG6421,0.0
OG6422,
OG6423,
OG6424,0.0
OG6425,0.168
OG6426,
OG6427,
OG6428,
OG6429,0.0
OG643,-0.024
OG6430,0.573
OG6431,0.0
OG6432,-1.301
OG6433,-1.306
OG6434,0.493
OG6435,-0.389
OG6436,0.975
OG6437,-0.9470000000000001
OG6438,
OG6439,
OG644,0.6970000000000001
OG6440,-0.289
OG6441,-0.7909999999999999
OG6442,0.0
OG6443,-0.294
OG6444,
OG6445,0.396
OG6446,-2.363
OG6447,-2.31
OG6448,-1.521
OG6449,-1.351
OG645,-0.324
OG6450,
OG6451,
OG6452,
OG6453,
OG6454,-1.064
OG6455,0.606
OG6456,0.746
OG6457,0.08800000000000001
OG6458,0.662
OG6459,-0.389
OG646,0.354
OG6460,0.611
OG6461,1.048
OG6462,0.6579999999999999
OG6463,0.49200000000000005
OG6464,0.557
OG6465,2.338
OG6466,-0.11900000000000001
OG6467,-0.53
OG6468,2.832
OG6469,
OG647,0.332
OG6470,0.0
OG6471,1.27
OG6472,-0.462
OG6473,-0.9259999999999999
OG6474,-1.5819999999999999
OG6475,0.888
OG6476,1.48
OG6477,0.7909999999999999
OG6478,0.633
OG6479,0.66
OG648,-0.067
OG6480,0.233
OG6481,-0.415
OG6482,0.6729999999999999
OG6483,0.18899999999999997
OG6484,-3.2
OG6485,0.873
OG6486,0.621
OG6487,
OG6488,-1.351
OG6489,1.077
OG649,-1.3019999999999998
OG6490,0.624
OG6491,0.882
OG6492,0.9840000000000001
OG6493,0.36
OG6494,0.0
OG6495,-0.389
OG6496,-3.2710000000000004
OG6497,
OG6498,0.573
OG6499,0.835
OG65,0.573
OG650,1.1520000000000001
OG6500,1.028
OG6501,0.358
OG6502,0.737
OG6503,0.042
OG6504,-1.033
OG6505,0.48100000000000004
OG6506,0.2
OG6507,0.185
OG6508,0.257
OG6509,0.675
OG651,0.13699999999999998
OG6510,0.087
OG6511,
OG6512,0.6409999999999999
OG6513,1.916
OG6514,0.731
OG6515,0.573
OG6516,0.643
OG6517,1.143
OG6518,0.675
OG6519,0.604
OG652,0.083
OG6520,
OG6521,-1.351
OG6522,0.7490000000000001
OG6523,0.581
OG6524,0.478
OG6525,1.055
OG6526,1.011
OG6527,0.18100000000000002
OG6528,0.45
OG6529,0.647
OG653,-0.17300000000000001
OG6530,0.695
OG6531,-0.518
OG6532,-1.699
OG6533,1.321
OG6534,0.621
OG6535,0.652
OG6536,0.5379999999999999
OG6537,
OG6538,0.0
OG6539,0.0
OG654,-0.314
OG6540,
OG6541,
OG6542,0.0
OG6543,0.0
OG6544,0.584
OG6545,-1.331
OG6546,-0.055999999999999994
OG6547,0.573
OG6548,0.0
OG6549,
OG655,-0.14400000000000002
OG6550,0.573
OG6551,-1.351
OG6552,
OG6553,
OG6554,0.0
OG6555,-1.465
OG6556,
OG6557,
OG6558,0.0
OG6559,2.135
OG656,0.317
OG6560,-0.348
OG6561,0.0
OG6562,0.0
OG6563,-1.351
OG6564,-1.351
OG6565,
OG6566,
OG6567,-2.843
OG6568,
OG6569,
OG657,0.29600000000000004
OG6570,-2.2680000000000002
OG6571,0.727
OG6572,0.431
OG6573,0.0
OG6574,0.0
OG6575,
OG6576,
OG6577,-1.351
OG6578,
OG6579,-0.56
OG658,-0.866
OG6580,
OG6581,
OG6582,
OG6583,
OG6584,
OG6585,-1.351
OG6586,
OG6587,
OG6588,
OG6589,
OG659,-1.604
OG6590,
OG6591,
OG6592,-1.351
OG6593,
OG6594,-1.382
OG6595,-1.7890000000000001
OG6596,
OG6597,0.0
OG6598,
OG6599,1.531
OG66,0.386
OG660,-0.022000000000000002
OG6600,-2.1590000000000003
OG6601,0.0
OG6602,-0.583
OG6603,-1.351
OG6604,
OG6605,-1.589
OG6606,
OG6607,
OG6608,1.239
OG6609,
OG661,0.289
OG6610,
OG6611,
OG6612,
OG6613,
OG6614,-1.351
OG6615,
OG6616,
OG6617,0.151
OG6618,
OG6619,0.0
OG662,-0.62
OG6620,-1.351
OG6621,0.0
OG6622,0.0
OG6623,0.0
OG6624,-0.389
OG6625,
OG6626,
OG6627,-3.3569999999999998
OG6628,-0.6629999999999999
OG6629,-0.8909999999999999
OG663,0.17300000000000001
OG6630,-3.659
OG6631,1.409
OG6632,-3.1260000000000003
OG6633,-3.7489999999999997
OG6634,
OG6635,0.0
OG6636,-0.389
OG6637,-2.175
OG6638,-1.655
OG6639,
OG664,-0.268
OG6640,
OG6641,
OG6642,
OG6643,
OG6644,
OG6645,
OG6646,
OG6647,
OG6648,
OG6649,
OG665,0.11599999999999999
OG6650,
OG6651,
OG6652,
OG6653,
OG6654,
OG6655,
OG6656,
OG6657,
OG6658,
OG6659,
OG666,-2.781
OG6660,
OG6661,
OG6662,
OG6663,
OG6664,
OG6665,
OG6666,
OG6667,
OG6668,
OG6669,
OG667,-0.07200000000000001
OG6670,
OG6671,
OG6672,
OG6673,
OG6674,
OG6675,
OG6676,
OG6677,
OG6678,
OG6679,
OG668,-1.29
OG6680,
OG6681,
OG6682,
OG6683,
OG6684,
OG6685,
OG6686,
OG6687,
OG6688,
OG6689,
OG669,-0.154
OG6690,
OG6691,
OG6692,
OG6693,
OG6694,
OG6695,
OG6696,
OG6697,
OG6698,
OG6699,
OG67,0.078
OG670,-0.285
OG6700,
OG6701,
OG6702,
OG6703,
OG6704,
OG6705,
OG6706,
OG6707,
OG6708,
OG6709,
OG671,0.35200000000000004
OG6710,
OG6711,
OG6712,
OG6713,
OG6714,
OG6715,
OG6716,
OG6717,
OG6718,
OG6719,
OG672,-0.19
OG6720,
OG6721,
OG6722,
OG6723,
OG6724,
OG6725,
OG6726,
OG6727,
OG6728,
OG6729,
OG673,-0.701
OG6730,
OG6731,
OG6732,
OG6733,
OG6734,
OG6735,
OG6736,
OG6737,
OG6738,
OG6739,
OG674,-0.278
OG6740,
OG6741,
OG6742,
OG6743,
OG6744,
OG6745,
OG6746,
OG6747,
OG6748,
OG6749,
OG675,0.45799999999999996
OG6750,
OG6751,
OG6752,
OG6753,
OG6754,
OG6755,
OG6756,
OG6757,
OG6758,
OG6759,
OG676,0.321
OG6760,
OG6761,
OG6762,
OG6763,
OG6764,
OG6765,
OG6766,
OG6767,
OG6768,
OG6769,
OG677,0.419
OG6770,
OG6771,
OG6772,
OG6773,
OG6774,
OG6775,
OG6776,-0.56
OG6777,
OG6778,
OG6779,0.0
OG678,0.257
OG6780,1.061
OG6781,-1.351
OG6782,0.0
OG6783,-2.258
OG6784,0.573
OG6785,0.42100000000000004
OG6786,-1.351
OG6787,-2.394
OG6788,-1.724
OG6789,-2.8710000000000004
OG679,0.547
OG6790,0.0
OG6791,
OG6792,-1.02
OG6793,-2.884
OG6794,
OG6795,
OG6796,-0.6459999999999999
OG6797,-0.915
OG6798,0.0
OG6799,-1.196
OG68,-2.846
OG680,-0.6609999999999999
OG6800,
OG6801,0.0
OG6802,
OG6803,0.0
OG6804,0.0
OG6805,
OG6806,
OG6807,
OG6808,0.0
OG6809,
OG681,-0.146
OG6810,
OG6811,
OG6812,-1.351
OG6813,
OG6814,
OG6815,
OG6816,-0.258
OG6817,2.048
OG6818,-1.351
OG6819,-1.351
OG682,0.308
OG6820,0.0
OG6821,-0.389
OG6822,1.507
OG6823,0.0
OG6824,-0.389
OG6825,0.0
OG6826,-0.389
OG6827,-2.511
OG6828,-1.351
OG6829,0.48
OG683,-0.085
OG6830,2.903
OG6831,0.573
OG6832,0.573
OG6833,-2.4
OG6834,0.0
OG6835,0.708
OG6836,0.0
OG6837,-0.53
OG6838,0.0
OG6839,
OG684,-0.059000000000000004
OG6840,-1.351
OG6841,0.0
OG6842,0.0
OG6843,0.387
OG6844,0.573
OG6845,-0.066
OG6846,0.0
OG6847,
OG6848,-1.351
OG6849,0.0
OG685,0.192
OG6850,2.349
OG6851,
OG6852,
OG6853,
OG6854,-1.351
OG6855,-1.351
OG6856,0.45299999999999996
OG6857,-2.842
OG6858,-0.9440000000000001
OG6859,1.3219999999999998
OG686,0.545
OG6860,-1.933
OG6861,0.0
OG6862,1.3719999999999999
OG6863,0.573
OG6864,-1.351
OG6865,0.0
OG6866,-1.351
OG6867,0.198
OG6868,-1.165
OG6869,0.0
OG687,0.036000000000000004
OG6870,0.0
OG6871,-1.188
OG6872,0.573
OG6873,-1.351
OG6874,-1.351
OG6875,-1.814
OG6876,0.64
OG6877,-0.389
OG6878,
OG6879,1.371
OG688,-0.349
OG6880,-2.309
OG6881,0.0
OG6882,
OG6883,
OG6884,
OG6885,
OG6886,
OG6887,
OG6888,
OG6889,
OG689,-0.52
OG6890,0.0
OG6891,-3.077
OG6892,
OG6893,-2.181
OG6894,0.573
OG6895,0.0
OG6896,
OG6897,0.0
OG6898,
OG6899,
OG69,0.309
OG690,-0.536
OG6900,
OG6901,
OG6902,
OG6903,
OG6904,
OG6905,
OG6906,
OG6907,-3.457
OG6908,-5.04
OG6909,
OG691,0.04
OG6910,
OG6911,
OG6912,
OG6913,1.3219999999999998
OG6914,
OG6915,-0.081
OG6916,-1.8730000000000002
OG6917,
OG6918,
OG6919,
OG692,-0.18899999999999997
OG6920,
OG6921,
OG6922,
OG6923,
OG6924,-1.351
OG6925,1.26
OG6926,1.851
OG6927,-2.125
OG6928,2.046
OG6929,-1.351
OG693,0.45299999999999996
OG6930,
OG6931,
OG6932,
OG6933,
OG6934,-1.351
OG6935,-2.11
OG6936,-0.922
OG6937,
OG6938,-2.26
OG6939,0.0
OG694,-0.052000000000000005
OG6940,
OG6941,
OG6942,0.39399999999999996
OG6943,-0.389
OG6944,0.573
OG6945,
OG6946,-1.351
OG6947,-2.888
OG6948,
OG6949,
OG695,0.026000000000000002
OG6950,0.0
OG6951,
OG6952,0.0
OG6953,
OG6954,-1.555
OG6955,0.0
OG6956,0.0
OG6957,-1.2990000000000002
OG6958,-1.351
OG6959,0.0
OG696,-0.129
OG6960,
OG6961,0.0
OG6962,-1.351
OG6963,-2.191
OG6964,0.214
OG6965,0.569
OG6966,-1.351
OG6967,0.0
OG697,0.182
OG698,-0.295
OG699,-0.02
OG7,-0.028999999999999998
OG70,-0.24
OG700,0.033
OG701,-0.55
OG702,0.062
OG703,0.21
OG704,-0.13699999999999998
OG705,-0.634
OG706,0.040999999999999995
OG707,0.182
OG708,0.24600000000000002
OG709,0.162
OG71,0.231
OG710,-0.25
OG711,-0.611
OG712,-0.534
OG713,0.18600000000000003
OG714,-0.586
OG715,-1.089
OG716,0.05
OG717,0.525
OG718,0.317
OG719,0.233
OG72,0.0
OG720,0.406
OG721,0.129
OG722,-0.304
OG723,0.594
OG724,0.182
OG725,-0.708
OG726,-0.106
OG727,-1.858
OG728,0.402
OG729,0.599
OG73,0.09
OG730,0.359
OG731,0.004
OG732,-1.0
OG733,0.177
OG734,-0.612
OG735,0.5
OG736,0.047
OG737,0.316
OG738,-1.149
OG739,0.025
OG74,-4.863
OG740,-0.223
OG741,0.716
OG742,-2.997
OG743,0.675
OG744,0.316
OG745,0.261
OG746,0.09
OG747,0.10099999999999999
OG748,-2.94
OG749,-0.17600000000000002
OG75,-2.339
OG750,0.245
OG751,0.20199999999999999
OG752,-0.038
OG753,0.45
OG754,0.772
OG755,0.57
OG756,-2.041
OG757,0.377
OG758,-0.177
OG759,-2.451
OG76,-1.3769999999999998
OG760,-0.28300000000000003
OG761,0.23199999999999998
OG762,0.18100000000000002
OG763,0.198
OG764,0.195
OG765,0.048
OG766,0.027999999999999997
OG767,0.43700000000000006
OG768,-2.283
OG769,0.106
OG77,-4.85
OG770,0.259
OG771,0.08
OG772,0.27699999999999997
OG773,0.013999999999999999
OG774,0.47
OG775,0.122
OG776,-0.28600000000000003
OG777,0.607
OG778,-0.049
OG779,-0.413
OG78,1.128
OG780,0.6970000000000001
OG781,-3.47
OG782,0.099
OG783,0.1
OG784,0.226
OG785,-0.095
OG786,-0.9279999999999999
OG787,-0.396
OG788,0.175
OG789,0.413
OG79,-1.4780000000000002
OG790,-0.826
OG791,-0.589
OG792,0.298
OG793,0.018000000000000002
OG794,-0.552
OG795,1.851
OG796,0.22699999999999998
OG797,-1.367
OG798,-0.03
OG799,-0.168
OG8,-3.9530000000000003
OG80,0.613
OG800,0.084
OG801,0.07200000000000001
OG802,0.10300000000000001
OG803,-0.8759999999999999
OG804,0.071
OG805,-0.20600000000000002
OG806,0.205
OG807,0.152
OG808,-0.013999999999999999
OG809,-0.27
OG81,0.6
OG810,-0.44799999999999995
OG811,-2.425
OG812,0.562
OG813,0.105
OG814,0.621
OG815,0.021
OG816,0.446
OG817,-1.382
OG818,-2.6010000000000004
OG819,-0.214
OG82,-2.002
OG820,0.506
OG821,-0.262
OG822,0.532
OG823,0.337
OG824,-3.4610000000000003
OG825,0.268
OG826,0.233
OG827,0.245
OG828,-0.311
OG829,-0.941
OG83,0.28800000000000003
OG830,0.17
OG831,0.23600000000000002
OG832,1.1520000000000001
OG833,2.01
OG834,-0.284
OG835,0.321
OG836,0.44799999999999995
OG837,0.618
OG838,-2.97
OG839,0.0
OG84,0.684
OG840,0.196
OG841,-0.083
OG842,0.2
OG843,0.39799999999999996
OG844,-0.278
OG845,0.382
OG846,0.35200000000000004
OG847,-0.75
OG848,-0.545
OG849,
OG85,-0.521
OG850,0.49200000000000005
OG851,0.381
OG852,-0.11199999999999999
OG853,
OG854,0.519
OG855,-1.351
OG856,0.258
OG857,-0.868
OG858,1.095
OG859,0.5429999999999999
OG86,-4.655
OG860,-0.705
OG861,-4.0969999999999995
OG862,-0.087
OG863,0.34700000000000003
OG864,-0.196
OG865,-0.159
OG866,0.9520000000000001
OG867,0.46
OG868,-1.25
OG869,-0.389
OG87,-0.613
OG870,-1.045
OG871,-1.014
OG872,0.071
OG873,0.155
OG874,0.171
OG875,0.059000000000000004
OG876,0.13699999999999998
OG877,-0.65
OG878,-0.772
OG879,0.38799999999999996
OG88,-1.357
OG880,0.11900000000000001
OG881,0.28300000000000003
OG882,-0.6409999999999999
OG883,0.35100000000000003
OG884,-0.43799999999999994
OG885,0.013000000000000001
OG886,0.023
OG887,0.38799999999999996
OG888,-0.354
OG889,-0.009000000000000001
OG89,-2.927
OG890,0.861
OG891,-0.021
OG892,0.126
OG893,0.745
OG894,-2.221
OG895,0.557
OG896,0.6890000000000001
OG897,-1.071
OG898,-0.28300000000000003
OG899,0.248
OG9,-2.614
OG90,-2.427
OG900,-5.192
OG901,0.495
OG902,0.606
OG903,0.221
OG904,-1.351
OG905,0.153
OG906,0.594
OG907,-0.698
OG908,-0.40700000000000003
OG909,-0.7340000000000001
OG91,-0.322
OG910,0.121
OG911,0.294
OG912,0.349
OG913,-2.224
OG914,-0.7490000000000001
OG915,-0.406
OG916,0.5479999999999999
OG917,0.067
OG918,-0.064
OG919,0.13
OG92,-3.19
OG920,0.41600000000000004
OG921,-3.635
OG922,0.11699999999999999
OG923,-0.335
OG924,-0.6609999999999999
OG925,-2.079
OG926,-0.083
OG927,-0.063
OG928,0.7509999999999999
OG929,-2.9560000000000004
OG93,-0.456
OG930,0.33899999999999997
OG931,-0.324
OG932,0.9690000000000001
OG933,-0.23399999999999999
OG934,0.902
OG935,0.6759999999999999
OG936,-2.926
OG937,-2.6510000000000002
OG938,-1.094
OG939,-0.758
OG94,0.526
OG940,1.716
OG941,0.376
OG942,-0.599
OG943,-0.344
OG944,-0.114
OG945,0.09699999999999999
OG946,-1.063
OG947,-1.7719999999999998
OG948,0.18100000000000002
OG949,0.188
OG95,-4.253
OG950,0.264
OG951,0.402
OG952,-0.649
OG953,0.0
OG954,-0.115
OG955,-0.451
OG956,0.09699999999999999
OG957,-0.294
OG958,-1.8619999999999999
OG959,-1.6269999999999998
OG96,-0.8270000000000001
OG960,-0.34
OG961,-3.824
OG962,-1.46
OG963,0.121
OG964,-0.039
OG965,0.13
OG966,0.004
OG967,-1.351
OG968,0.9209999999999999
OG969,-0.862
OG97,-0.036000000000000004
OG970,-0.131
OG971,0.586
OG972,0.071
OG973,-0.767
OG974,0.736
OG975,-0.389
OG976,0.0
OG977,0.519
OG978,0.7440000000000001
OG979,
OG98,-0.613
OG980,-0.113
OG981,0.499
OG982,-1.936
OG983,0.625
OG984,-0.138
OG985,0.0
OG986,-0.564
OG987,0.384
OG988,-3.2680000000000002
OG989,0.345
OG99,0.946
OG990,-0.46799999999999997
OG991,-0.24600000000000002
OG992,0.903
OG993,0.373
OG994,-0.045
OG995,-1.198
OG996,-0.773
OG997,-0.981
OG998,0.20600000000000002
OG999,0.419
